"Url","Code","Final","Found"
"https://facebook.com/Radaelli_Swimwear","200","https://www.facebook.com/Radaelli_Swimwear","home,policy-refund,policy-shipping,policy-terms,policy-privacy,policy-contact,policy-legal-notice,page-contact,page-garantia,page-privacidad,page-terminos,page-envios,page-cookies,product-entero-golden-hour"
"https://instagram.com/Radaelli_swimwear","200","https://www.instagram.com/Radaelli_swimwear","home,policy-refund,policy-shipping,policy-terms,policy-privacy,policy-contact,policy-legal-notice,page-contact,page-garantia,page-privacidad,page-terminos,page-envios,page-cookies,product-entero-golden-hour"
"https://privacy.shopify.com/en","200","https://privacy.shopify.com/en","policy-privacy,page-privacidad,page-cookies"
"https://radaelliswimwear.com/","200","https://radaelliswimwear.com/","home,policy-refund,policy-shipping,policy-terms,policy-privacy,policy-contact,policy-legal-notice,page-contact,page-garantia,page-privacidad,page-terminos,page-envios,page-cookies,product-entero-golden-hour"
"https://radaelliswimwear.com/account","406","https://shopify.com/102428803371/account?locale=es&buyer_flags=eyJhbGciOiJIUzI1NiJ9.eyJpc3MiOiJ3Z2N2cGQtaWIubXlzaG9waWZ5LmNvbSIsImZsYWdzIjpbXSwiZXhwIjoxNzkxNTc0MzQ0LCJuYmYiOjE3OTA5Njk1NDR9.XcbdXPdDNwPTeCb4BNaDyczBPCoQrvIF4sKBd2p692w","home,policy-refund,policy-shipping,policy-terms,policy-privacy,policy-contact,policy-legal-notice,page-contact,page-garantia,page-privacidad,page-terminos,page-envios,page-cookies,product-entero-golden-hour"
"https://radaelliswimwear.com/cart","200","https://radaelliswimwear.com/cart","home,policy-refund,policy-shipping,policy-terms,policy-privacy,policy-contact,policy-legal-notice,page-contact,page-garantia,page-privacidad,page-terminos,page-envios,page-cookies,product-entero-golden-hour"
"https://radaelliswimwear.com/collections/aurora-viva","200","https://radaelliswimwear.com/collections/aurora-viva","home,policy-refund,policy-shipping,policy-terms,policy-privacy,policy-contact,policy-legal-notice,page-contact,page-garantia,page-privacidad,page-terminos,page-envios,page-cookies,product-entero-golden-hour"
"https://radaelliswimwear.com/collections/espuma-de-ola","200","https://radaelliswimwear.com/collections/espuma-de-ola","home,policy-refund,policy-shipping,policy-terms,policy-privacy,policy-contact,policy-legal-notice,page-contact,page-garantia,page-privacidad,page-terminos,page-envios,page-cookies,product-entero-golden-hour"
"https://radaelliswimwear.com/collections/oasis-natural","200","https://radaelliswimwear.com/collections/oasis-natural","home,policy-refund,policy-shipping,policy-terms,policy-privacy,policy-contact,policy-legal-notice,page-contact,page-garantia,page-privacidad,page-terminos,page-envios,page-cookies,product-entero-golden-hour"
"https://radaelliswimwear.com/collections/salidas-de-bano","200","https://radaelliswimwear.com/collections/salidas-de-bano","home,policy-refund,policy-shipping,policy-terms,policy-privacy,policy-contact,policy-legal-notice,page-contact,page-garantia,page-privacidad,page-terminos,page-envios,page-cookies,product-entero-golden-hour"
"https://radaelliswimwear.com/pages/cookies","200","https://radaelliswimwear.com/pages/cookies","home,policy-refund,policy-shipping,policy-terms,policy-privacy,policy-contact,policy-legal-notice,page-contact,page-garantia,page-privacidad,page-terminos,page-envios,page-cookies,product-entero-golden-hour"
"https://radaelliswimwear.com/pages/envios","200","https://radaelliswimwear.com/pages/envios","home,policy-refund,policy-shipping,policy-terms,policy-privacy,policy-contact,policy-legal-notice,page-contact,page-garantia,page-privacidad,page-terminos,page-envios,page-cookies,product-entero-golden-hour"
"https://radaelliswimwear.com/pages/favoritos","200","https://radaelliswimwear.com/pages/favoritos","home,policy-refund,policy-shipping,policy-terms,policy-privacy,policy-contact,policy-legal-notice,page-contact,page-garantia,page-privacidad,page-terminos,page-envios,page-cookies,product-entero-golden-hour"
"https://radaelliswimwear.com/pages/garantia","200","https://radaelliswimwear.com/pages/garantia","home,policy-refund,policy-shipping,policy-terms,policy-privacy,policy-contact,policy-legal-notice,page-contact,page-garantia,page-privacidad,page-terminos,page-envios,page-cookies,product-entero-golden-hour"
"https://radaelliswimwear.com/pages/privacidad","200","https://radaelliswimwear.com/pages/privacidad","home,policy-refund,policy-shipping,policy-terms,policy-privacy,policy-contact,policy-legal-notice,page-contact,page-garantia,page-privacidad,page-terminos,page-envios,page-cookies,product-entero-golden-hour"
"https://radaelliswimwear.com/pages/terminos","200","https://radaelliswimwear.com/pages/terminos","home,policy-refund,policy-shipping,policy-terms,policy-privacy,policy-contact,policy-legal-notice,page-contact,page-garantia,page-privacidad,page-terminos,page-envios,page-cookies,product-entero-golden-hour"
"https://radaelliswimwear.com/policies/contact-information","200","https://radaelliswimwear.com/policies/contact-information","home,policy-refund,policy-shipping,policy-terms,policy-privacy,policy-contact,policy-legal-notice,page-contact,page-garantia,page-privacidad,page-terminos,page-envios,page-cookies,product-entero-golden-hour"
"https://radaelliswimwear.com/policies/legal-notice","200","https://radaelliswimwear.com/policies/legal-notice","home,policy-refund,policy-shipping,policy-terms,policy-privacy,policy-contact,policy-legal-notice,page-contact,page-garantia,page-privacidad,page-terminos,page-envios,page-cookies,product-entero-golden-hour"
"https://radaelliswimwear.com/policies/refund-policy","200","https://radaelliswimwear.com/policies/refund-policy","home,policy-refund,policy-shipping,policy-terms,policy-privacy,policy-contact,policy-legal-notice,page-contact,page-garantia,page-privacidad,page-terminos,page-envios,page-cookies,product-entero-golden-hour"
"https://radaelliswimwear.com/policies/shipping-policy","200","https://radaelliswimwear.com/policies/shipping-policy","product-entero-golden-hour"
"https://radaelliswimwear.com/products/alba-dorada-lila","200","https://radaelliswimwear.com/products/alba-dorada-lila","home"
"https://radaelliswimwear.com/products/arena-dorada-beige","200","https://radaelliswimwear.com/products/arena-dorada-beige","home"
"https://radaelliswimwear.com/products/arena-dorada-negro","200","https://radaelliswimwear.com/products/arena-dorada-negro","home"
"https://radaelliswimwear.com/products/aurora-total-azul-oscuro","200","https://radaelliswimwear.com/products/aurora-total-azul-oscuro","home,product-entero-golden-hour"
"https://radaelliswimwear.com/products/bikini-palm-verde-oliva","200","https://radaelliswimwear.com/products/bikini-palm-verde-oliva","home,product-entero-golden-hour"
"https://radaelliswimwear.com/products/bikini-shadow-azul-marino","200","https://radaelliswimwear.com/products/bikini-shadow-azul-marino","home"
"https://radaelliswimwear.com/products/brisa-natural-naranja","200","https://radaelliswimwear.com/products/brisa-natural-naranja","home"
"https://radaelliswimwear.com/products/costa-esmeralda-negro","200","https://radaelliswimwear.com/products/costa-esmeralda-negro","home"
"https://radaelliswimwear.com/products/enterizo-shadow-palm-azul-marino","200","https://radaelliswimwear.com/products/enterizo-shadow-palm-azul-marino","home,product-entero-golden-hour"
"https://radaelliswimwear.com/products/entero-golden-hour","200","https://radaelliswimwear.com/products/entero-golden-hour","home"
"https://radaelliswimwear.com/products/marea-natural","200","https://radaelliswimwear.com/products/marea-natural","home"
"https://radaelliswimwear.com/products/marea-natural-naranja","200","https://radaelliswimwear.com/products/marea-natural-naranja","home"
"https://radaelliswimwear.com/products/oasis-serena-azul","200","https://radaelliswimwear.com/products/oasis-serena-azul","home"
"https://radaelliswimwear.com/products/oasis-serena-negro","200","https://radaelliswimwear.com/products/oasis-serena-negro","home"
"https://radaelliswimwear.com/products/raices-del-sol-beige-suave","200","https://radaelliswimwear.com/products/raices-del-sol-beige-suave","home,product-entero-golden-hour"
"https://tiktok.com/@RadaelliSwimwear","200","https://www.tiktok.com/@RadaelliSwimwear","home,policy-refund,policy-shipping,policy-terms,policy-privacy,policy-contact,policy-legal-notice,page-contact,page-garantia,page-privacidad,page-terminos,page-envios,page-cookies,product-entero-golden-hour"
"https://wa.me/573135359668","200","https://api.whatsapp.com/send/?phone=573135359668&text&type=phone_number&app_absent=0","home,policy-refund,policy-shipping,policy-terms,policy-privacy,policy-contact,policy-legal-notice,page-contact,page-garantia,page-privacidad,page-terminos,page-envios,page-cookies,product-entero-golden-hour"
"https://wompi.com/es/co/politica-de-privacidad","200","https://wompi.com/es/co/politica-de-privacidad","page-privacidad"
"https://www.facebook.com/privacy/policy/","200","https://www.facebook.com/privacy/policy/","page-privacidad"
"https://www.shopify.com/legal/privacy/app-users","200","https://www.shopify.com/legal/privacy/consumers","policy-privacy"
"https://www.shopify.com/legal/privacy/customers","200","https://www.shopify.com/co/legal/privacy/consumers","page-privacidad"
"mailto:radaelliswimwear@gmail.com","n/a","","policy-contact,page-contact"
