id,asset,source,bytes,dimensions,shopify_target_kind,shopify_target,pos_x,pos_y,zoom,delivery_transform,status,note
M01,Hero video,https://res.cloudinary.com/n8l3p85c/video/upload/v1789352946/lago/home/bb70lfnhpbl4h8ee7mdz.mp4,3657361,video HEVC (hvc1),theme_setting,templates/index.json > hero > hero_video,,,,,DEFERRED_OWNER_ONLY_BLOCKER,"Si Shopify no acepta HEVC usar el derivado H.264 (f_auto,q_auto) que sirve el sitio"
M02,Hero poster,https://res.cloudinary.com/n8l3p85c/image/upload/v1789409333/lago/products/cerhqv59kh6iedegvatv.png,2435496,1920x1080,reference_only,(el theme no tiene campo de poster),,,,,NO_MIGRAR,Shopify usa su propia vista previa del video (hero.liquid:9-13)
M03,Tarjeta Oasis Natural imagen,https://res.cloudinary.com/n8l3p85c/image/upload/v1787460154/lago/products/zjlcdrptowzxnmcz7ixf.jpg,212142,1600x2400,theme_block_setting,templates/index.json > featured-categories > bloque oasis-natural > image,32.558139534883715,24.36234732855508,1.15,,DEFERRED_OWNER_ONLY_BLOCKER,Encuadre invisible hoy (gana el video); el bloque no tiene campos de encuadre
M04,Tarjeta Oasis Natural video,https://res.cloudinary.com/n8l3p85c/video/upload/v1789352898/lago/categories/xxjjwoori52cmkbgu33n.mp4,3503495,video HEVC (hvc1),theme_block_setting,templates/index.json > featured-categories > bloque oasis-natural > video,,,,,DEFERRED_OWNER_ONLY_BLOCKER,
M05,Tarjeta Aurora Viva imagen,https://res.cloudinary.com/n8l3p85c/image/upload/v1787399722/lago/products/zdxbjacneyll6npdosdu.png,1926745,1086x1448,theme_block_setting,templates/index.json > featured-categories > bloque aurora-viva > image,50,100,1,,DEFERRED_OWNER_ONLY_BLOCKER,Encuadre invisible hoy (gana el video)
M06,Tarjeta Aurora Viva video,https://res.cloudinary.com/n8l3p85c/video/upload/v1789352892/lago/categories/gm4fm2tiwgc2vlu93s7a.mp4,3657361,video HEVC (hvc1),theme_block_setting,templates/index.json > featured-categories > bloque aurora-viva > video,,,,,DEFERRED_OWNER_ONLY_BLOCKER,Mismo ETag y tamaño que M01 (muy probablemente el mismo archivo: subir una sola vez)
M07,Tarjeta Espuma de Ola imagen,repo:public/images/products/1 (1).webp (sha256 e2467833efeba25688de72376820c4c75aceef15db0fa6716f3cf7ba602557b4),46932,webp,theme_block_setting,templates/index.json > featured-categories > bloque espuma-de-ola > image,50,50,1,,OPCIONAL,Alternativa: collection.featured_image (fallback actual del bloque)
M08,Tarjeta Espuma de Ola video,https://res.cloudinary.com/n8l3p85c/video/upload/v1789351596/lago/categories/nnohfbsoqzgee20xooog.mov,3243324,video QuickTime .mov HEVC,theme_block_setting,templates/index.json > featured-categories > bloque espuma-de-ola > video,,,,,DEFERRED_OWNER_ONLY_BLOCKER,Verificar que Shopify acepte .mov/HEVC; si no usar el derivado f_auto
M09,Tarjeta Salidas de Baño imagen,https://res.cloudinary.com/n8l3p85c/image/upload/v1787417190/lago/products/gz9ken66as28i5hresne.png,1665952,1086x1448,theme_block_setting,templates/index.json > featured-categories > bloque salidas-de-bano > image,65.98837209302326,100,1.25,,DEFERRED_OWNER_ONLY_BLOCKER,CRITICO: la colección tiene 0 productos -> sin esta imagen la tarjeta queda sin media. El encuadre visible no tiene equivalente en el theme (recorte centrado)
M10,Banner colección Oasis Natural,https://res.cloudinary.com/n8l3p85c/image/upload/v1787460207/lago/products/x95tyqydlvieasp7whfn.jpg,236935,2400x1600,collection_metafields,oasis-natural > custom.cover_image + custom.image_pos_x/image_pos_y/zoom,50,26.689976689976692,1,,DEFERRED_OWNER_ONLY_BLOCKER,Sin video
M11,Banner colección Aurora Viva,https://res.cloudinary.com/n8l3p85c/image/upload/v1787420066/lago/products/c9gz6yuipjnowjyp3amd.jpg,552930,1920x800,collection_metafields,aurora-viva > custom.cover_image + custom.image_pos_x/image_pos_y/zoom,43.932724252491695,69.97684658575744,1.4,,DEFERRED_OWNER_ONLY_BLOCKER,Sin video
M12,Banner colección Espuma de Ola,https://res.cloudinary.com/n8l3p85c/image/upload/v1787417045/lago/products/n9to8ksgrw1xmxlxm2ch.jpg,573723,1920x800,collection_metafields,espuma-de-ola > custom.cover_image + custom.image_pos_x/image_pos_y/zoom,53.68217054263566,55,1,,DEFERRED_OWNER_ONLY_BLOCKER,Sin video
M13,Banner colección Salidas de Baño,https://res.cloudinary.com/n8l3p85c/image/upload/v1787460295/lago/products/grhrfruybukvqgk6ngrc.jpg,6857621,4672x7008 (32.7 MP),collection_metafields,salidas-de-bano > custom.cover_image + custom.image_pos_x/image_pos_y/zoom,61.62790697674419,59.97214446504011,1.15,"c_limit,w_5000,h_5000,q_95",DEFERRED_OWNER_ONLY_BLOCKER,Supera 25 MP: usar la entrega transformada (la relación de aspecto se conserva y el encuadre sigue valiendo)
M14,Guía de tallas,https://res.cloudinary.com/n8l3p85c/image/upload/v1788989645/lago/products/gaattbpghl9loslphqz6.png,1446367,1024x1536,theme_section_setting,templates/product.json > main-product > size_guide_image + size_guide_collection=oasis-natural,,,,,DEFERRED_OWNER_ONLY_BLOCKER,"Solo productos de Oasis Natural (product-detail.tsx:34-40); alt ""Guía de tallas""; sin contenido de texto (NOT_AVAILABLE)"
