current_slug,current_url,shopify_handle,redirect_source_to_handle_ok,title_current,title_shopify,title_match,collection_current,collection_shopify,collection_match,destacados_member,color_current,color_shopify,color_match,sizes_current,sizes_shopify,sizes_match,sku_current,sku_shopify,sku_match,price_original_current,price_sale_current,price_shopify,compare_at_shopify,price_match,image_count_current,image_count_shopify,image_order_match,image_min_dimension_shopify,description_match,wishlist_heart_shopify,pdp_status_shopify,breadcrumb_shopify,pdp_jsonld_shopify,overall,notes,collections_shopify_membership,collection_pos_current,collection_pos_shopify,destacados_current_home,destacados_current_featured_flag,tags_shopify,color_findable_by,sizes_variants_master_2026_09_28,sku_prefix,price_display_shopify,discount_pct_current,image_dims_shopify,image_dims_vs_source,stock_current_public_payload,stock_total_current,inventory_shopify,breadcrumb_current,breadcrumb_match,wishlist_heart_current,pdp_jsonld_current,description_detail,evidence,overall_registro_producto,collection_order_match,inventory_match
alba-dorada-beige-suave,https://radaelliswimwear.com/producto/alba-dorada-beige-suave,alba-dorada-beige-suave,SI,ALBA DORADA BEIGE SUAVE,ALBA DORADA BEIGE SUAVE,SI,Aurora Viva,Aurora Viva,SI,No,BEIGE SUAVE,BEIGE SUAVE,SI,S/M/L/XL,S/M/L/XL,SI,LG-AUR-000002,LG-AUR-000002-S|LG-AUR-000002-M|LG-AUR-000002-L|LG-AUR-000002-XL,SI,209900,167920 (-20% visible; precio anterior tachado 209900),167920,209900,SI,3,3,SI,3333x5000,SI,SI,200,Inicio / Aurora Viva / ALBA DORADA BEIGE SUAVE,2,DIFFERENCE,"INTENCIONAL: 3 de 3 imagenes reducidas a 5000 px de lado largo (limite de Shopify; misma foto) [DOC:import/image-resolution-fix.csv] || DIFERENCIA: posicion en el orden por defecto de Aurora Viva: sitio actual 2 vs Dev 3 (el sitio actual ordena por 'Novedades', la Dev por orden manual; sin decision documentada) [MEDIDO-03G current-site/aurora-viva.html, dev-collections.json] || DIFERENCIA: el sitio actual publica stock por talla (S:25|M:25|L:25|XL:25) y la Dev no rastrea inventario (inventory_tracked=NO): sin cantidades cargadas Shopify vendria sin limite; pendiente de la duena [MEDIDO-03G producto_*.html; DOC:catalog/shopify-post-import-audit.csv]",aurora-viva,2,3,No,No,,titulo,S/M/L/XL,LG-AUR,$ 167.920 Precio anterior $ 209.900 -20%,20,3333x5000|3333x5000|3333x5000,3_REDUCIDAS_A_5000_PX+0_IGUALES_A_LA_FUENTE,S:25|M:25|L:25|XL:25,100,NO_RASTREADO (inventory_tracked=NO; 4/4 variantes disponibles),Inicio / Aurora Viva / ALBA DORADA BEIGE SUAVE,SI,SI,4 (Organization+WebSite+Product+BreadcrumbList),texto igual tras quitar viñetas y espacios; formato: '•' del sitio actual -> lista HTML en Shopify,"actual=[MEDIDO-03G launch/evidence/current-site/producto_alba-dorada-beige-suave.html]; shopify=[MEDIDO-03G launch/evidence/dev-products.jsonl,dev-collections.json]; catalogo=[DOC:catalog/products-master.csv,variants-master.csv,shopify-post-import-audit.csv]; imagenes=[DOC:import/shopify-products-03c*.csv,image-resolution-fix.csv,image-dimensions.csv]; redirect=[DOC:seo/shopify-redirects-import.csv]",RECONCILED_WITH_INTENTIONAL_DIFFERENCE,NO,NO
alba-dorada-cafe-claro,https://radaelliswimwear.com/producto/alba-dorada-cafe-claro,alba-dorada-cafe-claro,SI,ALBA DORADA CAFÉ CLARO,ALBA DORADA CAFÉ CLARO,SI,Aurora Viva,Aurora Viva,SI,No,CAFÉ CLARO,CAFÉ CLARO,SI,S/M/L,S/M/L/XL,NO,LG-AUR-000001,LG-AUR-000001-S|LG-AUR-000001-M|LG-AUR-000001-L|LG-AUR-000001-XL,SI,209900,167920 (-20% visible; precio anterior tachado 209900),167920,209900,SI,5,5,SI,3333x5000,SI,SI,200,Inicio / Aurora Viva / ALBA DORADA CAFÉ CLARO,2,DIFFERENCE,"DIFERENCIA: tallas: sitio actual [S,M,L] vs Dev [S,M,L,XL]; variants-master (2026-09-28) [S,M,L,XL] || INTENCIONAL: 5 de 5 imagenes reducidas a 5000 px de lado largo (limite de Shopify; misma foto) [DOC:import/image-resolution-fix.csv] || DIFERENCIA: posicion en el orden por defecto de Aurora Viva: sitio actual 1 vs Dev 2 (el sitio actual ordena por 'Novedades', la Dev por orden manual; sin decision documentada) [MEDIDO-03G current-site/aurora-viva.html, dev-collections.json] || DIFERENCIA: el sitio actual publica stock por talla (S:25|M:25|L:25) y la Dev no rastrea inventario (inventory_tracked=NO): sin cantidades cargadas Shopify vendria sin limite; pendiente de la duena [MEDIDO-03G producto_*.html; DOC:catalog/shopify-post-import-audit.csv]",aurora-viva,1,2,No,No,,titulo+descripcion,S/M/L/XL,LG-AUR,$ 167.920 Precio anterior $ 209.900 -20%,20,3333x5000|3333x5000|3333x5000|3333x5000|3333x5000,5_REDUCIDAS_A_5000_PX+0_IGUALES_A_LA_FUENTE,S:25|M:25|L:25,75,NO_RASTREADO (inventory_tracked=NO; 4/4 variantes disponibles),Inicio / Aurora Viva / ALBA DORADA CAFÉ CLARO,SI,SI,4 (Organization+WebSite+Product+BreadcrumbList),texto igual tras quitar viñetas y espacios; formato: '•' del sitio actual -> lista HTML en Shopify,"actual=[MEDIDO-03G launch/evidence/current-site/producto_alba-dorada-cafe-claro.html]; shopify=[MEDIDO-03G launch/evidence/dev-products.jsonl,dev-collections.json]; catalogo=[DOC:catalog/products-master.csv,variants-master.csv,shopify-post-import-audit.csv]; imagenes=[DOC:import/shopify-products-03c*.csv,image-resolution-fix.csv,image-dimensions.csv]; redirect=[DOC:seo/shopify-redirects-import.csv]",DIFFERENCE,NO,NO
alba-dorada-lila,https://radaelliswimwear.com/producto/alba-dorada-lila,alba-dorada-lila,SI,ALBA DORADA LILA,ALBA DORADA LILA,SI,Aurora Viva,Aurora Viva,SI,Sí,LILA,LILA,SI,S/M/L/XL,S/M/L/XL,SI,LG-AUR-000003,LG-AUR-000003-S|LG-AUR-000003-M|LG-AUR-000003-L|LG-AUR-000003-XL,SI,209900,167920 (-20% visible; precio anterior tachado 209900),167920,209900,SI,4,4,SI,3333x5000,SI,SI,200,Inicio / Aurora Viva / ALBA DORADA LILA,2,DIFFERENCE,"INTENCIONAL: 4 de 4 imagenes reducidas a 5000 px de lado largo (limite de Shopify; misma foto) [DOC:import/image-resolution-fix.csv] || DIFERENCIA: posicion en el orden por defecto de Aurora Viva: sitio actual 3 vs Dev 12 (el sitio actual ordena por 'Novedades', la Dev por orden manual; sin decision documentada) [MEDIDO-03G current-site/aurora-viva.html, dev-collections.json] || DIFERENCIA: el sitio actual publica stock por talla (S:25|M:25|L:25|XL:25) y la Dev no rastrea inventario (inventory_tracked=NO): sin cantidades cargadas Shopify vendria sin limite; pendiente de la duena [MEDIDO-03G producto_*.html; DOC:catalog/shopify-post-import-audit.csv]",aurora-viva+destacados,3,12,Sí,Sí,,titulo+descripcion,S/M/L/XL,LG-AUR,$ 167.920 Precio anterior $ 209.900 -20%,20,3333x5000|3333x5000|3333x5000|3333x5000,4_REDUCIDAS_A_5000_PX+0_IGUALES_A_LA_FUENTE,S:25|M:25|L:25|XL:25,100,NO_RASTREADO (inventory_tracked=NO; 4/4 variantes disponibles),Inicio / Aurora Viva / ALBA DORADA LILA,SI,SI,4 (Organization+WebSite+Product+BreadcrumbList),texto igual tras quitar viñetas y espacios; formato: '•' del sitio actual -> lista HTML en Shopify,"actual=[MEDIDO-03G launch/evidence/current-site/producto_alba-dorada-lila.html]; shopify=[MEDIDO-03G launch/evidence/dev-products.jsonl,dev-collections.json]; catalogo=[DOC:catalog/products-master.csv,variants-master.csv,shopify-post-import-audit.csv]; imagenes=[DOC:import/shopify-products-03c*.csv,image-resolution-fix.csv,image-dimensions.csv]; redirect=[DOC:seo/shopify-redirects-import.csv]",RECONCILED_WITH_INTENTIONAL_DIFFERENCE,NO,NO
amanecer-dorado-lila,https://radaelliswimwear.com/producto/amanecer-dorado-lila,amanecer-dorado-lila,SI,AMANECER DORADO LILA,AMANECER DORADO LILA,SI,Aurora Viva,Aurora Viva,SI,No,LILA,LILA,SI,S/M/L/XL,S/M/L/XL,SI,LG-HOM-000003,LG-HOM-000003-S|LG-HOM-000003-M|LG-HOM-000003-L|LG-HOM-000003-XL,SI,209900,167920 (-20% visible; precio anterior tachado 209900),167920,209900,SI,4,4,SI,1600x2400,SI,SI,200,Inicio / Aurora Viva / AMANECER DORADO LILA,2,DIFFERENCE,"INTENCIONAL: 3 de 4 imagenes reducidas a 5000 px de lado largo (limite de Shopify; misma foto) [DOC:import/image-resolution-fix.csv] || DIFERENCIA: posicion en el orden por defecto de Aurora Viva: sitio actual 9 vs Dev 6 (el sitio actual ordena por 'Novedades', la Dev por orden manual; sin decision documentada) [MEDIDO-03G current-site/aurora-viva.html, dev-collections.json] || DIFERENCIA: el sitio actual publica stock por talla (S:25|M:25|L:25|XL:25) y la Dev no rastrea inventario (inventory_tracked=NO): sin cantidades cargadas Shopify vendria sin limite; pendiente de la duena [MEDIDO-03G producto_*.html; DOC:catalog/shopify-post-import-audit.csv] || el SKU usa el prefijo LG-HOM pero la coleccion es Aurora Viva (los demas de esa coleccion usan LG-AUR): heredado del sitio actual [INFERIDO: el prefijo no coincide con la coleccion] || Dev renombro 1 archivo(s) con sufijo UUID (kzdurkrob0ygvugwcmze_9777540f-57f6-4d3e-b20f-ea5c41612bf8.jpg): misma imagen, solo cambia el nombre [DOC:catalog/shopify-post-import-audit.csv]",aurora-viva,9,6,No,No,,titulo+descripcion,S/M/L/XL,LG-HOM,$ 167.920 Precio anterior $ 209.900 -20%,20,3333x5000|1600x2400|3333x5000|3333x5000,3_REDUCIDAS_A_5000_PX+1_IGUALES_A_LA_FUENTE,S:25|M:25|L:25|XL:25,100,NO_RASTREADO (inventory_tracked=NO; 4/4 variantes disponibles),Inicio / Aurora Viva / AMANECER DORADO LILA,SI,SI,4 (Organization+WebSite+Product+BreadcrumbList),texto igual tras quitar viñetas y espacios; formato: '•' del sitio actual -> lista HTML en Shopify,"actual=[MEDIDO-03G launch/evidence/current-site/producto_amanecer-dorado-lila.html]; shopify=[MEDIDO-03G launch/evidence/dev-products.jsonl,dev-collections.json]; catalogo=[DOC:catalog/products-master.csv,variants-master.csv,shopify-post-import-audit.csv]; imagenes=[DOC:import/shopify-products-03c*.csv,image-resolution-fix.csv,image-dimensions.csv]; redirect=[DOC:seo/shopify-redirects-import.csv]",RECONCILED_WITH_INTENTIONAL_DIFFERENCE,NO,NO
amanecer-dorado-terracota,https://radaelliswimwear.com/producto/amanecer-dorado-terracota,amanecer-dorado-terracota,SI,AMANECER DORADO TERRACOTA,AMANECER DORADO TERRACOTA,SI,Aurora Viva,Aurora Viva,SI,No,TERRACOTA,TERRACOTA,SI,S/M/L/XL,S/M/L/XL,SI,LG-AUR-000006,LG-AUR-000006-S|LG-AUR-000006-M|LG-AUR-000006-L|LG-AUR-000006-XL,SI,209900,167920 (-20% visible; precio anterior tachado 209900),167920,209900,SI,3,3,SI,3333x5000,SI,SI,200,Inicio / Aurora Viva / AMANECER DORADO TERRACOTA,2,DIFFERENCE,"INTENCIONAL: 3 de 3 imagenes reducidas a 5000 px de lado largo (limite de Shopify; misma foto) [DOC:import/image-resolution-fix.csv] || DIFERENCIA: posicion en el orden por defecto de Aurora Viva: sitio actual 8 vs Dev 9 (el sitio actual ordena por 'Novedades', la Dev por orden manual; sin decision documentada) [MEDIDO-03G current-site/aurora-viva.html, dev-collections.json] || DIFERENCIA: el sitio actual publica stock por talla (S:25|M:25|L:25|XL:25) y la Dev no rastrea inventario (inventory_tracked=NO): sin cantidades cargadas Shopify vendria sin limite; pendiente de la duena [MEDIDO-03G producto_*.html; DOC:catalog/shopify-post-import-audit.csv]",aurora-viva,8,9,No,No,,titulo+descripcion,S/M/L/XL,LG-AUR,$ 167.920 Precio anterior $ 209.900 -20%,20,3333x5000|3333x5000|3333x5000,3_REDUCIDAS_A_5000_PX+0_IGUALES_A_LA_FUENTE,S:25|M:25|L:25|XL:25,100,NO_RASTREADO (inventory_tracked=NO; 4/4 variantes disponibles),Inicio / Aurora Viva / AMANECER DORADO TERRACOTA,SI,SI,4 (Organization+WebSite+Product+BreadcrumbList),texto igual tras quitar viñetas y espacios; formato: '•' del sitio actual -> lista HTML en Shopify,"actual=[MEDIDO-03G launch/evidence/current-site/producto_amanecer-dorado-terracota.html]; shopify=[MEDIDO-03G launch/evidence/dev-products.jsonl,dev-collections.json]; catalogo=[DOC:catalog/products-master.csv,variants-master.csv,shopify-post-import-audit.csv]; imagenes=[DOC:import/shopify-products-03c*.csv,image-resolution-fix.csv,image-dimensions.csv]; redirect=[DOC:seo/shopify-redirects-import.csv]",RECONCILED_WITH_INTENTIONAL_DIFFERENCE,NO,NO
arena-dorada-beige,https://radaelliswimwear.com/producto/arena-dorada-beige,arena-dorada-beige,SI,ARENA DORADA BEIGE,ARENA DORADA BEIGE,SI,Oasis Natural,Oasis Natural,SI,No,BEIGE,BEIGE,SI,S/M/L,S/M/L,SI,RSONBI012,RSONBI012-S|RSONBI012-M|RSONBI012-L,SI,229900,183920 (-20% visible; precio anterior tachado 229900),183920,229900,SI,3,3,SI,1350x2400,SI,SI,200,Inicio / Oasis Natural / ARENA DORADA BEIGE,2,DIFFERENCE,"DIFERENCIA: posicion en el orden por defecto de Oasis Natural: sitio actual 7 vs Dev 2 (el sitio actual ordena por 'Novedades', la Dev por orden manual; sin decision documentada) [MEDIDO-03G current-site/oasis-natural.html, dev-collections.json] || DIFERENCIA: el sitio actual publica stock por talla (S:25|M:25|L:25) y la Dev no rastrea inventario (inventory_tracked=NO): sin cantidades cargadas Shopify vendria sin limite; pendiente de la duena [MEDIDO-03G producto_*.html; DOC:catalog/shopify-post-import-audit.csv]",oasis-natural,7,2,No,No,,titulo+descripcion,S/M/L,RSONBI,$ 183.920 Precio anterior $ 229.900 -20%,20,1350x2400|1350x2400|1350x2400,IGUALES_A_LA_FUENTE,S:25|M:25|L:25,75,NO_RASTREADO (inventory_tracked=NO; 3/3 variantes disponibles),Inicio / Oasis Natural / ARENA DORADA BEIGE,SI,SI,4 (Organization+WebSite+Product+BreadcrumbList),texto igual tras quitar viñetas y espacios; formato: '•' del sitio actual -> lista HTML en Shopify,"actual=[MEDIDO-03G launch/evidence/current-site/producto_arena-dorada-beige.html]; shopify=[MEDIDO-03G launch/evidence/dev-products.jsonl,dev-collections.json]; catalogo=[DOC:catalog/products-master.csv,variants-master.csv,shopify-post-import-audit.csv]; imagenes=[DOC:import/shopify-products-03c*.csv,image-resolution-fix.csv,image-dimensions.csv]; redirect=[DOC:seo/shopify-redirects-import.csv]",RECONCILED,NO,NO
arena-dorada-negro,https://radaelliswimwear.com/producto/arena-dorada-negro,arena-dorada-negro,SI,ARENA DORADA NEGRO,ARENA DORADA NEGRO,SI,Oasis Natural,Oasis Natural,SI,No,NEGRO,NEGRO,SI,S/M/L,S/M/L,SI,RSONBI013,RSONBI013-S|RSONBI013-M|RSONBI013-L,SI,229900,183920 (-20% visible; precio anterior tachado 229900),183920,229900,SI,3,3,SI,429x763,SI,SI,200,Inicio / Oasis Natural / ARENA DORADA NEGRO,2,DIFFERENCE,"DIFERENCIA: posicion en el orden por defecto de Oasis Natural: sitio actual 8 vs Dev 5 (el sitio actual ordena por 'Novedades', la Dev por orden manual; sin decision documentada) [MEDIDO-03G current-site/oasis-natural.html, dev-collections.json] || DIFERENCIA: el sitio actual publica stock por talla (S:25|M:25|L:25) y la Dev no rastrea inventario (inventory_tracked=NO): sin cantidades cargadas Shopify vendria sin limite; pendiente de la duena [MEDIDO-03G producto_*.html; DOC:catalog/shopify-post-import-audit.csv] || imagen(es) de baja resolucion (lado largo < 1200 px [INFERIDO]): pos 1 429x763, pos 3 653x1161 = mismas dimensiones que la fuente (limite del original, heredado del sitio actual)",oasis-natural,8,5,No,No,,titulo+descripcion,S/M/L,RSONBI,$ 183.920 Precio anterior $ 229.900 -20%,20,429x763|1350x2400|653x1161,IGUALES_A_LA_FUENTE,S:25|M:25|L:25,75,NO_RASTREADO (inventory_tracked=NO; 3/3 variantes disponibles),Inicio / Oasis Natural / ARENA DORADA NEGRO,SI,SI,4 (Organization+WebSite+Product+BreadcrumbList),texto igual tras quitar viñetas y espacios; formato: '•' del sitio actual -> lista HTML en Shopify,"actual=[MEDIDO-03G launch/evidence/current-site/producto_arena-dorada-negro.html]; shopify=[MEDIDO-03G launch/evidence/dev-products.jsonl,dev-collections.json]; catalogo=[DOC:catalog/products-master.csv,variants-master.csv,shopify-post-import-audit.csv]; imagenes=[DOC:import/shopify-products-03c*.csv,image-resolution-fix.csv,image-dimensions.csv]; redirect=[DOC:seo/shopify-redirects-import.csv]",RECONCILED,NO,NO
aurora-total-azul-oscuro,https://radaelliswimwear.com/producto/aurora-total-azul-oscuro,aurora-total-azul-oscuro,SI,AURORA TOTAL AZUL OSCURO,AURORA TOTAL AZUL OSCURO,SI,Aurora Viva,Aurora Viva,SI,Sí,AZUL OSCURO,AZUL OSCURO,SI,S/M/L/XL,S/M/L/XL,SI,LG-AUR-000007,LG-AUR-000007-S|LG-AUR-000007-M|LG-AUR-000007-L|LG-AUR-000007-XL,SI,229900,183920 (-20% visible; precio anterior tachado 229900),183920,229900,SI,3,3,SI,3333x5000,SI,SI,200,Inicio / Aurora Viva / AURORA TOTAL AZUL OSCURO,2,DIFFERENCE,"INTENCIONAL: 3 de 3 imagenes reducidas a 5000 px de lado largo (limite de Shopify; misma foto) [DOC:import/image-resolution-fix.csv] || DIFERENCIA: posicion en el orden por defecto de Aurora Viva: sitio actual 10 vs Dev 5 (el sitio actual ordena por 'Novedades', la Dev por orden manual; sin decision documentada) [MEDIDO-03G current-site/aurora-viva.html, dev-collections.json] || DIFERENCIA: el sitio actual publica stock por talla (S:25|M:25|L:25|XL:25) y la Dev no rastrea inventario (inventory_tracked=NO): sin cantidades cargadas Shopify vendria sin limite; pendiente de la duena [MEDIDO-03G producto_*.html; DOC:catalog/shopify-post-import-audit.csv]",aurora-viva+destacados,10,5,Sí,Sí,,titulo+descripcion,S/M/L/XL,LG-AUR,$ 183.920 Precio anterior $ 229.900 -20%,20,3333x5000|3333x5000|3333x5000,3_REDUCIDAS_A_5000_PX+0_IGUALES_A_LA_FUENTE,S:25|M:25|L:25|XL:25,100,NO_RASTREADO (inventory_tracked=NO; 4/4 variantes disponibles),Inicio / Aurora Viva / AURORA TOTAL AZUL OSCURO,SI,SI,4 (Organization+WebSite+Product+BreadcrumbList),texto igual tras quitar viñetas y espacios; formato: '•' del sitio actual -> lista HTML en Shopify,"actual=[MEDIDO-03G launch/evidence/current-site/producto_aurora-total-azul-oscuro.html]; shopify=[MEDIDO-03G launch/evidence/dev-products.jsonl,dev-collections.json]; catalogo=[DOC:catalog/products-master.csv,variants-master.csv,shopify-post-import-audit.csv]; imagenes=[DOC:import/shopify-products-03c*.csv,image-resolution-fix.csv,image-dimensions.csv]; redirect=[DOC:seo/shopify-redirects-import.csv]",RECONCILED_WITH_INTENTIONAL_DIFFERENCE,NO,NO
aurora-total-terracota,https://radaelliswimwear.com/producto/aurora-total-terracota,aurora-total-terracota,SI,AURORA TOTAL TERRACOTA,AURORA TOTAL TERRACOTA,SI,Aurora Viva,Aurora Viva,SI,No,TERRACOTA,TERRACOTA,SI,S/M/L/XL,S/M/L/XL,SI,LG-AUR-000008,LG-AUR-000008-S|LG-AUR-000008-M|LG-AUR-000008-L|LG-AUR-000008-XL,SI,229900,183920 (-20% visible; precio anterior tachado 229900),183920,229900,SI,4,4,SI,3333x5000,SI,SI,200,Inicio / Aurora Viva / AURORA TOTAL TERRACOTA,2,DIFFERENCE,"INTENCIONAL: 4 de 4 imagenes reducidas a 5000 px de lado largo (limite de Shopify; misma foto) [DOC:import/image-resolution-fix.csv] || DIFERENCIA: posicion en el orden por defecto de Aurora Viva: sitio actual 11 vs Dev 4 (el sitio actual ordena por 'Novedades', la Dev por orden manual; sin decision documentada) [MEDIDO-03G current-site/aurora-viva.html, dev-collections.json] || DIFERENCIA: el sitio actual publica stock por talla (S:25|M:25|L:25|XL:25) y la Dev no rastrea inventario (inventory_tracked=NO): sin cantidades cargadas Shopify vendria sin limite; pendiente de la duena [MEDIDO-03G producto_*.html; DOC:catalog/shopify-post-import-audit.csv]",aurora-viva,11,4,No,No,,titulo+descripcion,S/M/L/XL,LG-AUR,$ 183.920 Precio anterior $ 229.900 -20%,20,3333x5000|3333x5000|3333x5000|3333x5000,4_REDUCIDAS_A_5000_PX+0_IGUALES_A_LA_FUENTE,S:25|M:25|L:25|XL:25,100,NO_RASTREADO (inventory_tracked=NO; 4/4 variantes disponibles),Inicio / Aurora Viva / AURORA TOTAL TERRACOTA,SI,SI,4 (Organization+WebSite+Product+BreadcrumbList),texto igual tras quitar viñetas y espacios; formato: '•' del sitio actual -> lista HTML en Shopify,"actual=[MEDIDO-03G launch/evidence/current-site/producto_aurora-total-terracota.html]; shopify=[MEDIDO-03G launch/evidence/dev-products.jsonl,dev-collections.json]; catalogo=[DOC:catalog/products-master.csv,variants-master.csv,shopify-post-import-audit.csv]; imagenes=[DOC:import/shopify-products-03c*.csv,image-resolution-fix.csv,image-dimensions.csv]; redirect=[DOC:seo/shopify-redirects-import.csv]",RECONCILED_WITH_INTENTIONAL_DIFFERENCE,NO,NO
bikini-foam,https://radaelliswimwear.com/producto/bikini-foam,bikini-foam,SI,BIKINI FOAM,BIKINI FOAM,SI,Espuma de Ola,Espuma de Ola,SI,No,BLANCO,BLANCO,SI,S/M/L,S/M/L,SI,LG-ESP-000009,LG-ESP-000009-S|LG-ESP-000009-M|LG-ESP-000009-L,SI,199900,159920 (-20% visible; precio anterior tachado 199900),159920,199900,SI,3,3,SI,1800x2400,SI,SI,200,Inicio / Espuma de Ola / BIKINI FOAM,2,DIFFERENCE,"DIFERENCIA: posicion en el orden por defecto de Espuma de Ola: sitio actual 7 vs Dev 3 (el sitio actual ordena por 'Novedades', la Dev por orden manual; sin decision documentada) [MEDIDO-03G current-site/espuma-de-ola.html, dev-collections.json] || DIFERENCIA: el sitio actual publica stock por talla (S:24|M:24|L:25) y la Dev no rastrea inventario (inventory_tracked=NO): sin cantidades cargadas Shopify vendria sin limite; pendiente de la duena [MEDIDO-03G producto_*.html; DOC:catalog/shopify-post-import-audit.csv]",espuma-de-ola,7,3,No,No,,descripcion,S/M/L,LG-ESP,$ 159.920 Precio anterior $ 199.900 -20%,20,1800x2400|1800x2400|1800x2400,IGUALES_A_LA_FUENTE,S:24|M:24|L:25,73,NO_RASTREADO (inventory_tracked=NO; 3/3 variantes disponibles),Inicio / Espuma de Ola / BIKINI FOAM,SI,SI,4 (Organization+WebSite+Product+BreadcrumbList),texto igual tras quitar viñetas y espacios; formato: '•' del sitio actual -> lista HTML en Shopify,"actual=[MEDIDO-03G launch/evidence/current-site/producto_bikini-foam.html]; shopify=[MEDIDO-03G launch/evidence/dev-products.jsonl,dev-collections.json]; catalogo=[DOC:catalog/products-master.csv,variants-master.csv,shopify-post-import-audit.csv]; imagenes=[DOC:import/shopify-products-03c*.csv,image-resolution-fix.csv,image-dimensions.csv]; redirect=[DOC:seo/shopify-redirects-import.csv]",RECONCILED,NO,NO
bikini-palm-verde-oliva,https://radaelliswimwear.com/producto/bikini-palm-verde-oliva,bikini-palm-verde-oliva,SI,BIKINI PALM VERDE OLIVA,BIKINI PALM VERDE OLIVA,SI,Espuma de Ola,Espuma de Ola,SI,Sí,VERDE OLIVA,VERDE OLIVA,SI,S/M/L,S/M/L,SI,LG-ESP-000007,LG-ESP-000007-S|LG-ESP-000007-M|LG-ESP-000007-L,SI,199900,159920 (-20% visible; precio anterior tachado 199900),159920,199900,SI,3,3,SI,1800x2400,SI,SI,200,Inicio / Espuma de Ola / BIKINI PALM VERDE OLIVA,2,DIFFERENCE,"DIFERENCIA: posicion en el orden por defecto de Espuma de Ola: sitio actual 5 vs Dev 1 (el sitio actual ordena por 'Novedades', la Dev por orden manual; sin decision documentada) [MEDIDO-03G current-site/espuma-de-ola.html, dev-collections.json] || DIFERENCIA: el sitio actual publica stock por talla (S:25|M:25|L:25) y la Dev no rastrea inventario (inventory_tracked=NO): sin cantidades cargadas Shopify vendria sin limite; pendiente de la duena [MEDIDO-03G producto_*.html; DOC:catalog/shopify-post-import-audit.csv]",espuma-de-ola+destacados,5,1,Sí,Sí,,titulo+descripcion,S/M/L,LG-ESP,$ 159.920 Precio anterior $ 199.900 -20%,20,1800x2400|1800x2400|3024x4032,IGUALES_A_LA_FUENTE,S:25|M:25|L:25,75,NO_RASTREADO (inventory_tracked=NO; 3/3 variantes disponibles),Inicio / Espuma de Ola / BIKINI PALM VERDE OLIVA,SI,SI,4 (Organization+WebSite+Product+BreadcrumbList),texto igual tras quitar viñetas y espacios; formato: '•' del sitio actual -> lista HTML en Shopify,"actual=[MEDIDO-03G launch/evidence/current-site/producto_bikini-palm-verde-oliva.html]; shopify=[MEDIDO-03G launch/evidence/dev-products.jsonl,dev-collections.json]; catalogo=[DOC:catalog/products-master.csv,variants-master.csv,shopify-post-import-audit.csv]; imagenes=[DOC:import/shopify-products-03c*.csv,image-resolution-fix.csv,image-dimensions.csv]; redirect=[DOC:seo/shopify-redirects-import.csv]",RECONCILED,NO,NO
bikini-shadow-azul-marino,https://radaelliswimwear.com/producto/bikini-shadow-azul-marino,bikini-shadow-azul-marino,SI,BIKINI SHADOW NEGRO,BIKINI SHADOW NEGRO,SI,Espuma de Ola,Espuma de Ola,SI,Sí,NEGRO,NEGRO,SI,S/M/L,S/M/L,SI,LG-ESP-000006,LG-ESP-000006-S|LG-ESP-000006-M|LG-ESP-000006-L,SI,199900,159920 (-20% visible; precio anterior tachado 199900),159920,199900,SI,3,3,SI,1800x2400,SI,SI,200,Inicio / Espuma de Ola / BIKINI SHADOW NEGRO,2,DIFFERENCE,"DIFERENCIA: posicion en el orden por defecto de Espuma de Ola: sitio actual 4 vs Dev 6 (el sitio actual ordena por 'Novedades', la Dev por orden manual; sin decision documentada) [MEDIDO-03G current-site/espuma-de-ola.html, dev-collections.json] || DIFERENCIA: el sitio actual publica stock por talla (S:25|M:25|L:25) y la Dev no rastrea inventario (inventory_tracked=NO): sin cantidades cargadas Shopify vendria sin limite; pendiente de la duena [MEDIDO-03G producto_*.html; DOC:catalog/shopify-post-import-audit.csv] || el handle no refleja el titulo ('bikini-shadow-azul-marino' vs 'BIKINI SHADOW NEGRO'): heredado del sitio actual, mismo slug en la URL vigente",espuma-de-ola+destacados,4,6,Sí,Sí,,titulo+descripcion,S/M/L,LG-ESP,$ 159.920 Precio anterior $ 199.900 -20%,20,1800x2400|1800x2400|3024x4032,IGUALES_A_LA_FUENTE,S:25|M:25|L:25,75,NO_RASTREADO (inventory_tracked=NO; 3/3 variantes disponibles),Inicio / Espuma de Ola / BIKINI SHADOW NEGRO,SI,SI,4 (Organization+WebSite+Product+BreadcrumbList),texto igual tras quitar viñetas y espacios; formato: '•' del sitio actual -> lista HTML en Shopify,"actual=[MEDIDO-03G launch/evidence/current-site/producto_bikini-shadow-azul-marino.html]; shopify=[MEDIDO-03G launch/evidence/dev-products.jsonl,dev-collections.json]; catalogo=[DOC:catalog/products-master.csv,variants-master.csv,shopify-post-import-audit.csv]; imagenes=[DOC:import/shopify-products-03c*.csv,image-resolution-fix.csv,image-dimensions.csv]; redirect=[DOC:seo/shopify-redirects-import.csv]",RECONCILED,NO,NO
bikini-waves-terracota,https://radaelliswimwear.com/producto/bikini-waves-terracota,bikini-waves-terracota,SI,BIKINI WAVES TERRACOTA,BIKINI WAVES TERRACOTA,SI,Espuma de Ola,Espuma de Ola,SI,No,TERRACOTA,TERRACOTA,SI,S/M/L,S/M/L,SI,LG-ESP-000004,LG-ESP-000004-S|LG-ESP-000004-M|LG-ESP-000004-L,SI,199900,159920 (-20% visible; precio anterior tachado 199900),159920,199900,SI,3,3,SI,1800x2400,SI,SI,200,Inicio / Espuma de Ola / BIKINI WAVES TERRACOTA,2,DIFFERENCE,"DIFERENCIA: posicion en el orden por defecto de Espuma de Ola: sitio actual 2 vs Dev 4 (el sitio actual ordena por 'Novedades', la Dev por orden manual; sin decision documentada) [MEDIDO-03G current-site/espuma-de-ola.html, dev-collections.json] || DIFERENCIA: el sitio actual publica stock por talla (S:25|M:25|L:25) y la Dev no rastrea inventario (inventory_tracked=NO): sin cantidades cargadas Shopify vendria sin limite; pendiente de la duena [MEDIDO-03G producto_*.html; DOC:catalog/shopify-post-import-audit.csv]",espuma-de-ola,2,4,No,No,,titulo+descripcion,S/M/L,LG-ESP,$ 159.920 Precio anterior $ 199.900 -20%,20,1800x2400|1800x2400|1800x2400,IGUALES_A_LA_FUENTE,S:25|M:25|L:25,75,NO_RASTREADO (inventory_tracked=NO; 3/3 variantes disponibles),Inicio / Espuma de Ola / BIKINI WAVES TERRACOTA,SI,SI,4 (Organization+WebSite+Product+BreadcrumbList),texto igual tras quitar viñetas y espacios; formato: '•' del sitio actual -> lista HTML en Shopify,"actual=[MEDIDO-03G launch/evidence/current-site/producto_bikini-waves-terracota.html]; shopify=[MEDIDO-03G launch/evidence/dev-products.jsonl,dev-collections.json]; catalogo=[DOC:catalog/products-master.csv,variants-master.csv,shopify-post-import-audit.csv]; imagenes=[DOC:import/shopify-products-03c*.csv,image-resolution-fix.csv,image-dimensions.csv]; redirect=[DOC:seo/shopify-redirects-import.csv]",RECONCILED,NO,NO
bikini-waves-verde-oliva,https://radaelliswimwear.com/producto/bikini-waves-verde-oliva,bikini-waves-verde-oliva,SI,BIKINI WAVES VERDE OLIVA,BIKINI WAVES VERDE OLIVA,SI,Espuma de Ola,Espuma de Ola,SI,No,VERDE OLIVA,VERDE OLIVA,SI,S/M/L,S/M/L,SI,LG-ESP-000005,LG-ESP-000005-S|LG-ESP-000005-M|LG-ESP-000005-L,SI,199900,159920 (-20% visible; precio anterior tachado 199900),159920,199900,SI,3,3,SI,1800x2400,SI,SI,200,Inicio / Espuma de Ola / BIKINI WAVES VERDE OLIVA,2,DIFFERENCE,"DIFERENCIA: posicion en el orden por defecto de Espuma de Ola: sitio actual 3 vs Dev 2 (el sitio actual ordena por 'Novedades', la Dev por orden manual; sin decision documentada) [MEDIDO-03G current-site/espuma-de-ola.html, dev-collections.json] || DIFERENCIA: el sitio actual publica stock por talla (S:25|M:25|L:25) y la Dev no rastrea inventario (inventory_tracked=NO): sin cantidades cargadas Shopify vendria sin limite; pendiente de la duena [MEDIDO-03G producto_*.html; DOC:catalog/shopify-post-import-audit.csv]",espuma-de-ola,3,2,No,No,,titulo+descripcion,S/M/L,LG-ESP,$ 159.920 Precio anterior $ 199.900 -20%,20,1800x2400|1800x2400|3024x4032,IGUALES_A_LA_FUENTE,S:25|M:25|L:25,75,NO_RASTREADO (inventory_tracked=NO; 3/3 variantes disponibles),Inicio / Espuma de Ola / BIKINI WAVES VERDE OLIVA,SI,SI,4 (Organization+WebSite+Product+BreadcrumbList),texto igual tras quitar viñetas y espacios; formato: '•' del sitio actual -> lista HTML en Shopify,"actual=[MEDIDO-03G launch/evidence/current-site/producto_bikini-waves-verde-oliva.html]; shopify=[MEDIDO-03G launch/evidence/dev-products.jsonl,dev-collections.json]; catalogo=[DOC:catalog/products-master.csv,variants-master.csv,shopify-post-import-audit.csv]; imagenes=[DOC:import/shopify-products-03c*.csv,image-resolution-fix.csv,image-dimensions.csv]; redirect=[DOC:seo/shopify-redirects-import.csv]",RECONCILED,NO,NO
brisa-natural-beige,https://radaelliswimwear.com/producto/brisa-natural-beige,brisa-natural-beige,SI,BRISA NATURAL BEIGE,BRISA NATURAL BEIGE,SI,Oasis Natural,Oasis Natural,SI,No,BEIGE,BEIGE,SI,S/M/L,S/M/L,SI,RSONEN022,RSONEN022-S|RSONEN022-M|RSONEN022-L,SI,249900,199920 (-20% visible; precio anterior tachado 249900),199920,249900,SI,3,3,SI,381x678,SI,SI,200,Inicio / Oasis Natural / BRISA NATURAL BEIGE,2,DIFFERENCE,"INTENCIONAL: flag featured=true en el sitio actual pero la Home actual no lo muestra (los 3 de Oasis Natural quedan fuera de 'Productos destacados'); Dev tampoco lo incluye en Destacados [DOC:theme/03D-missing-assets-audit.md secc. 5] || DIFERENCIA: posicion en el orden por defecto de Oasis Natural: sitio actual 2 vs Dev 10 (el sitio actual ordena por 'Novedades', la Dev por orden manual; sin decision documentada) [MEDIDO-03G current-site/oasis-natural.html, dev-collections.json] || DIFERENCIA: el sitio actual publica stock por talla (S:25|M:25|L:25) y la Dev no rastrea inventario (inventory_tracked=NO): sin cantidades cargadas Shopify vendria sin limite; pendiente de la duena [MEDIDO-03G producto_*.html; DOC:catalog/shopify-post-import-audit.csv] || imagen(es) de baja resolucion (lado largo < 1200 px [INFERIDO]): pos 1 381x678 = mismas dimensiones que la fuente (limite del original, heredado del sitio actual)",oasis-natural,2,10,No,Sí,,titulo+descripcion,S/M/L,RSONEN,$ 199.920 Precio anterior $ 249.900 -20%,20,381x678|1350x2400|1350x2400,IGUALES_A_LA_FUENTE,S:25|M:25|L:25,75,NO_RASTREADO (inventory_tracked=NO; 3/3 variantes disponibles),Inicio / Oasis Natural / BRISA NATURAL BEIGE,SI,SI,4 (Organization+WebSite+Product+BreadcrumbList),texto igual tras quitar viñetas y espacios; formato: '•' del sitio actual -> lista HTML en Shopify,"actual=[MEDIDO-03G launch/evidence/current-site/producto_brisa-natural-beige.html]; shopify=[MEDIDO-03G launch/evidence/dev-products.jsonl,dev-collections.json]; catalogo=[DOC:catalog/products-master.csv,variants-master.csv,shopify-post-import-audit.csv]; imagenes=[DOC:import/shopify-products-03c*.csv,image-resolution-fix.csv,image-dimensions.csv]; redirect=[DOC:seo/shopify-redirects-import.csv]",RECONCILED_WITH_INTENTIONAL_DIFFERENCE,NO,NO
brisa-natural-naranja,https://radaelliswimwear.com/producto/brisa-natural-naranja,brisa-natural-naranja,SI,BRISA NATURAL NARANJA,BRISA NATURAL NARANJA,SI,Oasis Natural,Oasis Natural,SI,No,NARANJA,NARANJA,SI,S/M/L,S/M/L,SI,RSONEN024,RSONEN024-S|RSONEN024-M|RSONEN024-L,SI,249900,199920 (-20% visible; precio anterior tachado 249900),199920,249900,SI,3,3,SI,1032x1835,SI,SI,200,Inicio / Oasis Natural / BRISA NATURAL NARANJA,2,DIFFERENCE,"DIFERENCIA: posicion en el orden por defecto de Oasis Natural: sitio actual 9 vs Dev 6 (el sitio actual ordena por 'Novedades', la Dev por orden manual; sin decision documentada) [MEDIDO-03G current-site/oasis-natural.html, dev-collections.json] || DIFERENCIA: el sitio actual publica stock por talla (S:25|M:25|L:25) y la Dev no rastrea inventario (inventory_tracked=NO): sin cantidades cargadas Shopify vendria sin limite; pendiente de la duena [MEDIDO-03G producto_*.html; DOC:catalog/shopify-post-import-audit.csv]",oasis-natural,9,6,No,No,,titulo+descripcion,S/M/L,RSONEN,$ 199.920 Precio anterior $ 249.900 -20%,20,1032x1835|1096x1948|1152x2048,IGUALES_A_LA_FUENTE,S:25|M:25|L:25,75,NO_RASTREADO (inventory_tracked=NO; 3/3 variantes disponibles),Inicio / Oasis Natural / BRISA NATURAL NARANJA,SI,SI,4 (Organization+WebSite+Product+BreadcrumbList),texto igual tras quitar viñetas y espacios; formato: '•' del sitio actual -> lista HTML en Shopify,"actual=[MEDIDO-03G launch/evidence/current-site/producto_brisa-natural-naranja.html]; shopify=[MEDIDO-03G launch/evidence/dev-products.jsonl,dev-collections.json]; catalogo=[DOC:catalog/products-master.csv,variants-master.csv,shopify-post-import-audit.csv]; imagenes=[DOC:import/shopify-products-03c*.csv,image-resolution-fix.csv,image-dimensions.csv]; redirect=[DOC:seo/shopify-redirects-import.csv]",RECONCILED,NO,NO
camiseta-solar-waves-negro,https://radaelliswimwear.com/producto/camiseta-solar-waves-negro,camiseta-solar-waves-negro,SI,CAMISETA SOLAR WAVES NEGRO,CAMISETA SOLAR WAVES NEGRO,SI,Aurora Viva,Aurora Viva,SI,No,NEGRO,NEGRO,SI,S/M/L y XL,S/M/L y XL,SI,LG-AUR-000009,LG-AUR-000009-S|LG-AUR-000009-M|LG-AUR-000009-L y XL,SI,199900,159920 (-20% visible; precio anterior tachado 199900),159920,199900,SI,3,3,SI,3333x5000,SI,SI,200,Inicio / Aurora Viva / CAMISETA SOLAR WAVES NEGRO,2,DIFFERENCE,"INTENCIONAL: 3 de 3 imagenes reducidas a 5000 px de lado largo (limite de Shopify; misma foto) [DOC:import/image-resolution-fix.csv] || DIFERENCIA: posicion en el orden por defecto de Aurora Viva: sitio actual 12 vs Dev 10 (el sitio actual ordena por 'Novedades', la Dev por orden manual; sin decision documentada) [MEDIDO-03G current-site/aurora-viva.html, dev-collections.json] || DIFERENCIA: el sitio actual publica stock por talla (S:25|M:25|L y XL:25) y la Dev no rastrea inventario (inventory_tracked=NO): sin cantidades cargadas Shopify vendria sin limite; pendiente de la duena [MEDIDO-03G producto_*.html; DOC:catalog/shopify-post-import-audit.csv] || talla no estandar 'L y XL': combina L y XL en una sola variante; heredado del sitio actual (mismo nombre y un solo stock) || SKU con espacios ('LG-AUR-000009-L y XL'): heredado del identificador 'L y XL'",aurora-viva,12,10,No,No,,titulo,S/M/L y XL,LG-AUR,$ 159.920 Precio anterior $ 199.900 -20%,20,3333x5000|3333x5000|3333x5000,3_REDUCIDAS_A_5000_PX+0_IGUALES_A_LA_FUENTE,S:25|M:25|L y XL:25,75,NO_RASTREADO (inventory_tracked=NO; 3/3 variantes disponibles),Inicio / Aurora Viva / CAMISETA SOLAR WAVES NEGRO,SI,SI,4 (Organization+WebSite+Product+BreadcrumbList),texto igual tras quitar viñetas y espacios; formato: '•' del sitio actual -> lista HTML en Shopify,"actual=[MEDIDO-03G launch/evidence/current-site/producto_camiseta-solar-waves-negro.html]; shopify=[MEDIDO-03G launch/evidence/dev-products.jsonl,dev-collections.json]; catalogo=[DOC:catalog/products-master.csv,variants-master.csv,shopify-post-import-audit.csv]; imagenes=[DOC:import/shopify-products-03c*.csv,image-resolution-fix.csv,image-dimensions.csv]; redirect=[DOC:seo/shopify-redirects-import.csv]",RECONCILED_WITH_INTENTIONAL_DIFFERENCE,NO,NO
COSTA-ESMERALDA-AZUL,https://radaelliswimwear.com/producto/COSTA-ESMERALDA-AZUL,costa-esmeralda-azul,SI,COSTA ESMERALDA AZUL,COSTA ESMERALDA AZUL,SI,Oasis Natural,Oasis Natural,SI,No,Azul,AZUL,SI_SOLO_MAYUSCULAS,S/M/L,S/M/L,SI,RSONBI021,RSONBI021-S|RSONBI021-M|RSONBI021-L,SI,229900,183920 (-20% visible; precio anterior tachado 229900),183920,229900,SI,3,3,SI,559x994,SI,SI,200,Inicio / Oasis Natural / COSTA ESMERALDA AZUL,2,DIFFERENCE,"INTENCIONAL: handle en minusculas: 'COSTA-ESMERALDA-AZUL' -> 'costa-esmeralda-azul' (Shopify solo admite minusculas; redireccion incluida) || INTENCIONAL: flag featured=true en el sitio actual pero la Home actual no lo muestra (los 3 de Oasis Natural quedan fuera de 'Productos destacados'); Dev tampoco lo incluye en Destacados [DOC:theme/03D-missing-assets-audit.md secc. 5] || INTENCIONAL: color 'Azul' -> 'AZUL' solo cambia a MAYUSCULAS [DOC:import/color-mapping.csv] || DIFERENCIA: posicion en el orden por defecto de Oasis Natural: sitio actual 1 vs Dev 9 (el sitio actual ordena por 'Novedades', la Dev por orden manual; sin decision documentada) [MEDIDO-03G current-site/oasis-natural.html, dev-collections.json] || DIFERENCIA: el sitio actual publica stock por talla (S:24|M:23|L:25) y la Dev no rastrea inventario (inventory_tracked=NO): sin cantidades cargadas Shopify vendria sin limite; pendiente de la duena [MEDIDO-03G producto_*.html; DOC:catalog/shopify-post-import-audit.csv] || redirect en el CSV usa la mayuscula exacta del sitio actual; 03F midio que Shopify no distingue mayusculas [DOC:seo/03F-redirect-import-result.md] || imagen(es) de baja resolucion (lado largo < 1200 px [INFERIDO]): pos 2 559x994 = mismas dimensiones que la fuente (limite del original, heredado del sitio actual) || URL actual con mayuscula en el sitemap y en la ficha [MEDIDO-03G sitemap.xml.txt]; la variante en minusculas responde 404 en el sitio actual [MEDIDO-03G launch/evidence/current-site-probe/index.json]",oasis-natural,1,9,No,Sí,,titulo+descripcion,S/M/L,RSONBI,$ 183.920 Precio anterior $ 229.900 -20%,20,934x1660|559x994|1152x2048,IGUALES_A_LA_FUENTE,S:24|M:23|L:25,72,NO_RASTREADO (inventory_tracked=NO; 3/3 variantes disponibles),Inicio / Oasis Natural / COSTA ESMERALDA AZUL,SI,SI,4 (Organization+WebSite+Product+BreadcrumbList),texto igual tras quitar viñetas y espacios; formato: '•' del sitio actual -> lista HTML en Shopify,"actual=[MEDIDO-03G launch/evidence/current-site/producto_COSTA-ESMERALDA-AZUL.html]; shopify=[MEDIDO-03G launch/evidence/dev-products.jsonl,dev-collections.json]; catalogo=[DOC:catalog/products-master.csv,variants-master.csv,shopify-post-import-audit.csv]; imagenes=[DOC:import/shopify-products-03c*.csv,image-resolution-fix.csv,image-dimensions.csv]; redirect=[DOC:seo/shopify-redirects-import.csv]",RECONCILED_WITH_INTENTIONAL_DIFFERENCE,NO,NO
costa-esmeralda-negro,https://radaelliswimwear.com/producto/costa-esmeralda-negro,costa-esmeralda-negro,SI,COSTA ESMERALDA NEGRO,COSTA ESMERALDA NEGRO,SI,Oasis Natural,Oasis Natural,SI,No,NEGRO,NEGRO,SI,S/M/L,S/M/L,SI,RSONBI023,RSONBI023-S|RSONBI023-M|RSONBI023-L,SI,229900,183920 (-20% visible; precio anterior tachado 229900),183920,229900,SI,3,3,SI,1057x1879,SI,SI,200,Inicio / Oasis Natural / COSTA ESMERALDA NEGRO,2,DIFFERENCE,"DIFERENCIA: posicion en el orden por defecto de Oasis Natural: sitio actual 5 vs Dev 8 (el sitio actual ordena por 'Novedades', la Dev por orden manual; sin decision documentada) [MEDIDO-03G current-site/oasis-natural.html, dev-collections.json] || DIFERENCIA: el sitio actual publica stock por talla (S:25|M:25|L:25) y la Dev no rastrea inventario (inventory_tracked=NO): sin cantidades cargadas Shopify vendria sin limite; pendiente de la duena [MEDIDO-03G producto_*.html; DOC:catalog/shopify-post-import-audit.csv]",oasis-natural,5,8,No,No,,titulo+descripcion,S/M/L,RSONBI,$ 183.920 Precio anterior $ 229.900 -20%,20,1152x2048|1152x2048|1057x1879,IGUALES_A_LA_FUENTE,S:25|M:25|L:25,75,NO_RASTREADO (inventory_tracked=NO; 3/3 variantes disponibles),Inicio / Oasis Natural / COSTA ESMERALDA NEGRO,SI,SI,4 (Organization+WebSite+Product+BreadcrumbList),texto igual tras quitar viñetas y espacios; formato: '•' del sitio actual -> lista HTML en Shopify,"actual=[MEDIDO-03G launch/evidence/current-site/producto_costa-esmeralda-negro.html]; shopify=[MEDIDO-03G launch/evidence/dev-products.jsonl,dev-collections.json]; catalogo=[DOC:catalog/products-master.csv,variants-master.csv,shopify-post-import-audit.csv]; imagenes=[DOC:import/shopify-products-03c*.csv,image-resolution-fix.csv,image-dimensions.csv]; redirect=[DOC:seo/shopify-redirects-import.csv]",RECONCILED,NO,NO
enterizo-shadow-palm-azul-marino,https://radaelliswimwear.com/producto/enterizo-shadow-palm-azul-marino,enterizo-shadow-palm-azul-marino,SI,ENTERIZO SHADOW PALM NEGRO,ENTERIZO SHADOW PALM NEGRO,SI,Espuma de Ola,Espuma de Ola,SI,Sí,NEGRO,NEGRO,SI,S/M/L,S/M/L,SI,LG-ESP-000008,LG-ESP-000008-S|LG-ESP-000008-M|LG-ESP-000008-L,SI,229900,183920 (-20% visible; precio anterior tachado 229900),183920,229900,SI,3,3,SI,1800x2400,SI,SI,200,Inicio / Espuma de Ola / ENTERIZO SHADOW PALM NEGRO,2,DIFFERENCE,"DIFERENCIA: posicion en el orden por defecto de Espuma de Ola: sitio actual 6 vs Dev 5 (el sitio actual ordena por 'Novedades', la Dev por orden manual; sin decision documentada) [MEDIDO-03G current-site/espuma-de-ola.html, dev-collections.json] || DIFERENCIA: el sitio actual publica stock por talla (S:25|M:25|L:25) y la Dev no rastrea inventario (inventory_tracked=NO): sin cantidades cargadas Shopify vendria sin limite; pendiente de la duena [MEDIDO-03G producto_*.html; DOC:catalog/shopify-post-import-audit.csv] || el handle no refleja el titulo ('enterizo-shadow-palm-azul-marino' vs 'ENTERIZO SHADOW PALM NEGRO'): heredado del sitio actual, mismo slug en la URL vigente",espuma-de-ola+destacados,6,5,Sí,Sí,,titulo+descripcion,S/M/L,LG-ESP,$ 183.920 Precio anterior $ 229.900 -20%,20,1800x2400|1800x2400|3024x4032,IGUALES_A_LA_FUENTE,S:25|M:25|L:25,75,NO_RASTREADO (inventory_tracked=NO; 3/3 variantes disponibles),Inicio / Espuma de Ola / ENTERIZO SHADOW PALM NEGRO,SI,SI,4 (Organization+WebSite+Product+BreadcrumbList),texto igual tras quitar viñetas y espacios; formato: '•' del sitio actual -> lista HTML en Shopify,"actual=[MEDIDO-03G launch/evidence/current-site/producto_enterizo-shadow-palm-azul-marino.html]; shopify=[MEDIDO-03G launch/evidence/dev-products.jsonl,dev-collections.json]; catalogo=[DOC:catalog/products-master.csv,variants-master.csv,shopify-post-import-audit.csv]; imagenes=[DOC:import/shopify-products-03c*.csv,image-resolution-fix.csv,image-dimensions.csv]; redirect=[DOC:seo/shopify-redirects-import.csv]",RECONCILED,NO,NO
entero-golden-hour,https://radaelliswimwear.com/producto/entero-golden-hour,entero-golden-hour,SI,ENTERO GOLDEN HOUR,ENTERO GOLDEN HOUR,SI,Espuma de Ola,Espuma de Ola,SI,Sí,Mostaza,MOSTAZA,SI_SOLO_MAYUSCULAS,S/M/L,S/M/L,SI,LG-ESP-000003,LG-ESP-000003-S|LG-ESP-000003-M|LG-ESP-000003-L,SI,229900,183920 (-20% visible; precio anterior tachado 229900),183920,229900,SI,3,3,SI,1800x2400,SI,SI,200,Inicio / Espuma de Ola / ENTERO GOLDEN HOUR,2,DIFFERENCE,"INTENCIONAL: color 'Mostaza' -> 'MOSTAZA' solo cambia a MAYUSCULAS [DOC:import/color-mapping.csv] || INTENCIONAL: tag de busqueda 'MOSTAZA' agregado en Shopify (el color no esta en titulo ni descripcion) [DOC:catalog/color-search-tag-map.csv] || DIFERENCIA: posicion en el orden por defecto de Espuma de Ola: sitio actual 1 vs Dev 7 (el sitio actual ordena por 'Novedades', la Dev por orden manual; sin decision documentada) [MEDIDO-03G current-site/espuma-de-ola.html, dev-collections.json] || DIFERENCIA: el sitio actual publica stock por talla (S:25|M:25|L:25) y la Dev no rastrea inventario (inventory_tracked=NO): sin cantidades cargadas Shopify vendria sin limite; pendiente de la duena [MEDIDO-03G producto_*.html; DOC:catalog/shopify-post-import-audit.csv]",espuma-de-ola+destacados,1,7,Sí,Sí,MOSTAZA,tag,S/M/L,LG-ESP,$ 183.920 Precio anterior $ 229.900 -20%,20,1800x2400|1800x2400|1800x2400,IGUALES_A_LA_FUENTE,S:25|M:25|L:25,75,NO_RASTREADO (inventory_tracked=NO; 3/3 variantes disponibles),Inicio / Espuma de Ola / ENTERO GOLDEN HOUR,SI,SI,4 (Organization+WebSite+Product+BreadcrumbList),texto igual tras quitar viñetas y espacios; formato: '•' del sitio actual -> lista HTML en Shopify,"actual=[MEDIDO-03G launch/evidence/current-site/producto_entero-golden-hour.html]; shopify=[MEDIDO-03G launch/evidence/dev-products.jsonl,dev-collections.json]; catalogo=[DOC:catalog/products-master.csv,variants-master.csv,shopify-post-import-audit.csv]; imagenes=[DOC:import/shopify-products-03c*.csv,image-resolution-fix.csv,image-dimensions.csv]; redirect=[DOC:seo/shopify-redirects-import.csv]",RECONCILED_WITH_INTENTIONAL_DIFFERENCE,NO,NO
marea-natural,https://radaelliswimwear.com/producto/marea-natural,marea-natural,SI,MAREA NATURAL BEIGE,MAREA NATURAL BEIGE,SI,Oasis Natural,Oasis Natural,SI,No,BEIGE,BEIGE,SI,S/M/L,S/M/L,SI,RSONBI032,RSONBI032-S|RSONBI032-M|RSONBI032-L,SI,229900,183920 (-20% visible; precio anterior tachado 229900),183920,229900,SI,3,3,SI,1026x1824,SI,SI,200,Inicio / Oasis Natural / MAREA NATURAL BEIGE,2,DIFFERENCE,"DIFERENCIA: posicion en el orden por defecto de Oasis Natural: sitio actual 3 vs Dev 1 (el sitio actual ordena por 'Novedades', la Dev por orden manual; sin decision documentada) [MEDIDO-03G current-site/oasis-natural.html, dev-collections.json] || DIFERENCIA: el sitio actual publica stock por talla (S:25|M:25|L:25) y la Dev no rastrea inventario (inventory_tracked=NO): sin cantidades cargadas Shopify vendria sin limite; pendiente de la duena [MEDIDO-03G producto_*.html; DOC:catalog/shopify-post-import-audit.csv] || el handle no refleja el titulo ('marea-natural' vs 'MAREA NATURAL BEIGE'): heredado del sitio actual, mismo slug en la URL vigente",oasis-natural,3,1,No,No,,titulo+descripcion,S/M/L,RSONBI,$ 183.920 Precio anterior $ 229.900 -20%,20,1152x2048|1026x1824|1152x2048,IGUALES_A_LA_FUENTE,S:25|M:25|L:25,75,NO_RASTREADO (inventory_tracked=NO; 3/3 variantes disponibles),Inicio / Oasis Natural / MAREA NATURAL BEIGE,SI,SI,4 (Organization+WebSite+Product+BreadcrumbList),texto igual tras quitar viñetas y espacios; formato: '•' del sitio actual -> lista HTML en Shopify,"actual=[MEDIDO-03G launch/evidence/current-site/producto_marea-natural.html]; shopify=[MEDIDO-03G launch/evidence/dev-products.jsonl,dev-collections.json]; catalogo=[DOC:catalog/products-master.csv,variants-master.csv,shopify-post-import-audit.csv]; imagenes=[DOC:import/shopify-products-03c*.csv,image-resolution-fix.csv,image-dimensions.csv]; redirect=[DOC:seo/shopify-redirects-import.csv]",RECONCILED,NO,NO
marea-natural-naranja,https://radaelliswimwear.com/producto/marea-natural-naranja,marea-natural-naranja,SI,MAREA NATURAL NARANJA,MAREA NATURAL NARANJA,SI,Oasis Natural,Oasis Natural,SI,No,NARANJA,NARANJA,SI,S/M/L,S/M/L,SI,RSONBI034,RSONBI034-S|RSONBI034-M|RSONBI034-L,SI,229900,183920 (-20% visible; precio anterior tachado 229900),183920,229900,SI,3,3,SI,976x1736,SI,SI,200,Inicio / Oasis Natural / MAREA NATURAL NARANJA,2,DIFFERENCE,"DIFERENCIA: posicion en el orden por defecto de Oasis Natural: sitio actual 6 vs Dev 3 (el sitio actual ordena por 'Novedades', la Dev por orden manual; sin decision documentada) [MEDIDO-03G current-site/oasis-natural.html, dev-collections.json] || DIFERENCIA: el sitio actual publica stock por talla (S:25|M:25|L:25) y la Dev no rastrea inventario (inventory_tracked=NO): sin cantidades cargadas Shopify vendria sin limite; pendiente de la duena [MEDIDO-03G producto_*.html; DOC:catalog/shopify-post-import-audit.csv]",oasis-natural,6,3,No,No,,titulo+descripcion,S/M/L,RSONBI,$ 183.920 Precio anterior $ 229.900 -20%,20,976x1736|1152x2048|2048x1152,IGUALES_A_LA_FUENTE,S:25|M:25|L:25,75,NO_RASTREADO (inventory_tracked=NO; 3/3 variantes disponibles),Inicio / Oasis Natural / MAREA NATURAL NARANJA,SI,SI,4 (Organization+WebSite+Product+BreadcrumbList),texto igual tras quitar viñetas y espacios; formato: '•' del sitio actual -> lista HTML en Shopify,"actual=[MEDIDO-03G launch/evidence/current-site/producto_marea-natural-naranja.html]; shopify=[MEDIDO-03G launch/evidence/dev-products.jsonl,dev-collections.json]; catalogo=[DOC:catalog/products-master.csv,variants-master.csv,shopify-post-import-audit.csv]; imagenes=[DOC:import/shopify-products-03c*.csv,image-resolution-fix.csv,image-dimensions.csv]; redirect=[DOC:seo/shopify-redirects-import.csv]",RECONCILED,NO,NO
oasis-serena-azul,https://radaelliswimwear.com/producto/oasis-serena-azul,oasis-serena-azul,SI,OASIS SERENA AZUL,OASIS SERENA AZUL,SI,Oasis Natural,Oasis Natural,SI,No,AZUL,AZUL,SI,S/M/L,S/M/L,SI,RSONEN011,RSONEN011-S|RSONEN011-M|RSONEN011-L,SI,249900,199920 (-20% visible; precio anterior tachado 249900),199920,249900,SI,3,3,SI,689x1224,SI,SI,200,Inicio / Oasis Natural / OASIS SERENA AZUL,2,DIFFERENCE,"INTENCIONAL: flag featured=true en el sitio actual pero la Home actual no lo muestra (los 3 de Oasis Natural quedan fuera de 'Productos destacados'); Dev tampoco lo incluye en Destacados [DOC:theme/03D-missing-assets-audit.md secc. 5] || DIFERENCIA: posicion en el orden por defecto de Oasis Natural: sitio actual 4 vs Dev 7 (el sitio actual ordena por 'Novedades', la Dev por orden manual; sin decision documentada) [MEDIDO-03G current-site/oasis-natural.html, dev-collections.json] || DIFERENCIA: el sitio actual publica stock por talla (S:25|M:25|L:25) y la Dev no rastrea inventario (inventory_tracked=NO): sin cantidades cargadas Shopify vendria sin limite; pendiente de la duena [MEDIDO-03G producto_*.html; DOC:catalog/shopify-post-import-audit.csv]",oasis-natural,4,7,No,Sí,,titulo+descripcion,S/M/L,RSONEN,$ 199.920 Precio anterior $ 249.900 -20%,20,689x1224|1083x1925|1152x2048,IGUALES_A_LA_FUENTE,S:25|M:25|L:25,75,NO_RASTREADO (inventory_tracked=NO; 3/3 variantes disponibles),Inicio / Oasis Natural / OASIS SERENA AZUL,SI,SI,4 (Organization+WebSite+Product+BreadcrumbList),texto igual tras quitar viñetas y espacios; formato: '•' del sitio actual -> lista HTML en Shopify,"actual=[MEDIDO-03G launch/evidence/current-site/producto_oasis-serena-azul.html]; shopify=[MEDIDO-03G launch/evidence/dev-products.jsonl,dev-collections.json]; catalogo=[DOC:catalog/products-master.csv,variants-master.csv,shopify-post-import-audit.csv]; imagenes=[DOC:import/shopify-products-03c*.csv,image-resolution-fix.csv,image-dimensions.csv]; redirect=[DOC:seo/shopify-redirects-import.csv]",RECONCILED_WITH_INTENTIONAL_DIFFERENCE,NO,NO
oasis-serena-negro,https://radaelliswimwear.com/producto/oasis-serena-negro,oasis-serena-negro,SI,OASIS SERENA NEGRO,OASIS SERENA NEGRO,SI,Oasis Natural,Oasis Natural,SI,No,NEGRO,NEGRO,SI,S/M/L,S/M/L,SI,RSONEN013,RSONEN013-S|RSONEN013-M|RSONEN013-L,SI,249900,199920 (-20% visible; precio anterior tachado 249900),199920,249900,SI,3,3,SI,958x1704,SI,SI,200,Inicio / Oasis Natural / OASIS SERENA NEGRO,2,DIFFERENCE,"DIFERENCIA: posicion en el orden por defecto de Oasis Natural: sitio actual 10 vs Dev 4 (el sitio actual ordena por 'Novedades', la Dev por orden manual; sin decision documentada) [MEDIDO-03G current-site/oasis-natural.html, dev-collections.json] || DIFERENCIA: el sitio actual publica stock por talla (S:25|M:25|L:25) y la Dev no rastrea inventario (inventory_tracked=NO): sin cantidades cargadas Shopify vendria sin limite; pendiente de la duena [MEDIDO-03G producto_*.html; DOC:catalog/shopify-post-import-audit.csv]",oasis-natural,10,4,No,No,,titulo+descripcion,S/M/L,RSONEN,$ 199.920 Precio anterior $ 249.900 -20%,20,958x1704|1152x2048|1152x2048,IGUALES_A_LA_FUENTE,S:25|M:25|L:25,75,NO_RASTREADO (inventory_tracked=NO; 3/3 variantes disponibles),Inicio / Oasis Natural / OASIS SERENA NEGRO,SI,SI,4 (Organization+WebSite+Product+BreadcrumbList),texto igual tras quitar viñetas y espacios; formato: '•' del sitio actual -> lista HTML en Shopify,"actual=[MEDIDO-03G launch/evidence/current-site/producto_oasis-serena-negro.html]; shopify=[MEDIDO-03G launch/evidence/dev-products.jsonl,dev-collections.json]; catalogo=[DOC:catalog/products-master.csv,variants-master.csv,shopify-post-import-audit.csv]; imagenes=[DOC:import/shopify-products-03c*.csv,image-resolution-fix.csv,image-dimensions.csv]; redirect=[DOC:seo/shopify-redirects-import.csv]",RECONCILED,NO,NO
raices-del-sol-azul-oscuro,https://radaelliswimwear.com/producto/raices-del-sol-azul-oscuro,raices-del-sol-azul-oscuro,SI,RAÍCES DEL SOL AZUL OSCURO,RAÍCES DEL SOL AZUL OSCURO,SI,Aurora Viva,Aurora Viva,SI,No,AZUL OSCURO,AZUL OSCURO,SI,S/M/L/XL,S/M/L/XL,SI,LG-AUR-000004,LG-AUR-000004-S|LG-AUR-000004-M|LG-AUR-000004-L|LG-AUR-000004-XL,SI,209900,167920 (-20% visible; precio anterior tachado 209900),167920,209900,SI,4,4,SI,3333x5000,SI,SI,200,Inicio / Aurora Viva / RAÍCES DEL SOL AZUL OSCURO,2,DIFFERENCE,"INTENCIONAL: 4 de 4 imagenes reducidas a 5000 px de lado largo (limite de Shopify; misma foto) [DOC:import/image-resolution-fix.csv] || DIFERENCIA: posicion en el orden por defecto de Aurora Viva: sitio actual 4 vs Dev 11 (el sitio actual ordena por 'Novedades', la Dev por orden manual; sin decision documentada) [MEDIDO-03G current-site/aurora-viva.html, dev-collections.json] || DIFERENCIA: el sitio actual publica stock por talla (S:25|M:25|L:25|XL:25) y la Dev no rastrea inventario (inventory_tracked=NO): sin cantidades cargadas Shopify vendria sin limite; pendiente de la duena [MEDIDO-03G producto_*.html; DOC:catalog/shopify-post-import-audit.csv]",aurora-viva,4,11,No,No,,titulo+descripcion,S/M/L/XL,LG-AUR,$ 167.920 Precio anterior $ 209.900 -20%,20,3333x5000|3333x5000|3333x5000|3333x5000,4_REDUCIDAS_A_5000_PX+0_IGUALES_A_LA_FUENTE,S:25|M:25|L:25|XL:25,100,NO_RASTREADO (inventory_tracked=NO; 4/4 variantes disponibles),Inicio / Aurora Viva / RAÍCES DEL SOL AZUL OSCURO,SI,SI,4 (Organization+WebSite+Product+BreadcrumbList),texto igual tras quitar viñetas y espacios; formato: '•' del sitio actual -> lista HTML en Shopify,"actual=[MEDIDO-03G launch/evidence/current-site/producto_raices-del-sol-azul-oscuro.html]; shopify=[MEDIDO-03G launch/evidence/dev-products.jsonl,dev-collections.json]; catalogo=[DOC:catalog/products-master.csv,variants-master.csv,shopify-post-import-audit.csv]; imagenes=[DOC:import/shopify-products-03c*.csv,image-resolution-fix.csv,image-dimensions.csv]; redirect=[DOC:seo/shopify-redirects-import.csv]",RECONCILED_WITH_INTENTIONAL_DIFFERENCE,NO,NO
raices-del-sol-beige-suave,https://radaelliswimwear.com/producto/raices-del-sol-beige-suave,raices-del-sol-beige-suave,SI,RAÍCES DEL SOL BEIGE SUAVE,RAÍCES DEL SOL BEIGE SUAVE,SI,Aurora Viva,Aurora Viva,SI,Sí,BEIGE SUAVE,BEIGE SUAVE,SI,S/M/L/XL,S/M/L/XL,SI,LG-HOM-000001,LG-HOM-000001-S|LG-HOM-000001-M|LG-HOM-000001-L|LG-HOM-000001-XL,SI,209900,167920 (-20% visible; precio anterior tachado 209900),167920,209900,SI,3,3,SI,3333x5000,SI,SI,200,Inicio / Aurora Viva / RAÍCES DEL SOL BEIGE SUAVE,2,DIFFERENCE,"INTENCIONAL: 3 de 3 imagenes reducidas a 5000 px de lado largo (limite de Shopify; misma foto) [DOC:import/image-resolution-fix.csv] || DIFERENCIA: posicion en el orden por defecto de Aurora Viva: sitio actual 5 vs Dev 1 (el sitio actual ordena por 'Novedades', la Dev por orden manual; sin decision documentada) [MEDIDO-03G current-site/aurora-viva.html, dev-collections.json] || DIFERENCIA: el sitio actual publica stock por talla (S:25|M:25|L:25|XL:25) y la Dev no rastrea inventario (inventory_tracked=NO): sin cantidades cargadas Shopify vendria sin limite; pendiente de la duena [MEDIDO-03G producto_*.html; DOC:catalog/shopify-post-import-audit.csv] || el SKU usa el prefijo LG-HOM pero la coleccion es Aurora Viva (los demas de esa coleccion usan LG-AUR): heredado del sitio actual [INFERIDO: el prefijo no coincide con la coleccion]",aurora-viva+destacados,5,1,Sí,Sí,,titulo,S/M/L/XL,LG-HOM,$ 167.920 Precio anterior $ 209.900 -20%,20,3333x5000|3333x5000|3333x5000,3_REDUCIDAS_A_5000_PX+0_IGUALES_A_LA_FUENTE,S:25|M:25|L:25|XL:25,100,NO_RASTREADO (inventory_tracked=NO; 4/4 variantes disponibles),Inicio / Aurora Viva / RAÍCES DEL SOL BEIGE SUAVE,SI,SI,4 (Organization+WebSite+Product+BreadcrumbList),texto igual tras quitar viñetas y espacios; formato: '•' del sitio actual -> lista HTML en Shopify,"actual=[MEDIDO-03G launch/evidence/current-site/producto_raices-del-sol-beige-suave.html]; shopify=[MEDIDO-03G launch/evidence/dev-products.jsonl,dev-collections.json]; catalogo=[DOC:catalog/products-master.csv,variants-master.csv,shopify-post-import-audit.csv]; imagenes=[DOC:import/shopify-products-03c*.csv,image-resolution-fix.csv,image-dimensions.csv]; redirect=[DOC:seo/shopify-redirects-import.csv]",RECONCILED_WITH_INTENTIONAL_DIFFERENCE,NO,NO
sol-interno-beige-suave,https://radaelliswimwear.com/producto/sol-interno-beige-suave,sol-interno-beige-suave,SI,SOL INTERNO BEIGE SUAVE,SOL INTERNO BEIGE SUAVE,SI,Aurora Viva,Aurora Viva,SI,No,BEIGE SUAVE,BEIGE SUAVE,SI,S/M/L/XL,S/M/L/XL,SI,LG-AUR-000005,LG-AUR-000005-S|LG-AUR-000005-M|LG-AUR-000005-L|LG-AUR-000005-XL,SI,209900,167920 (-20% visible; precio anterior tachado 209900),167920,209900,SI,4,4,SI,3333x5000,SI,SI,200,Inicio / Aurora Viva / SOL INTERNO BEIGE SUAVE,2,DIFFERENCE,"INTENCIONAL: 4 de 4 imagenes reducidas a 5000 px de lado largo (limite de Shopify; misma foto) [DOC:import/image-resolution-fix.csv] || DIFERENCIA: posicion en el orden por defecto de Aurora Viva: sitio actual 7 vs Dev 8 (el sitio actual ordena por 'Novedades', la Dev por orden manual; sin decision documentada) [MEDIDO-03G current-site/aurora-viva.html, dev-collections.json] || DIFERENCIA: el sitio actual publica stock por talla (S:25|M:25|L:25|XL:25) y la Dev no rastrea inventario (inventory_tracked=NO): sin cantidades cargadas Shopify vendria sin limite; pendiente de la duena [MEDIDO-03G producto_*.html; DOC:catalog/shopify-post-import-audit.csv]",aurora-viva,7,8,No,No,,titulo,S/M/L/XL,LG-AUR,$ 167.920 Precio anterior $ 209.900 -20%,20,3333x5000|3333x5000|3333x5000|3333x5000,4_REDUCIDAS_A_5000_PX+0_IGUALES_A_LA_FUENTE,S:25|M:25|L:25|XL:25,100,NO_RASTREADO (inventory_tracked=NO; 4/4 variantes disponibles),Inicio / Aurora Viva / SOL INTERNO BEIGE SUAVE,SI,SI,4 (Organization+WebSite+Product+BreadcrumbList),texto igual tras quitar viñetas y espacios; formato: '•' del sitio actual -> lista HTML en Shopify,"actual=[MEDIDO-03G launch/evidence/current-site/producto_sol-interno-beige-suave.html]; shopify=[MEDIDO-03G launch/evidence/dev-products.jsonl,dev-collections.json]; catalogo=[DOC:catalog/products-master.csv,variants-master.csv,shopify-post-import-audit.csv]; imagenes=[DOC:import/shopify-products-03c*.csv,image-resolution-fix.csv,image-dimensions.csv]; redirect=[DOC:seo/shopify-redirects-import.csv]",RECONCILED_WITH_INTENTIONAL_DIFFERENCE,NO,NO
sol-interno-cafe-claro,https://radaelliswimwear.com/producto/sol-interno-cafe-claro,sol-interno-cafe-claro,SI,SOL INTERNO CAFÉ CLARO,SOL INTERNO CAFÉ CLARO,SI,Aurora Viva,Aurora Viva,SI,No,CAFÉ CLARO,CAFÉ CLARO,SI,S/M/L/XL,S/M/L/XL,SI,LG-HOM-000002,LG-HOM-000002-S|LG-HOM-000002-M|LG-HOM-000002-L|LG-HOM-000002-XL,SI,209900,167920 (-20% visible; precio anterior tachado 209900),167920,209900,SI,4,4,SI,3333x5000,SI,SI,200,Inicio / Aurora Viva / SOL INTERNO CAFÉ CLARO,2,DIFFERENCE,"INTENCIONAL: 4 de 4 imagenes reducidas a 5000 px de lado largo (limite de Shopify; misma foto) [DOC:import/image-resolution-fix.csv] || DIFERENCIA: posicion en el orden por defecto de Aurora Viva: sitio actual 6 vs Dev 7 (el sitio actual ordena por 'Novedades', la Dev por orden manual; sin decision documentada) [MEDIDO-03G current-site/aurora-viva.html, dev-collections.json] || DIFERENCIA: el sitio actual publica stock por talla (S:25|M:25|L:25|XL:25) y la Dev no rastrea inventario (inventory_tracked=NO): sin cantidades cargadas Shopify vendria sin limite; pendiente de la duena [MEDIDO-03G producto_*.html; DOC:catalog/shopify-post-import-audit.csv] || el SKU usa el prefijo LG-HOM pero la coleccion es Aurora Viva (los demas de esa coleccion usan LG-AUR): heredado del sitio actual [INFERIDO: el prefijo no coincide con la coleccion]",aurora-viva,6,7,No,No,,titulo+descripcion,S/M/L/XL,LG-HOM,$ 167.920 Precio anterior $ 209.900 -20%,20,3333x5000|3333x5000|3333x5000|3333x5000,4_REDUCIDAS_A_5000_PX+0_IGUALES_A_LA_FUENTE,S:25|M:25|L:25|XL:25,100,NO_RASTREADO (inventory_tracked=NO; 4/4 variantes disponibles),Inicio / Aurora Viva / SOL INTERNO CAFÉ CLARO,SI,SI,4 (Organization+WebSite+Product+BreadcrumbList),texto igual tras quitar viñetas y espacios; formato: '•' del sitio actual -> lista HTML en Shopify,"actual=[MEDIDO-03G launch/evidence/current-site/producto_sol-interno-cafe-claro.html]; shopify=[MEDIDO-03G launch/evidence/dev-products.jsonl,dev-collections.json]; catalogo=[DOC:catalog/products-master.csv,variants-master.csv,shopify-post-import-audit.csv]; imagenes=[DOC:import/shopify-products-03c*.csv,image-resolution-fix.csv,image-dimensions.csv]; redirect=[DOC:seo/shopify-redirects-import.csv]",RECONCILED_WITH_INTENTIONAL_DIFFERENCE,NO,NO
