id,surface,current_url,current_http,current_class,redirect_to,shopify_url,dev_evidence,status,content_parity,function_parity,visual_parity,measured,not_measured,evidence_tags,root_cause,proposed_destination
RP-001,Home,https://radaelliswimwear.com/,200,DIRECT,,/,dev-routes.json:/ 200; dev-home.json,BLOCKED_BY_OWNER,GAP,GAP,NOT_MEASURED,"h1 igual; secciones en el mismo orden (hero, categorías, editorial, destacados, promo, newsletter); hero: sitio actual 4 <video> (hero + 3 tarjetas); Dev 0 imágenes y 0 videos (variante de respaldo); título ""Trajes de baño de diseño en Colombia"" vs ""Radaelli Swimwear Dev""; meta description 109 caracteres vs 0; editorial: 6 de 8 productos coinciden (orden distinto); destacados: mismos 7 productos, orden distinto (el sitio actual los baraja en cada visita y una colección manual tiene orden fijo: diferencia ya documentada en 03D); CTA newsletter ""Quiero enterarme"" vs ""Suscribirme""; barra de anuncio: texto renderizado igual en ambos (""20% de descuento en toda la tienda""); el HTML del sitio actual trae ""20<!-- -->%"" y al quitar las etiquetas queda ""20 %"" con un espacio que no se ve: no es una diferencia (corregido en la verificación independiente); destino del CTA del hero (""Compra de forma sostenible"") y del promo (""Descubrir la colección""): sitio actual #productos y #productos; Dev #categorias y #categorias; logo del encabezado: sitio actual imagen (/logo/radaelli-swimwear.png); Dev texto con el nombre de la tienda (""Radaelli Swimwear Dev""), sin imagen; frase ""envío gratis desde $299.900"" + enlace a política de envíos: presente en sitio actual, ausente en Dev; selector COP/USD en el encabezado: presente en sitio actual, ausente en Dev; sección ""Recomendado para vos"": oculta en Dev (sin colección, C2); no aparece en el HTML anónimo del sitio actual (es algorítmica y depende de localStorage, según 03D)","visual (otro proceso), JSON-LD Organization/WebSite en Dev, video del hero en móvil; esta fila resume solo lo que mide este script: el detalle completo de la Home (11 diferencias, incluidas insignias de la editorial y redes en el encabezado) está en theme/03G-home-parity.md","[MEDIDO-03G];[DOC:theme/03F-owner-actions-minimal.md];[DOC:theme/03D-free-shipping-audit.md];[DOC:theme/03D-missing-assets-audit.md §5];[DOC:theme/03G-home-parity.md HP-02, HP-03]",A4 media; C1 meta; orden de colecciones; selector de moneda; CTA a #categorias; logo sin imagen,
RP-002,Home,NOT_APPLICABLE,NOT_APPLICABLE,SHOPIFY_ONLY,,/en,dev-routes.json:/en 200; dev-home.json hreflang,PASS_WITH_INTENTIONAL_CHANGE,INTENTIONAL_CHANGE,NOT_APPLICABLE,NOT_MEASURED,"200; canonical /en; hreflang x-default /, es /, en /en; el sitio actual es solo español (<html lang=""es"">, 0 hreflang)",calidad de la traducción; catálogo en inglés,[MEDIDO-03G];[DOC:theme-src/README.md],idioma /en nuevo,
RP-003,Colección,https://radaelliswimwear.com/oasis-natural,200,REDIRECT,/collections/oasis-natural,/collections/oasis-natural,dev-collections.json:oasis-natural 200,BLOCKED_BY_OWNER,GAP,GAP,NOT_MEASURED,"productos 10 vs 10 (mismo conjunto); orden por defecto DISTINTO; h1 igual; meta description 66 vs 66 caracteres; banner: sitio actual con imagen; Dev sin imagen (variante de respaldo); filtros: sitio actual [Talla, Color, Precio]; Dev [Ordenar por, Precio]; canonical propio y sin noindex en Dev","visual, vista rápida de tarjetas, selector de 2/3/4 columnas, paginación",[MEDIDO-03G];[DOC:seo/03F-redirect-import-result.md],A3 filtros; A4 banner; orden por defecto,
RP-004,Colección,https://radaelliswimwear.com/aurora-viva,200,REDIRECT,/collections/aurora-viva,/collections/aurora-viva,dev-collections.json:aurora-viva 200,BLOCKED_BY_OWNER,GAP,GAP,NOT_MEASURED,"productos 12 vs 12 (mismo conjunto); orden por defecto DISTINTO; h1 igual; meta description 69 vs 69 caracteres; banner: sitio actual con imagen; Dev sin imagen (variante de respaldo); filtros: sitio actual [Talla, Color, Precio]; Dev [Ordenar por, Precio]; canonical propio y sin noindex en Dev","visual, vista rápida de tarjetas, selector de 2/3/4 columnas, paginación",[MEDIDO-03G];[DOC:seo/03F-redirect-import-result.md],A3 filtros; A4 banner; orden por defecto,
RP-005,Colección,https://radaelliswimwear.com/espuma-de-ola,200,REDIRECT,/collections/espuma-de-ola,/collections/espuma-de-ola,dev-collections.json:espuma-de-ola 200,BLOCKED_BY_OWNER,GAP,GAP,NOT_MEASURED,"productos 7 vs 7 (mismo conjunto); orden por defecto DISTINTO; h1 igual; meta description 63 vs 63 caracteres; banner: sitio actual con imagen; Dev sin imagen (variante de respaldo); filtros: sitio actual [Talla, Color, Precio]; Dev [Ordenar por, Precio]; canonical propio y sin noindex en Dev","visual, vista rápida de tarjetas, selector de 2/3/4 columnas, paginación",[MEDIDO-03G];[DOC:seo/03F-redirect-import-result.md],A3 filtros; A4 banner; orden por defecto,
RP-006,Colección,https://radaelliswimwear.com/salidas-de-bano,200,REDIRECT,/collections/salidas-de-bano,/collections/salidas-de-bano,dev-collections.json:salidas-de-bano 200,BLOCKED_BY_OWNER,GAP,NOT_MEASURED,NOT_MEASURED,"productos 0 vs 0 (mismo conjunto); orden por defecto n/a (vacía); h1 igual; meta description 65 vs 65 caracteres; banner: sitio actual con imagen; Dev sin imagen (variante de respaldo); filtros: con 0 productos el sitio actual igual dibuja [Talla, Color, Precio] y Dev solo [Ordenar por]; no se cuenta como GAP de función porque no hay productos que filtrar (function_parity queda NOT_MEASURED); canonical propio y sin noindex en Dev","visual, vista rápida de tarjetas, selector de 2/3/4 columnas, paginación",[MEDIDO-03G];[DOC:seo/03F-redirect-import-result.md],A4 banner,
RP-007,Colección,https://radaelliswimwear.com/accesorios,200,EXCEPTION_NOT_MIGRATED,,NOT_APPLICABLE,"dev-collections.json: /collections.json lista 6 colecciones, accesorios no está",NOT_APPLICABLE,NOT_APPLICABLE,NOT_APPLICABLE,NOT_APPLICABLE,"sitio actual: 200, 0 productos enlazados, robots ""index, follow"", EN sitemap actual; meta description ""Los detalles que definen el conjunto.""; Dev: la colección no existe",GET del 404 en la Dev Store (inferido de /collections.json),[MEDIDO-03G];[DOC:seo/03E-redirect-plan.md §4.1];[INFERIDO] 404 en Dev,decisión abierta /accesorios,
RP-008,Colección,https://radaelliswimwear.com/hombre,200,EXCEPTION_NOT_MIGRATED,,NOT_APPLICABLE,"dev-collections.json: /collections.json lista 6 colecciones, hombre no está",NOT_APPLICABLE,NOT_APPLICABLE,NOT_APPLICABLE,NOT_APPLICABLE,"sitio actual: 200, 0 productos enlazados, robots ""index, follow"", fuera del sitemap actual; meta description ""Sastrería moderna y esenciales atemporales para hombre.""; Dev: la colección no existe",GET del 404 en la Dev Store (inferido de /collections.json),[MEDIDO-03G];[DOC:seo/03E-redirect-plan.md §4.1];[INFERIDO] 404 en Dev,colección archivada,
RP-009,Colección,https://radaelliswimwear.com/mujer,200,EXCEPTION_NOT_MIGRATED,,NOT_APPLICABLE,"dev-collections.json: /collections.json lista 6 colecciones, mujer no está",NOT_APPLICABLE,NOT_APPLICABLE,NOT_APPLICABLE,NOT_APPLICABLE,"sitio actual: 200, 0 productos enlazados, robots ""index, follow"", fuera del sitemap actual; meta description ""Siluetas fluidas y materiales nobles para mujer.""; Dev: la colección no existe",GET del 404 en la Dev Store (inferido de /collections.json),[MEDIDO-03G];[DOC:seo/03E-redirect-plan.md §4.1];[INFERIDO] 404 en Dev,colección archivada,
RP-010,Colección,https://radaelliswimwear.com/ninos,200,EXCEPTION_NOT_MIGRATED,,NOT_APPLICABLE,"dev-collections.json: /collections.json lista 6 colecciones, ninos no está",NOT_APPLICABLE,NOT_APPLICABLE,NOT_APPLICABLE,NOT_APPLICABLE,"sitio actual: 200, 0 productos enlazados, robots ""index, follow"", fuera del sitemap actual; meta description ""Comodidad y estilo para los más pequeños.""; Dev: la colección no existe",GET del 404 en la Dev Store (inferido de /collections.json),[MEDIDO-03G];[DOC:seo/03E-redirect-plan.md §4.1];[INFERIDO] 404 en Dev,colección archivada,
RP-011,Colección,https://radaelliswimwear.com/calzado,200,EXCEPTION_NOT_MIGRATED,,NOT_APPLICABLE,"dev-collections.json: /collections.json lista 6 colecciones, calzado no está",NOT_APPLICABLE,NOT_APPLICABLE,NOT_APPLICABLE,NOT_APPLICABLE,"sitio actual: 200, 0 productos enlazados, robots ""index, follow"", fuera del sitemap actual; meta description ""Zapatillas y calzado de diseño atemporal.""; Dev: la colección no existe",GET del 404 en la Dev Store (inferido de /collections.json),[MEDIDO-03G];[DOC:seo/03E-redirect-plan.md §4.1];[INFERIDO] 404 en Dev,colección archivada,
RP-012,Colección,NOT_APPLICABLE,NOT_APPLICABLE,SHOPIFY_ONLY,,/collections/destacados,dev-collections.json:destacados 200,PASS_WITH_INTENTIONAL_CHANGE,INTENTIONAL_CHANGE,NOT_APPLICABLE,NOT_MEASURED,"200; 7 productos; alimenta la vidriera ""Productos destacados"" de la Home; meta description 0 caracteres; robots """" (indexable)",si aparece en el sitemap de Shopify,[MEDIDO-03G];[DOC:seo/03F-seo-final-validation.md],colección de apoyo,
RP-013,Colección,NOT_APPLICABLE,NOT_APPLICABLE,SHOPIFY_ONLY,,/collections/frontpage,dev-collections.json:frontpage 200,BLOCKED_BY_OWNER,NOT_APPLICABLE,NOT_APPLICABLE,NOT_APPLICABLE,"200; 0 productos; h1 ""Home page""; robots """" (indexable); creada por Shopify",si aparece en el sitemap (03F lo reporta),[MEDIDO-03G];[DOC:seo/03F-seo-final-validation.md #2],sobrantes de Shopify (C5),
RP-014,Colección,NOT_APPLICABLE,NOT_APPLICABLE,SHOPIFY_ONLY,,/collections/all,dev-routes.json:/collections/all 200,PASS_WITH_INTENTIONAL_CHANGE,NOT_APPLICABLE,NOT_APPLICABLE,NOT_APPLICABLE,"200; h1 ""Productos""; robots """" (indexable)",contenido y orden,[MEDIDO-03G],ruta nativa nueva,
RP-015,Producto,https://radaelliswimwear.com/producto/alba-dorada-beige-suave,200,REDIRECT,/products/alba-dorada-beige-suave,/products/alba-dorada-beige-suave,dev-products.jsonl:alba-dorada-beige-suave pdp=200,PASS_WITH_INTENTIONAL_CHANGE,MATCH,NOT_MEASURED,NOT_MEASURED,"PDP Dev 200, canonical propio, sin noindex, h1 = título, JSON-LD x2, botón de favoritos presente; nombre/descripción/imágenes(3)/SKU/precio(167920.00)/precio anterior(209900.00)/categoría/tallas(S-M-L-XL)/disponibilidad: iguales al sitio actual; color igual; miga de pan igual (medida en RC1.7); sitio actual muestra contador de vistas; se eliminó a propósito en el theme (prueba social inventada; theme/product-page-report.md)","agregar al carrito y selección de variante, disponibilidad y compra con país CO (A1), guía de tallas (A4), acordeones, visual; la evidencia de miga y JSON-LD BreadcrumbList es de RC1.7 (vigente RC1.8); descripciones comparadas sin viñetas ni espacios",[MEDIDO-03G];[DOC:theme/product-page-report.md:64];[DOC:theme-src/README.md],ninguna,
RP-016,Producto,https://radaelliswimwear.com/producto/alba-dorada-cafe-claro,200,REDIRECT,/products/alba-dorada-cafe-claro,/products/alba-dorada-cafe-claro,dev-products.jsonl:alba-dorada-cafe-claro pdp=200,BLOCKED_BY_OWNER,GAP,NOT_MEASURED,NOT_MEASURED,"PDP Dev 200, canonical propio, sin noindex, h1 = título, JSON-LD x2, botón de favoritos presente; nombre/descripción/imágenes(5)/SKU/precio(167920.00)/precio anterior(209900.00)/categoría/tallas(S-M-L-XL)/disponibilidad: DIFIEREN en tallas; color igual; miga de pan igual (medida en RC1.7); sitio actual muestra contador de vistas; se eliminó a propósito en el theme (prueba social inventada; theme/product-page-report.md)","agregar al carrito y selección de variante, disponibilidad y compra con país CO (A1), guía de tallas (A4), acordeones, visual; la evidencia de miga y JSON-LD BreadcrumbList es de RC1.7 (vigente RC1.8); descripciones comparadas sin viñetas ni espacios",[MEDIDO-03G];[DOC:theme/product-page-report.md:64];[DOC:theme-src/README.md],catálogo: tallas,
RP-017,Producto,https://radaelliswimwear.com/producto/alba-dorada-lila,200,REDIRECT,/products/alba-dorada-lila,/products/alba-dorada-lila,dev-products.jsonl:alba-dorada-lila pdp=200,PASS_WITH_INTENTIONAL_CHANGE,MATCH,NOT_MEASURED,NOT_MEASURED,"PDP Dev 200, canonical propio, sin noindex, h1 = título, JSON-LD x2, botón de favoritos presente; nombre/descripción/imágenes(4)/SKU/precio(167920.00)/precio anterior(209900.00)/categoría/tallas(S-M-L-XL)/disponibilidad: iguales al sitio actual; color igual; miga de pan igual (medida en RC1.7); sitio actual muestra contador de vistas; se eliminó a propósito en el theme (prueba social inventada; theme/product-page-report.md)","agregar al carrito y selección de variante, disponibilidad y compra con país CO (A1), guía de tallas (A4), acordeones, visual; la evidencia de miga y JSON-LD BreadcrumbList es de RC1.7 (vigente RC1.8); descripciones comparadas sin viñetas ni espacios",[MEDIDO-03G];[DOC:theme/product-page-report.md:64];[DOC:theme-src/README.md],ninguna,
RP-018,Producto,https://radaelliswimwear.com/producto/amanecer-dorado-lila,200,REDIRECT,/products/amanecer-dorado-lila,/products/amanecer-dorado-lila,dev-products.jsonl:amanecer-dorado-lila pdp=200,PASS_WITH_INTENTIONAL_CHANGE,MATCH,NOT_MEASURED,NOT_MEASURED,"PDP Dev 200, canonical propio, sin noindex, h1 = título, JSON-LD x2, botón de favoritos presente; nombre/descripción/imágenes(4)/SKU/precio(167920.00)/precio anterior(209900.00)/categoría/tallas(S-M-L-XL)/disponibilidad: iguales al sitio actual; color igual; una imagen tiene sufijo UUID de Shopify en el nombre de archivo (mismo nombre base); miga de pan igual (medida en RC1.7); sitio actual muestra contador de vistas; se eliminó a propósito en el theme (prueba social inventada; theme/product-page-report.md)","agregar al carrito y selección de variante, disponibilidad y compra con país CO (A1), guía de tallas (A4), acordeones, visual; la evidencia de miga y JSON-LD BreadcrumbList es de RC1.7 (vigente RC1.8); descripciones comparadas sin viñetas ni espacios",[MEDIDO-03G];[DOC:theme/product-page-report.md:64];[DOC:theme-src/README.md],ninguna,
RP-019,Producto,https://radaelliswimwear.com/producto/amanecer-dorado-terracota,200,REDIRECT,/products/amanecer-dorado-terracota,/products/amanecer-dorado-terracota,dev-products.jsonl:amanecer-dorado-terracota pdp=200,PASS_WITH_INTENTIONAL_CHANGE,MATCH,NOT_MEASURED,NOT_MEASURED,"PDP Dev 200, canonical propio, sin noindex, h1 = título, JSON-LD x2, botón de favoritos presente; nombre/descripción/imágenes(3)/SKU/precio(167920.00)/precio anterior(209900.00)/categoría/tallas(S-M-L-XL)/disponibilidad: iguales al sitio actual; color igual; miga de pan igual (medida en RC1.7); sitio actual muestra contador de vistas; se eliminó a propósito en el theme (prueba social inventada; theme/product-page-report.md)","agregar al carrito y selección de variante, disponibilidad y compra con país CO (A1), guía de tallas (A4), acordeones, visual; la evidencia de miga y JSON-LD BreadcrumbList es de RC1.7 (vigente RC1.8); descripciones comparadas sin viñetas ni espacios",[MEDIDO-03G];[DOC:theme/product-page-report.md:64];[DOC:theme-src/README.md],ninguna,
RP-020,Producto,https://radaelliswimwear.com/producto/arena-dorada-beige,200,REDIRECT,/products/arena-dorada-beige,/products/arena-dorada-beige,dev-products.jsonl:arena-dorada-beige pdp=200,PASS_WITH_INTENTIONAL_CHANGE,MATCH,NOT_MEASURED,NOT_MEASURED,"PDP Dev 200, canonical propio, sin noindex, h1 = título, JSON-LD x2, botón de favoritos presente; nombre/descripción/imágenes(3)/SKU/precio(183920.00)/precio anterior(229900.00)/categoría/tallas(S-M-L)/disponibilidad: iguales al sitio actual; color igual; miga de pan igual (medida en RC1.7); sitio actual muestra contador de vistas; se eliminó a propósito en el theme (prueba social inventada; theme/product-page-report.md)","agregar al carrito y selección de variante, disponibilidad y compra con país CO (A1), guía de tallas (A4), acordeones, visual; la evidencia de miga y JSON-LD BreadcrumbList es de RC1.7 (vigente RC1.8); descripciones comparadas sin viñetas ni espacios",[MEDIDO-03G];[DOC:theme/product-page-report.md:64];[DOC:theme-src/README.md],ninguna,
RP-021,Producto,https://radaelliswimwear.com/producto/arena-dorada-negro,200,REDIRECT,/products/arena-dorada-negro,/products/arena-dorada-negro,dev-products.jsonl:arena-dorada-negro pdp=200,PASS_WITH_INTENTIONAL_CHANGE,MATCH,NOT_MEASURED,NOT_MEASURED,"PDP Dev 200, canonical propio, sin noindex, h1 = título, JSON-LD x2, botón de favoritos presente; nombre/descripción/imágenes(3)/SKU/precio(183920.00)/precio anterior(229900.00)/categoría/tallas(S-M-L)/disponibilidad: iguales al sitio actual; color igual; miga de pan igual (medida en RC1.7); sitio actual muestra contador de vistas; se eliminó a propósito en el theme (prueba social inventada; theme/product-page-report.md)","agregar al carrito y selección de variante, disponibilidad y compra con país CO (A1), guía de tallas (A4), acordeones, visual; la evidencia de miga y JSON-LD BreadcrumbList es de RC1.7 (vigente RC1.8); descripciones comparadas sin viñetas ni espacios",[MEDIDO-03G];[DOC:theme/product-page-report.md:64];[DOC:theme-src/README.md],ninguna,
RP-022,Producto,https://radaelliswimwear.com/producto/aurora-total-azul-oscuro,200,REDIRECT,/products/aurora-total-azul-oscuro,/products/aurora-total-azul-oscuro,dev-products.jsonl:aurora-total-azul-oscuro pdp=200,PASS_WITH_INTENTIONAL_CHANGE,MATCH,NOT_MEASURED,NOT_MEASURED,"PDP Dev 200, canonical propio, sin noindex, h1 = título, JSON-LD x2, botón de favoritos presente; nombre/descripción/imágenes(3)/SKU/precio(183920.00)/precio anterior(229900.00)/categoría/tallas(S-M-L-XL)/disponibilidad: iguales al sitio actual; color igual; miga de pan igual (medida en RC1.7); sitio actual muestra contador de vistas; se eliminó a propósito en el theme (prueba social inventada; theme/product-page-report.md)","agregar al carrito y selección de variante, disponibilidad y compra con país CO (A1), guía de tallas (A4), acordeones, visual; la evidencia de miga y JSON-LD BreadcrumbList es de RC1.7 (vigente RC1.8); descripciones comparadas sin viñetas ni espacios",[MEDIDO-03G];[DOC:theme/product-page-report.md:64];[DOC:theme-src/README.md],ninguna,
RP-023,Producto,https://radaelliswimwear.com/producto/aurora-total-terracota,200,REDIRECT,/products/aurora-total-terracota,/products/aurora-total-terracota,dev-products.jsonl:aurora-total-terracota pdp=200,PASS_WITH_INTENTIONAL_CHANGE,MATCH,NOT_MEASURED,NOT_MEASURED,"PDP Dev 200, canonical propio, sin noindex, h1 = título, JSON-LD x2, botón de favoritos presente; nombre/descripción/imágenes(4)/SKU/precio(183920.00)/precio anterior(229900.00)/categoría/tallas(S-M-L-XL)/disponibilidad: iguales al sitio actual; color igual; miga de pan igual (medida en RC1.7); sitio actual muestra contador de vistas; se eliminó a propósito en el theme (prueba social inventada; theme/product-page-report.md)","agregar al carrito y selección de variante, disponibilidad y compra con país CO (A1), guía de tallas (A4), acordeones, visual; la evidencia de miga y JSON-LD BreadcrumbList es de RC1.7 (vigente RC1.8); descripciones comparadas sin viñetas ni espacios",[MEDIDO-03G];[DOC:theme/product-page-report.md:64];[DOC:theme-src/README.md],ninguna,
RP-024,Producto,https://radaelliswimwear.com/producto/bikini-foam,200,REDIRECT,/products/bikini-foam,/products/bikini-foam,dev-products.jsonl:bikini-foam pdp=200,PASS_WITH_INTENTIONAL_CHANGE,MATCH,NOT_MEASURED,NOT_MEASURED,"PDP Dev 200, canonical propio, sin noindex, h1 = título, JSON-LD x2, botón de favoritos presente; nombre/descripción/imágenes(3)/SKU/precio(159920.00)/precio anterior(199900.00)/categoría/tallas(S-M-L)/disponibilidad: iguales al sitio actual; color igual; miga de pan igual (medida en RC1.7); sitio actual muestra contador de vistas; se eliminó a propósito en el theme (prueba social inventada; theme/product-page-report.md)","agregar al carrito y selección de variante, disponibilidad y compra con país CO (A1), guía de tallas (A4), acordeones, visual; la evidencia de miga y JSON-LD BreadcrumbList es de RC1.7 (vigente RC1.8); descripciones comparadas sin viñetas ni espacios",[MEDIDO-03G];[DOC:theme/product-page-report.md:64];[DOC:theme-src/README.md],ninguna,
RP-025,Producto,https://radaelliswimwear.com/producto/bikini-palm-verde-oliva,200,REDIRECT,/products/bikini-palm-verde-oliva,/products/bikini-palm-verde-oliva,dev-products.jsonl:bikini-palm-verde-oliva pdp=200,PASS_WITH_INTENTIONAL_CHANGE,MATCH,NOT_MEASURED,NOT_MEASURED,"PDP Dev 200, canonical propio, sin noindex, h1 = título, JSON-LD x2, botón de favoritos presente; nombre/descripción/imágenes(3)/SKU/precio(159920.00)/precio anterior(199900.00)/categoría/tallas(S-M-L)/disponibilidad: iguales al sitio actual; color igual; miga de pan igual (medida en RC1.7); sitio actual muestra contador de vistas; se eliminó a propósito en el theme (prueba social inventada; theme/product-page-report.md)","agregar al carrito y selección de variante, disponibilidad y compra con país CO (A1), guía de tallas (A4), acordeones, visual; la evidencia de miga y JSON-LD BreadcrumbList es de RC1.7 (vigente RC1.8); descripciones comparadas sin viñetas ni espacios",[MEDIDO-03G];[DOC:theme/product-page-report.md:64];[DOC:theme-src/README.md],ninguna,
RP-026,Producto,https://radaelliswimwear.com/producto/bikini-shadow-azul-marino,200,REDIRECT,/products/bikini-shadow-azul-marino,/products/bikini-shadow-azul-marino,dev-products.jsonl:bikini-shadow-azul-marino pdp=200,PASS_WITH_INTENTIONAL_CHANGE,MATCH,NOT_MEASURED,NOT_MEASURED,"PDP Dev 200, canonical propio, sin noindex, h1 = título, JSON-LD x2, botón de favoritos presente; nombre/descripción/imágenes(3)/SKU/precio(159920.00)/precio anterior(199900.00)/categoría/tallas(S-M-L)/disponibilidad: iguales al sitio actual; color igual; miga de pan igual (medida en RC1.7); sitio actual muestra contador de vistas; se eliminó a propósito en el theme (prueba social inventada; theme/product-page-report.md)","agregar al carrito y selección de variante, disponibilidad y compra con país CO (A1), guía de tallas (A4), acordeones, visual; la evidencia de miga y JSON-LD BreadcrumbList es de RC1.7 (vigente RC1.8); descripciones comparadas sin viñetas ni espacios",[MEDIDO-03G];[DOC:theme/product-page-report.md:64];[DOC:theme-src/README.md],ninguna,
RP-027,Producto,https://radaelliswimwear.com/producto/bikini-waves-terracota,200,REDIRECT,/products/bikini-waves-terracota,/products/bikini-waves-terracota,dev-products.jsonl:bikini-waves-terracota pdp=200,PASS_WITH_INTENTIONAL_CHANGE,MATCH,NOT_MEASURED,NOT_MEASURED,"PDP Dev 200, canonical propio, sin noindex, h1 = título, JSON-LD x2, botón de favoritos presente; nombre/descripción/imágenes(3)/SKU/precio(159920.00)/precio anterior(199900.00)/categoría/tallas(S-M-L)/disponibilidad: iguales al sitio actual; color igual; miga de pan igual (medida en RC1.7); sitio actual muestra contador de vistas; se eliminó a propósito en el theme (prueba social inventada; theme/product-page-report.md)","agregar al carrito y selección de variante, disponibilidad y compra con país CO (A1), guía de tallas (A4), acordeones, visual; la evidencia de miga y JSON-LD BreadcrumbList es de RC1.7 (vigente RC1.8); descripciones comparadas sin viñetas ni espacios",[MEDIDO-03G];[DOC:theme/product-page-report.md:64];[DOC:theme-src/README.md],ninguna,
RP-028,Producto,https://radaelliswimwear.com/producto/bikini-waves-verde-oliva,200,REDIRECT,/products/bikini-waves-verde-oliva,/products/bikini-waves-verde-oliva,dev-products.jsonl:bikini-waves-verde-oliva pdp=200,PASS_WITH_INTENTIONAL_CHANGE,MATCH,NOT_MEASURED,NOT_MEASURED,"PDP Dev 200, canonical propio, sin noindex, h1 = título, JSON-LD x2, botón de favoritos presente; nombre/descripción/imágenes(3)/SKU/precio(159920.00)/precio anterior(199900.00)/categoría/tallas(S-M-L)/disponibilidad: iguales al sitio actual; color igual; miga de pan igual (medida en RC1.7); sitio actual muestra contador de vistas; se eliminó a propósito en el theme (prueba social inventada; theme/product-page-report.md)","agregar al carrito y selección de variante, disponibilidad y compra con país CO (A1), guía de tallas (A4), acordeones, visual; la evidencia de miga y JSON-LD BreadcrumbList es de RC1.7 (vigente RC1.8); descripciones comparadas sin viñetas ni espacios",[MEDIDO-03G];[DOC:theme/product-page-report.md:64];[DOC:theme-src/README.md],ninguna,
RP-029,Producto,https://radaelliswimwear.com/producto/brisa-natural-beige,200,REDIRECT,/products/brisa-natural-beige,/products/brisa-natural-beige,dev-products.jsonl:brisa-natural-beige pdp=200,PASS_WITH_INTENTIONAL_CHANGE,MATCH,NOT_MEASURED,NOT_MEASURED,"PDP Dev 200, canonical propio, sin noindex, h1 = título, JSON-LD x2, botón de favoritos presente; nombre/descripción/imágenes(3)/SKU/precio(199920.00)/precio anterior(249900.00)/categoría/tallas(S-M-L)/disponibilidad: iguales al sitio actual; color igual; miga de pan igual (medida en RC1.7); sitio actual muestra contador de vistas; se eliminó a propósito en el theme (prueba social inventada; theme/product-page-report.md)","agregar al carrito y selección de variante, disponibilidad y compra con país CO (A1), guía de tallas (A4), acordeones, visual; la evidencia de miga y JSON-LD BreadcrumbList es de RC1.7 (vigente RC1.8); descripciones comparadas sin viñetas ni espacios",[MEDIDO-03G];[DOC:theme/product-page-report.md:64];[DOC:theme-src/README.md],ninguna,
RP-030,Producto,https://radaelliswimwear.com/producto/brisa-natural-naranja,200,REDIRECT,/products/brisa-natural-naranja,/products/brisa-natural-naranja,dev-products.jsonl:brisa-natural-naranja pdp=200,PASS_WITH_INTENTIONAL_CHANGE,MATCH,NOT_MEASURED,NOT_MEASURED,"PDP Dev 200, canonical propio, sin noindex, h1 = título, JSON-LD x2, botón de favoritos presente; nombre/descripción/imágenes(3)/SKU/precio(199920.00)/precio anterior(249900.00)/categoría/tallas(S-M-L)/disponibilidad: iguales al sitio actual; color igual; miga de pan igual (medida en RC1.7); sitio actual muestra contador de vistas; se eliminó a propósito en el theme (prueba social inventada; theme/product-page-report.md)","agregar al carrito y selección de variante, disponibilidad y compra con país CO (A1), guía de tallas (A4), acordeones, visual; la evidencia de miga y JSON-LD BreadcrumbList es de RC1.7 (vigente RC1.8); descripciones comparadas sin viñetas ni espacios",[MEDIDO-03G];[DOC:theme/product-page-report.md:64];[DOC:theme-src/README.md],ninguna,
RP-031,Producto,https://radaelliswimwear.com/producto/camiseta-solar-waves-negro,200,REDIRECT,/products/camiseta-solar-waves-negro,/products/camiseta-solar-waves-negro,dev-products.jsonl:camiseta-solar-waves-negro pdp=200,PASS_WITH_INTENTIONAL_CHANGE,MATCH,NOT_MEASURED,NOT_MEASURED,"PDP Dev 200, canonical propio, sin noindex, h1 = título, JSON-LD x2, botón de favoritos presente; nombre/descripción/imágenes(3)/SKU/precio(159920.00)/precio anterior(199900.00)/categoría/tallas(S-M-L y XL)/disponibilidad: iguales al sitio actual; color igual; miga de pan igual (medida en RC1.7); sitio actual muestra contador de vistas; se eliminó a propósito en el theme (prueba social inventada; theme/product-page-report.md)","agregar al carrito y selección de variante, disponibilidad y compra con país CO (A1), guía de tallas (A4), acordeones, visual; la evidencia de miga y JSON-LD BreadcrumbList es de RC1.7 (vigente RC1.8); descripciones comparadas sin viñetas ni espacios",[MEDIDO-03G];[DOC:theme/product-page-report.md:64];[DOC:theme-src/README.md],ninguna,
RP-032,Producto,https://radaelliswimwear.com/producto/COSTA-ESMERALDA-AZUL,200,REDIRECT,/products/costa-esmeralda-azul,/products/costa-esmeralda-azul,dev-products.jsonl:costa-esmeralda-azul pdp=200,PASS_WITH_INTENTIONAL_CHANGE,MATCH,NOT_MEASURED,NOT_MEASURED,"PDP Dev 200, canonical propio, sin noindex, h1 = título, JSON-LD x2, botón de favoritos presente; nombre/descripción/imágenes(3)/SKU/precio(183920.00)/precio anterior(229900.00)/categoría/tallas(S-M-L)/disponibilidad: iguales al sitio actual; color: solo cambia la capitalización (""Azul"" vs ""AZUL""); miga de pan igual (medida en RC1.7); sitio actual muestra contador de vistas; se eliminó a propósito en el theme (prueba social inventada; theme/product-page-report.md)","agregar al carrito y selección de variante, disponibilidad y compra con país CO (A1), guía de tallas (A4), acordeones, visual; la evidencia de miga y JSON-LD BreadcrumbList es de RC1.7 (vigente RC1.8); descripciones comparadas sin viñetas ni espacios",[MEDIDO-03G];[DOC:theme/product-page-report.md:64];[DOC:theme-src/README.md],ninguna,
RP-033,Producto,https://radaelliswimwear.com/producto/costa-esmeralda-negro,200,REDIRECT,/products/costa-esmeralda-negro,/products/costa-esmeralda-negro,dev-products.jsonl:costa-esmeralda-negro pdp=200,PASS_WITH_INTENTIONAL_CHANGE,MATCH,NOT_MEASURED,NOT_MEASURED,"PDP Dev 200, canonical propio, sin noindex, h1 = título, JSON-LD x2, botón de favoritos presente; nombre/descripción/imágenes(3)/SKU/precio(183920.00)/precio anterior(229900.00)/categoría/tallas(S-M-L)/disponibilidad: iguales al sitio actual; color igual; miga de pan igual (medida en RC1.7); sitio actual muestra contador de vistas; se eliminó a propósito en el theme (prueba social inventada; theme/product-page-report.md)","agregar al carrito y selección de variante, disponibilidad y compra con país CO (A1), guía de tallas (A4), acordeones, visual; la evidencia de miga y JSON-LD BreadcrumbList es de RC1.7 (vigente RC1.8); descripciones comparadas sin viñetas ni espacios",[MEDIDO-03G];[DOC:theme/product-page-report.md:64];[DOC:theme-src/README.md],ninguna,
RP-034,Producto,https://radaelliswimwear.com/producto/enterizo-shadow-palm-azul-marino,200,REDIRECT,/products/enterizo-shadow-palm-azul-marino,/products/enterizo-shadow-palm-azul-marino,dev-products.jsonl:enterizo-shadow-palm-azul-marino pdp=200,PASS_WITH_INTENTIONAL_CHANGE,MATCH,NOT_MEASURED,NOT_MEASURED,"PDP Dev 200, canonical propio, sin noindex, h1 = título, JSON-LD x2, botón de favoritos presente; nombre/descripción/imágenes(3)/SKU/precio(183920.00)/precio anterior(229900.00)/categoría/tallas(S-M-L)/disponibilidad: iguales al sitio actual; color igual; miga de pan igual (medida en RC1.7); sitio actual muestra contador de vistas; se eliminó a propósito en el theme (prueba social inventada; theme/product-page-report.md)","agregar al carrito y selección de variante, disponibilidad y compra con país CO (A1), guía de tallas (A4), acordeones, visual; la evidencia de miga y JSON-LD BreadcrumbList es de RC1.7 (vigente RC1.8); descripciones comparadas sin viñetas ni espacios",[MEDIDO-03G];[DOC:theme/product-page-report.md:64];[DOC:theme-src/README.md],ninguna,
RP-035,Producto,https://radaelliswimwear.com/producto/entero-golden-hour,200,REDIRECT,/products/entero-golden-hour,/products/entero-golden-hour,dev-products.jsonl:entero-golden-hour pdp=200,PASS_WITH_INTENTIONAL_CHANGE,MATCH,NOT_MEASURED,NOT_MEASURED,"PDP Dev 200, canonical propio, sin noindex, h1 = título, JSON-LD x2, botón de favoritos presente; nombre/descripción/imágenes(3)/SKU/precio(183920.00)/precio anterior(229900.00)/categoría/tallas(S-M-L)/disponibilidad: iguales al sitio actual; color: solo cambia la capitalización (""Mostaza"" vs ""MOSTAZA""); miga de pan igual (medida en RC1.7); sitio actual muestra contador de vistas; se eliminó a propósito en el theme (prueba social inventada; theme/product-page-report.md)","agregar al carrito y selección de variante, disponibilidad y compra con país CO (A1), guía de tallas (A4), acordeones, visual; la evidencia de miga y JSON-LD BreadcrumbList es de RC1.7 (vigente RC1.8); descripciones comparadas sin viñetas ni espacios",[MEDIDO-03G];[DOC:theme/product-page-report.md:64];[DOC:theme-src/README.md],ninguna,
RP-036,Producto,https://radaelliswimwear.com/producto/marea-natural,200,REDIRECT,/products/marea-natural,/products/marea-natural,dev-products.jsonl:marea-natural pdp=200,PASS_WITH_INTENTIONAL_CHANGE,MATCH,NOT_MEASURED,NOT_MEASURED,"PDP Dev 200, canonical propio, sin noindex, h1 = título, JSON-LD x2, botón de favoritos presente; nombre/descripción/imágenes(3)/SKU/precio(183920.00)/precio anterior(229900.00)/categoría/tallas(S-M-L)/disponibilidad: iguales al sitio actual; color igual; miga de pan igual (medida en RC1.7); sitio actual muestra contador de vistas; se eliminó a propósito en el theme (prueba social inventada; theme/product-page-report.md)","agregar al carrito y selección de variante, disponibilidad y compra con país CO (A1), guía de tallas (A4), acordeones, visual; la evidencia de miga y JSON-LD BreadcrumbList es de RC1.7 (vigente RC1.8); descripciones comparadas sin viñetas ni espacios",[MEDIDO-03G];[DOC:theme/product-page-report.md:64];[DOC:theme-src/README.md],ninguna,
RP-037,Producto,https://radaelliswimwear.com/producto/marea-natural-naranja,200,REDIRECT,/products/marea-natural-naranja,/products/marea-natural-naranja,dev-products.jsonl:marea-natural-naranja pdp=200,PASS_WITH_INTENTIONAL_CHANGE,MATCH,NOT_MEASURED,NOT_MEASURED,"PDP Dev 200, canonical propio, sin noindex, h1 = título, JSON-LD x2, botón de favoritos presente; nombre/descripción/imágenes(3)/SKU/precio(183920.00)/precio anterior(229900.00)/categoría/tallas(S-M-L)/disponibilidad: iguales al sitio actual; color igual; miga de pan igual (medida en RC1.7); sitio actual muestra contador de vistas; se eliminó a propósito en el theme (prueba social inventada; theme/product-page-report.md)","agregar al carrito y selección de variante, disponibilidad y compra con país CO (A1), guía de tallas (A4), acordeones, visual; la evidencia de miga y JSON-LD BreadcrumbList es de RC1.7 (vigente RC1.8); descripciones comparadas sin viñetas ni espacios",[MEDIDO-03G];[DOC:theme/product-page-report.md:64];[DOC:theme-src/README.md],ninguna,
RP-038,Producto,https://radaelliswimwear.com/producto/oasis-serena-azul,200,REDIRECT,/products/oasis-serena-azul,/products/oasis-serena-azul,dev-products.jsonl:oasis-serena-azul pdp=200,PASS_WITH_INTENTIONAL_CHANGE,MATCH,NOT_MEASURED,NOT_MEASURED,"PDP Dev 200, canonical propio, sin noindex, h1 = título, JSON-LD x2, botón de favoritos presente; nombre/descripción/imágenes(3)/SKU/precio(199920.00)/precio anterior(249900.00)/categoría/tallas(S-M-L)/disponibilidad: iguales al sitio actual; color igual; miga de pan igual (medida en RC1.7); sitio actual muestra contador de vistas; se eliminó a propósito en el theme (prueba social inventada; theme/product-page-report.md)","agregar al carrito y selección de variante, disponibilidad y compra con país CO (A1), guía de tallas (A4), acordeones, visual; la evidencia de miga y JSON-LD BreadcrumbList es de RC1.7 (vigente RC1.8); descripciones comparadas sin viñetas ni espacios",[MEDIDO-03G];[DOC:theme/product-page-report.md:64];[DOC:theme-src/README.md],ninguna,
RP-039,Producto,https://radaelliswimwear.com/producto/oasis-serena-negro,200,REDIRECT,/products/oasis-serena-negro,/products/oasis-serena-negro,dev-products.jsonl:oasis-serena-negro pdp=200,PASS_WITH_INTENTIONAL_CHANGE,MATCH,NOT_MEASURED,NOT_MEASURED,"PDP Dev 200, canonical propio, sin noindex, h1 = título, JSON-LD x2, botón de favoritos presente; nombre/descripción/imágenes(3)/SKU/precio(199920.00)/precio anterior(249900.00)/categoría/tallas(S-M-L)/disponibilidad: iguales al sitio actual; color igual; miga de pan igual (medida en RC1.7); sitio actual muestra contador de vistas; se eliminó a propósito en el theme (prueba social inventada; theme/product-page-report.md)","agregar al carrito y selección de variante, disponibilidad y compra con país CO (A1), guía de tallas (A4), acordeones, visual; la evidencia de miga y JSON-LD BreadcrumbList es de RC1.7 (vigente RC1.8); descripciones comparadas sin viñetas ni espacios",[MEDIDO-03G];[DOC:theme/product-page-report.md:64];[DOC:theme-src/README.md],ninguna,
RP-040,Producto,https://radaelliswimwear.com/producto/raices-del-sol-azul-oscuro,200,REDIRECT,/products/raices-del-sol-azul-oscuro,/products/raices-del-sol-azul-oscuro,dev-products.jsonl:raices-del-sol-azul-oscuro pdp=200,PASS_WITH_INTENTIONAL_CHANGE,MATCH,NOT_MEASURED,NOT_MEASURED,"PDP Dev 200, canonical propio, sin noindex, h1 = título, JSON-LD x2, botón de favoritos presente; nombre/descripción/imágenes(4)/SKU/precio(167920.00)/precio anterior(209900.00)/categoría/tallas(S-M-L-XL)/disponibilidad: iguales al sitio actual; color igual; miga de pan igual (medida en RC1.7); sitio actual muestra contador de vistas; se eliminó a propósito en el theme (prueba social inventada; theme/product-page-report.md)","agregar al carrito y selección de variante, disponibilidad y compra con país CO (A1), guía de tallas (A4), acordeones, visual; la evidencia de miga y JSON-LD BreadcrumbList es de RC1.7 (vigente RC1.8); descripciones comparadas sin viñetas ni espacios",[MEDIDO-03G];[DOC:theme/product-page-report.md:64];[DOC:theme-src/README.md],ninguna,
RP-041,Producto,https://radaelliswimwear.com/producto/raices-del-sol-beige-suave,200,REDIRECT,/products/raices-del-sol-beige-suave,/products/raices-del-sol-beige-suave,dev-products.jsonl:raices-del-sol-beige-suave pdp=200,PASS_WITH_INTENTIONAL_CHANGE,MATCH,NOT_MEASURED,NOT_MEASURED,"PDP Dev 200, canonical propio, sin noindex, h1 = título, JSON-LD x2, botón de favoritos presente; nombre/descripción/imágenes(3)/SKU/precio(167920.00)/precio anterior(209900.00)/categoría/tallas(S-M-L-XL)/disponibilidad: iguales al sitio actual; color igual; miga de pan igual (medida en RC1.7); sitio actual muestra contador de vistas; se eliminó a propósito en el theme (prueba social inventada; theme/product-page-report.md)","agregar al carrito y selección de variante, disponibilidad y compra con país CO (A1), guía de tallas (A4), acordeones, visual; la evidencia de miga y JSON-LD BreadcrumbList es de RC1.7 (vigente RC1.8); descripciones comparadas sin viñetas ni espacios",[MEDIDO-03G];[DOC:theme/product-page-report.md:64];[DOC:theme-src/README.md],ninguna,
RP-042,Producto,https://radaelliswimwear.com/producto/sol-interno-beige-suave,200,REDIRECT,/products/sol-interno-beige-suave,/products/sol-interno-beige-suave,dev-products.jsonl:sol-interno-beige-suave pdp=200,PASS_WITH_INTENTIONAL_CHANGE,MATCH,NOT_MEASURED,NOT_MEASURED,"PDP Dev 200, canonical propio, sin noindex, h1 = título, JSON-LD x2, botón de favoritos presente; nombre/descripción/imágenes(4)/SKU/precio(167920.00)/precio anterior(209900.00)/categoría/tallas(S-M-L-XL)/disponibilidad: iguales al sitio actual; color igual; miga de pan igual (medida en RC1.7); sitio actual muestra contador de vistas; se eliminó a propósito en el theme (prueba social inventada; theme/product-page-report.md)","agregar al carrito y selección de variante, disponibilidad y compra con país CO (A1), guía de tallas (A4), acordeones, visual; la evidencia de miga y JSON-LD BreadcrumbList es de RC1.7 (vigente RC1.8); descripciones comparadas sin viñetas ni espacios",[MEDIDO-03G];[DOC:theme/product-page-report.md:64];[DOC:theme-src/README.md],ninguna,
RP-043,Producto,https://radaelliswimwear.com/producto/sol-interno-cafe-claro,200,REDIRECT,/products/sol-interno-cafe-claro,/products/sol-interno-cafe-claro,dev-products.jsonl:sol-interno-cafe-claro pdp=200,PASS_WITH_INTENTIONAL_CHANGE,MATCH,NOT_MEASURED,NOT_MEASURED,"PDP Dev 200, canonical propio, sin noindex, h1 = título, JSON-LD x2, botón de favoritos presente; nombre/descripción/imágenes(4)/SKU/precio(167920.00)/precio anterior(209900.00)/categoría/tallas(S-M-L-XL)/disponibilidad: iguales al sitio actual; color igual; miga de pan igual (medida en RC1.7); sitio actual muestra contador de vistas; se eliminó a propósito en el theme (prueba social inventada; theme/product-page-report.md)","agregar al carrito y selección de variante, disponibilidad y compra con país CO (A1), guía de tallas (A4), acordeones, visual; la evidencia de miga y JSON-LD BreadcrumbList es de RC1.7 (vigente RC1.8); descripciones comparadas sin viñetas ni espacios",[MEDIDO-03G];[DOC:theme/product-page-report.md:64];[DOC:theme-src/README.md],ninguna,
RP-044,Búsqueda,https://radaelliswimwear.com/buscar,200,REDIRECT,/search,/search,dev-routes.json:/search 200,PASS_WITH_INTENTIONAL_CHANGE,INTENTIONAL_CHANGE,NOT_MEASURED,NOT_MEASURED,"h1 ""Buscar productos"" igual en ambos; robots ""noindex, nofollow"" igual en ambos; página nativa de Shopify reemplaza la búsqueda propia (cliente); redirección conserva el query (03F)","resultados del sitio actual (se renderizan en el cliente), filtros, sugerencias predictivas",[MEDIDO-03G];[DOC:seo/03F-redirect-import-result.md],búsqueda nativa,
RP-045,Búsqueda,https://radaelliswimwear.com/search,200,DIRECT,,/search,dev-routes.json:/search 200,PASS_WITH_INTENTIONAL_CHANGE,INTENTIONAL_CHANGE,INTENTIONAL_CHANGE,NOT_MEASURED,"sitio actual: título ""Search | Radaelli Swimwear"", robots ""index, follow"", 0 h1, sin resultados; Dev: h1 ""Buscar productos"", robots ""noindex, nofollow""",visual,[MEDIDO-03G];[DOC:seo/03E-redirect-plan.md §4.2],búsqueda nativa,
RP-046,Búsqueda,https://radaelliswimwear.com/buscar?q=<término>,NOT_MEASURED,PLACEHOLDER,/search,/search?q=<término>,dev-routes.json:/search?q=bikini 200; /search?q=mostaza 200,PASS_WITH_INTENTIONAL_CHANGE,NOT_MEASURED,NOT_MEASURED,NOT_MEASURED,"Dev: q=bikini 200 (20 resultados); q=mostaza 200 (1 resultado (entero-golden-hour), búsqueda por color vía etiqueta)","resultados equivalentes del sitio actual (no rastreables sin JavaScript), consulta con país CO",[MEDIDO-03G];[DOC:seo/03F-redirect-import-result.md],sin medición del lado actual,
RP-047,Carrito,https://radaelliswimwear.com/carrito,404,CURRENT_404,,NOT_APPLICABLE,,NOT_APPLICABLE,NOT_APPLICABLE,NOT_APPLICABLE,NOT_APPLICABLE,sitio actual 404,GET de /carrito en la Dev Store (inferido: sin redirección),[MEDIDO-03G];[INFERIDO],ruta inexistente,
RP-048,Carrito,https://radaelliswimwear.com/cart,404,CURRENT_404,,/cart,dev-routes.json:/cart 200; dev-home.json cart-drawer,PASS_WITH_INTENTIONAL_CHANGE,NOT_APPLICABLE,NOT_MEASURED,NOT_MEASURED,"sitio actual 404 (el carrito es un cajón lateral y la página /checkout); Dev 200, h1 ""Tu carrito"", cajón ""Tu carrito"" con estado vacío","agregar, cambiar cantidad y quitar productos; barra de envío gratis",[MEDIDO-03G];[DOC:theme/cart-report.md],carrito nativo nuevo,
RP-049,Checkout,https://radaelliswimwear.com/checkout,200,DIRECT,,/checkout,dev-routes.json:/checkout (GET redirige al checkout de Shopify en es-us; fetch recibe 403),BLOCKED_BY_OWNER,NOT_MEASURED,GAP,NOT_MEASURED,"sitio actual: 200, robots ""noindex, nofollow"", h1 ""Finalizar compra"", se arma en el cliente; Dev: GET redirige al checkout de Shopify en es-us (mercado principal US), sin crear pedido; pagos apagados","contenido del checkout de Shopify (fetch recibe 403), checkout en es-co, móvil, pago",[MEDIDO-03G];[DOC:theme/03E-checkout-baseline-report.md];[DOC:theme/03F-mobile-checkout-baseline.md];[DOC:theme/03F-sonnet-independent-completion-report.md pagos no activados],A1 mercado; B1 pagos,
RP-050,Checkout,https://radaelliswimwear.com/checkout/confirmacion/<orderId>,NOT_MEASURED,NOT_CRAWLED_APP_ROUTE,,NOT_AVAILABLE,,BLOCKED_BY_OWNER,NOT_MEASURED,NOT_MEASURED,NOT_MEASURED,sin GET (ruta transaccional con id de pedido),todo: no hay pedido de prueba (pagos apagados),[DOC:seo/03E-redirect-plan.md §4.2];[NOT_VERIFIED],B1 pagos,página de estado del pedido de Shopify (checkout)
RP-051,Checkout,https://radaelliswimwear.com/checkout/wompi/retorno,NOT_MEASURED,NOT_CRAWLED_APP_ROUTE,,NOT_AVAILABLE,,BLOCKED_BY_OWNER,NOT_MEASURED,NOT_MEASURED,NOT_MEASURED,sin GET (ruta transaccional),todo: Wompi no está conectado en la Dev Store,"[DOC:seo/03E-redirect-plan.md §4.2, §5.6];[NOT_VERIFIED]",B1 pagos,retorno de la pasarela de Shopify (checkout)
RP-052,Cuenta,https://radaelliswimwear.com/cuenta,200,REDIRECT,/account,/account,dev-routes.json:/account opaqueredirect / CORS; redirects.note_cuenta,BLOCKED_BY_OWNER,NOT_MEASURED,NOT_MEASURED,NOT_MEASURED,"la redirección existe en el CSV importado (47/47); en la Dev Store responde como redirección (opaqueredirect) y el destino final está en el dominio de cuentas de Shopify, que fetch no puede seguir (CORS); sitio actual: 200, robots ""noindex, nofollow"", se arma en el cliente","destino final de la redirección, ingreso por código (A2), contenido del área de cuenta, código HTTP 301/302",[MEDIDO-03G];[DOC:seo/03F-redirect-import-result.md];[DOC:seo/03E-redirect-plan.md §4.2],A2 ingreso por código,
RP-053,Cuenta,https://radaelliswimwear.com/cuenta/pedidos,NOT_MEASURED,NOT_CRAWLED_APP_ROUTE,/account,/account,dev-routes.json:/account opaqueredirect / CORS; redirects.note_cuenta,BLOCKED_BY_OWNER,NOT_MEASURED,NOT_MEASURED,NOT_MEASURED,"la redirección existe en el CSV importado (47/47); en la Dev Store responde como redirección (opaqueredirect) y el destino final está en el dominio de cuentas de Shopify, que fetch no puede seguir (CORS); sitio actual: sin GET (ruta de app/, no rastreada ni sondeada)","destino final de la redirección, ingreso por código (A2), contenido del área de cuenta, código HTTP 301/302",[MEDIDO-03G];[DOC:seo/03F-redirect-import-result.md];[DOC:seo/03E-redirect-plan.md §4.2],A2 ingreso por código,
RP-054,Cuenta,https://radaelliswimwear.com/cuenta/perfil,NOT_MEASURED,NOT_CRAWLED_APP_ROUTE,/account,/account,dev-routes.json:/account opaqueredirect / CORS; redirects.note_cuenta,BLOCKED_BY_OWNER,NOT_MEASURED,NOT_MEASURED,NOT_MEASURED,"la redirección existe en el CSV importado (47/47); en la Dev Store responde como redirección (opaqueredirect) y el destino final está en el dominio de cuentas de Shopify, que fetch no puede seguir (CORS); sitio actual: sin GET (ruta de app/, no rastreada ni sondeada)","destino final de la redirección, ingreso por código (A2), contenido del área de cuenta, código HTTP 301/302",[MEDIDO-03G];[DOC:seo/03F-redirect-import-result.md];[DOC:seo/03E-redirect-plan.md §4.2],A2 ingreso por código,
RP-055,Cuenta,https://radaelliswimwear.com/cuenta/direcciones,NOT_MEASURED,NOT_CRAWLED_APP_ROUTE,/account,/account,dev-routes.json:/account opaqueredirect / CORS; redirects.note_cuenta,BLOCKED_BY_OWNER,NOT_MEASURED,NOT_MEASURED,NOT_MEASURED,"la redirección existe en el CSV importado (47/47); en la Dev Store responde como redirección (opaqueredirect) y el destino final está en el dominio de cuentas de Shopify, que fetch no puede seguir (CORS); sitio actual: sin GET (ruta de app/, no rastreada ni sondeada)","destino final de la redirección, ingreso por código (A2), contenido del área de cuenta, código HTTP 301/302",[MEDIDO-03G];[DOC:seo/03F-redirect-import-result.md];[DOC:seo/03E-redirect-plan.md §4.2],A2 ingreso por código,
RP-056,Cuenta,https://radaelliswimwear.com/cuenta/iniciar-sesion,200,REDIRECT,/account/login,/account/login,dev-routes.json:/account/login opaqueredirect / CORS; redirects.note_cuenta,BLOCKED_BY_OWNER,INTENTIONAL_CHANGE,INTENTIONAL_CHANGE,NOT_MEASURED,"la redirección existe en el CSV importado (47/47); en la Dev Store responde como redirección (opaqueredirect) y el destino final está en el dominio de cuentas de Shopify, que fetch no puede seguir (CORS); sitio actual: 200 (sondeo), robots ""noindex, nofollow"", h1 ""Iniciar sesión"" con formulario de email y contraseña","destino final de la redirección, ingreso por código (A2), contenido del área de cuenta, código HTTP 301/302",[MEDIDO-03G];[DOC:seo/03F-redirect-import-result.md];[DOC:seo/03E-redirect-plan.md §4.2],A2 ingreso por código,
RP-057,Cuenta,https://radaelliswimwear.com/cuenta/registro,NOT_MEASURED,NOT_CRAWLED_APP_ROUTE,/account/register,/account/register,dev-routes.json:/account/register opaqueredirect / CORS; redirects.note_cuenta,BLOCKED_BY_OWNER,INTENTIONAL_CHANGE,INTENTIONAL_CHANGE,NOT_MEASURED,"la redirección existe en el CSV importado (47/47); en la Dev Store responde como redirección (opaqueredirect) y el destino final está en el dominio de cuentas de Shopify, que fetch no puede seguir (CORS); sitio actual: sin GET (ruta de app/, no rastreada ni sondeada)","destino final de la redirección, ingreso por código (A2), contenido del área de cuenta, código HTTP 301/302",[MEDIDO-03G];[DOC:seo/03F-redirect-import-result.md];[DOC:seo/03E-redirect-plan.md §4.2],A2 ingreso por código,
RP-058,Cuenta,https://radaelliswimwear.com/cuenta/recuperar-contrasena,NOT_MEASURED,NOT_CRAWLED_APP_ROUTE,/account/login,/account/login,dev-routes.json:/account/login opaqueredirect / CORS; redirects.note_cuenta,PASS_WITH_INTENTIONAL_CHANGE,INTENTIONAL_CHANGE,INTENTIONAL_CHANGE,NOT_MEASURED,"la redirección existe en el CSV importado (47/47); en la Dev Store responde como redirección (opaqueredirect) y el destino final está en el dominio de cuentas de Shopify, que fetch no puede seguir (CORS); sitio actual: sin GET (ruta de app/, no rastreada ni sondeada)","destino final de la redirección, ingreso por código (A2), contenido del área de cuenta, código HTTP 301/302",[MEDIDO-03G];[DOC:seo/03F-redirect-import-result.md];[DOC:seo/03E-redirect-plan.md §4.2],flujo con contraseña eliminado por diseño,
RP-059,Cuenta,https://radaelliswimwear.com/cuenta/restablecer-contrasena,NOT_MEASURED,NOT_CRAWLED_APP_ROUTE,/account/login,/account/login,dev-routes.json:/account/login opaqueredirect / CORS; redirects.note_cuenta,PASS_WITH_INTENTIONAL_CHANGE,INTENTIONAL_CHANGE,INTENTIONAL_CHANGE,NOT_MEASURED,"la redirección existe en el CSV importado (47/47); en la Dev Store responde como redirección (opaqueredirect) y el destino final está en el dominio de cuentas de Shopify, que fetch no puede seguir (CORS); sitio actual: sin GET (ruta de app/, no rastreada ni sondeada)","destino final de la redirección, ingreso por código (A2), contenido del área de cuenta, código HTTP 301/302",[MEDIDO-03G];[DOC:seo/03F-redirect-import-result.md];[DOC:seo/03E-redirect-plan.md §4.2],flujo con contraseña eliminado por diseño,
RP-060,Cuenta,https://radaelliswimwear.com/cuenta/verificar-email,NOT_MEASURED,NOT_CRAWLED_APP_ROUTE,/account/login,/account/login,dev-routes.json:/account/login opaqueredirect / CORS; redirects.note_cuenta,PASS_WITH_INTENTIONAL_CHANGE,INTENTIONAL_CHANGE,INTENTIONAL_CHANGE,NOT_MEASURED,"la redirección existe en el CSV importado (47/47); en la Dev Store responde como redirección (opaqueredirect) y el destino final está en el dominio de cuentas de Shopify, que fetch no puede seguir (CORS); sitio actual: sin GET (ruta de app/, no rastreada ni sondeada)","destino final de la redirección, ingreso por código (A2), contenido del área de cuenta, código HTTP 301/302",[MEDIDO-03G];[DOC:seo/03F-redirect-import-result.md];[DOC:seo/03E-redirect-plan.md §4.2],flujo con contraseña eliminado por diseño,
RP-061,Cuenta,https://radaelliswimwear.com/login,404,CURRENT_404,,NOT_APPLICABLE,,NOT_APPLICABLE,NOT_APPLICABLE,NOT_APPLICABLE,NOT_APPLICABLE,sitio actual 404,GET en la Dev Store (inferido: sin redirección),[MEDIDO-03G];[INFERIDO],ruta inexistente,
RP-062,Cuenta,https://radaelliswimwear.com/registro,404,CURRENT_404,,NOT_APPLICABLE,,NOT_APPLICABLE,NOT_APPLICABLE,NOT_APPLICABLE,NOT_APPLICABLE,sitio actual 404,GET en la Dev Store (inferido: sin redirección),[MEDIDO-03G];[INFERIDO],ruta inexistente,
RP-063,Cuenta,NOT_APPLICABLE,NOT_APPLICABLE,SHOPIFY_ONLY,,/account,dev-routes.json:/account opaqueredirect / CORS,BLOCKED_BY_OWNER,INTENTIONAL_CHANGE,NOT_MEASURED,NOT_MEASURED,GET redirige al dominio de cuentas de clientes de Shopify (opaqueredirect); el destino final no se puede leer con fetch,"página de ingreso, flujo por código, cabecera con sesión",[MEDIDO-03G];[DOC:theme/customer-accounts-decision.md],A2 ingreso por código,
RP-064,Cuenta,NOT_APPLICABLE,NOT_APPLICABLE,SHOPIFY_ONLY,,/account/login,dev-routes.json:/account/login opaqueredirect / CORS,BLOCKED_BY_OWNER,INTENTIONAL_CHANGE,NOT_MEASURED,NOT_MEASURED,GET redirige al dominio de cuentas de clientes de Shopify (opaqueredirect); el destino final no se puede leer con fetch,"página de ingreso, flujo por código, cabecera con sesión",[MEDIDO-03G];[DOC:theme/customer-accounts-decision.md],A2 ingreso por código,
RP-065,Cuenta,NOT_APPLICABLE,NOT_APPLICABLE,SHOPIFY_ONLY,,/account/register,dev-routes.json:/account/register opaqueredirect / CORS,BLOCKED_BY_OWNER,INTENTIONAL_CHANGE,NOT_MEASURED,NOT_MEASURED,GET redirige al dominio de cuentas de clientes de Shopify (opaqueredirect); el destino final no se puede leer con fetch,"página de ingreso, flujo por código, cabecera con sesión",[MEDIDO-03G];[DOC:theme/customer-accounts-decision.md],A2 ingreso por código,
RP-066,Favoritos,https://radaelliswimwear.com/favoritos,200,REDIRECT,/pages/favoritos,/pages/favoritos,"dev-routes.json:/pages/favoritos 200 robots ""noindex, nofollow""; /apps/wishlist 404",BLOCKED_BY_OWNER,NOT_MEASURED,GAP,NOT_MEASURED,"sitio actual: 200, robots ""noindex, nofollow"", h1 ""Favoritos""; Dev: /pages/favoritos 200, h1 ""Favoritos"", robots ""noindex, nofollow""; /apps/wishlist 404 (app no instalada)","qué muestra /pages/favoritos sin ?view=wishlist (03E lo documenta como plantilla genérica hasta publicar), sincronización de cuenta",[MEDIDO-03G];[DOC:seo/03E-redirect-plan.md §5.5];[DOC:theme/03F-owner-actions-minimal.md],A5 app; B4 plantilla page.wishlist,
RP-067,Favoritos,https://radaelliswimwear.com/cuenta/favoritos,200,REDIRECT,/pages/favoritos,/pages/favoritos,"dev-routes.json:/pages/favoritos 200 robots ""noindex, nofollow""; /apps/wishlist 404",BLOCKED_BY_OWNER,NOT_MEASURED,GAP,NOT_MEASURED,"sitio actual: 200, robots ""noindex, nofollow"", se arma en el cliente; Dev: /pages/favoritos 200, h1 ""Favoritos"", robots ""noindex, nofollow""; /apps/wishlist 404 (app no instalada)","qué muestra /pages/favoritos sin ?view=wishlist (03E lo documenta como plantilla genérica hasta publicar), sincronización de cuenta",[MEDIDO-03G];[DOC:seo/03E-redirect-plan.md §5.5];[DOC:theme/03F-owner-actions-minimal.md],A5 app; B4 plantilla page.wishlist,
RP-068,Favoritos,https://radaelliswimwear.com/wishlist,404,CURRENT_404,,NOT_APPLICABLE,,NOT_APPLICABLE,NOT_APPLICABLE,NOT_APPLICABLE,NOT_APPLICABLE,sitio actual 404,GET en la Dev Store (inferido),[MEDIDO-03G];[INFERIDO],ruta inexistente,
RP-069,Favoritos,NOT_APPLICABLE,NOT_APPLICABLE,SHOPIFY_ONLY,,/pages/favoritos?view=wishlist,dev-routes.json:/pages/favoritos?view=wishlist 200; dev-products.jsonl: heart=true x29/29,BLOCKED_BY_OWNER,NOT_MEASURED,GAP,NOT_MEASURED,"200, h1 ""Favoritos"", canonical /pages/favoritos, robots ""noindex, nofollow""; botón de favoritos presente en 29/29 fichas; enlace del encabezado apunta aquí","contenido de la lista, modo invitada de extremo a extremo, sincronización",[MEDIDO-03G];[DOC:theme/wishlist-report.md],A5 app; B4 plantilla page.wishlist,
RP-070,Favoritos,NOT_APPLICABLE,NOT_APPLICABLE,SHOPIFY_ONLY,,/apps/wishlist,dev-routes.json:/apps/wishlist 404,BLOCKED_BY_OWNER,GAP,GAP,NOT_APPLICABLE,404: el app proxy de favoritos no está instalado,"app 0.1.2 (empaquetada, sin instalar)",[MEDIDO-03G];[DOC:theme/03F-owner-wishlist-install-runbook.md],A5 app,
RP-071,Legal,https://radaelliswimwear.com/devoluciones,200,REDIRECT,/policies/refund-policy,/policies/refund-policy,dev-routes.json:/policies/refund-policy 200,PASS_WITH_INTENTIONAL_CHANGE,INTENTIONAL_CHANGE,NOT_APPLICABLE,NOT_MEASURED,"h1 ""Política de devoluciones"" (sitio actual) vs ""Política de reembolso"" (Dev; título nativo de Shopify, no editable); 20/20 bloques del texto fuente (content/legal) siguen presentes en la página actual; robots ""index, follow"" vs """"","texto del cuerpo en la Dev Store (03D documenta el mismo SHA-256; no se re-verificó), regla /policies/ de robots.txt",[MEDIDO-03G];[DOC:theme/03D-legal-policies-inventory.md],título nativo de Shopify,
RP-072,Legal,https://radaelliswimwear.com/garantia,200,REDIRECT,/pages/garantia,/pages/garantia,dev-routes.json:/pages/garantia 200,PASS_WITH_INTENTIONAL_CHANGE,NOT_MEASURED,NOT_APPLICABLE,NOT_MEASURED,"h1 ""Política de garantía"" igual en ambos; 9/9 bloques del texto fuente (content/legal) siguen presentes en la página actual; robots ""index, follow"" vs """"",texto del cuerpo en la Dev Store (solo consta en 03D),[MEDIDO-03G];[DOC:theme/03D-legal-policies-inventory.md],ninguna,
RP-073,Legal,https://radaelliswimwear.com/envios,200,EXCEPTION_LEGAL_PENDING,,NOT_AVAILABLE,dev-routes.json:/pages/envios 404,BLOCKED_BY_OWNER,GAP,NOT_APPLICABLE,NOT_MEASURED,"sitio actual: 200, en el sitemap actual, robots ""index, follow""; 25/25 bloques del texto fuente (content/legal) siguen presentes en la página actual; Dev: /pages/envios responde 404 (destino no creado); sin fila de redirección; función: promesa de envío gratis depende de la tarifa (A1)",texto en la Dev Store (no existe),[MEDIDO-03G];[DOC:seo/03E-redirect-plan.md §4.3];[DOC:theme/03F-legal-owner-runbook.md],B2 páginas legales,/pages/envios o /policies/shipping-policy
RP-074,Legal,https://radaelliswimwear.com/terminos,200,EXCEPTION_LEGAL_PENDING,,NOT_AVAILABLE,dev-routes.json:/pages/terminos 404,BLOCKED_BY_OWNER,GAP,NOT_APPLICABLE,NOT_MEASURED,"sitio actual: 200, en el sitemap actual, robots ""index, follow""; 11/11 bloques del texto fuente (content/legal) siguen presentes en la página actual; Dev: /pages/terminos responde 404 (destino no creado); sin fila de redirección",texto en la Dev Store (no existe),[MEDIDO-03G];[DOC:seo/03E-redirect-plan.md §4.3];[DOC:theme/03F-legal-owner-runbook.md],B2 páginas legales,/pages/terminos o /policies/terms-of-service
RP-075,Legal,https://radaelliswimwear.com/privacidad,200,EXCEPTION_LEGAL_PENDING,,NOT_AVAILABLE,dev-routes.json:/pages/privacidad 404,BLOCKED_BY_OWNER,GAP,NOT_APPLICABLE,NOT_MEASURED,"sitio actual: 200, en el sitemap actual, robots ""index, follow""; 13/13 bloques del texto fuente (content/legal) siguen presentes en la página actual; Dev: /pages/privacidad responde 404 (destino no creado); sin fila de redirección",texto en la Dev Store (no existe),[MEDIDO-03G];[DOC:seo/03E-redirect-plan.md §4.3];[DOC:theme/03F-legal-owner-runbook.md],B2 páginas legales,/pages/privacidad o /policies/privacy-policy (esta última existe con texto autogenerado)
RP-076,Legal,https://radaelliswimwear.com/cookies,200,EXCEPTION_LEGAL_PENDING,,NOT_AVAILABLE,dev-routes.json:/pages/cookies 404,BLOCKED_BY_OWNER,GAP,NOT_MEASURED,NOT_MEASURED,"sitio actual: 200, en el sitemap actual, robots ""index, follow""; 13/13 bloques del texto fuente (content/legal) siguen presentes en la página actual; Dev: /pages/cookies responde 404 (destino no creado); sin fila de redirección; función: banner de consentimiento y botón de preferencias sin equivalente medido",texto en la Dev Store (no existe),[MEDIDO-03G];[DOC:seo/03E-redirect-plan.md §4.3];[DOC:theme/03F-legal-owner-runbook.md],B2 páginas legales,/pages/cookies
RP-077,Legal,https://radaelliswimwear.com/politica-de-cookies,404,CURRENT_404,,NOT_APPLICABLE,,NOT_APPLICABLE,NOT_APPLICABLE,NOT_APPLICABLE,NOT_APPLICABLE,sitio actual 404,GET en la Dev Store (inferido),[MEDIDO-03G];[INFERIDO],ruta inexistente,
RP-078,Legal,https://radaelliswimwear.com/politica-de-devoluciones,404,CURRENT_404,,NOT_APPLICABLE,,NOT_APPLICABLE,NOT_APPLICABLE,NOT_APPLICABLE,NOT_APPLICABLE,sitio actual 404,GET en la Dev Store (inferido),[MEDIDO-03G];[INFERIDO],ruta inexistente,
RP-079,Legal,https://radaelliswimwear.com/politica-de-envios,404,CURRENT_404,,NOT_APPLICABLE,,NOT_APPLICABLE,NOT_APPLICABLE,NOT_APPLICABLE,NOT_APPLICABLE,sitio actual 404,GET en la Dev Store (inferido),[MEDIDO-03G];[INFERIDO],ruta inexistente,
RP-080,Legal,https://radaelliswimwear.com/politica-de-garantia,404,CURRENT_404,,NOT_APPLICABLE,,NOT_APPLICABLE,NOT_APPLICABLE,NOT_APPLICABLE,NOT_APPLICABLE,sitio actual 404,GET en la Dev Store (inferido),[MEDIDO-03G];[INFERIDO],ruta inexistente,
RP-081,Legal,https://radaelliswimwear.com/politica-de-privacidad,404,CURRENT_404,,NOT_APPLICABLE,,NOT_APPLICABLE,NOT_APPLICABLE,NOT_APPLICABLE,NOT_APPLICABLE,sitio actual 404,GET en la Dev Store (inferido),[MEDIDO-03G];[INFERIDO],ruta inexistente,
RP-082,Legal,https://radaelliswimwear.com/terminos-y-condiciones,404,CURRENT_404,,NOT_APPLICABLE,,NOT_APPLICABLE,NOT_APPLICABLE,NOT_APPLICABLE,NOT_APPLICABLE,sitio actual 404,GET en la Dev Store (inferido),[MEDIDO-03G];[INFERIDO],ruta inexistente,
RP-083,Legal,NOT_APPLICABLE,NOT_APPLICABLE,SHOPIFY_ONLY,,/policies/privacy-policy,dev-routes.json:/policies/privacy-policy 200,BLOCKED_BY_OWNER,GAP,NOT_APPLICABLE,NOT_MEASURED,"200, h1 ""Política de privacidad"", robots """" (indexable); texto autogenerado por Shopify, distinto del texto de /privacidad del sitio actual",comparación palabra a palabra,[MEDIDO-03G];[DOC:theme/03D-legal-policies-inventory.md],B2 páginas legales,posible destino de /privacidad
RP-084,Legal,NOT_APPLICABLE,NOT_APPLICABLE,SHOPIFY_ONLY,,/policies/terms-of-service,dev-routes.json:/policies/terms-of-service 404,BLOCKED_BY_OWNER,GAP,NOT_APPLICABLE,NOT_APPLICABLE,404: términos pendientes (owner B2),n/a,[MEDIDO-03G];[DOC:theme/03D-legal-policies-inventory.md],B2 páginas legales,
RP-085,Legal,NOT_APPLICABLE,NOT_APPLICABLE,SHOPIFY_ONLY,,/policies/shipping-policy,dev-routes.json:/policies/shipping-policy 404,BLOCKED_BY_OWNER,GAP,NOT_APPLICABLE,NOT_APPLICABLE,404: envíos pendientes (owner B2),n/a,[MEDIDO-03G];[DOC:theme/03D-legal-policies-inventory.md],B2 páginas legales,
RP-086,Legal,NOT_APPLICABLE,NOT_APPLICABLE,SHOPIFY_ONLY,,/policies/contact-information,dev-routes.json:/policies/contact-information 404,BLOCKED_BY_OWNER,GAP,NOT_APPLICABLE,NOT_APPLICABLE,"404: sin contenido: no hay razón social, NIT ni dirección",n/a,[MEDIDO-03G];[DOC:theme/03D-legal-policies-inventory.md],B2 páginas legales,
RP-087,Legal,NOT_APPLICABLE,NOT_APPLICABLE,SHOPIFY_ONLY,,/pages/data-sharing-opt-out,dev-routes.json:/pages/data-sharing-opt-out 200,BLOCKED_BY_OWNER,NOT_APPLICABLE,NOT_APPLICABLE,NOT_APPLICABLE,"200, h1 ""Tus opciones de privacidad"", robots """" (indexable); página por defecto de Shopify, sin equivalente en el sitio actual",si está en el sitemap (03F lo reporta),[MEDIDO-03G];[DOC:seo/03F-seo-final-validation.md #1],sobrantes de Shopify (C5),
RP-088,Ayuda,https://radaelliswimwear.com/ayuda,404,CURRENT_404,,NOT_APPLICABLE,,NOT_APPLICABLE,NOT_APPLICABLE,NOT_APPLICABLE,NOT_APPLICABLE,sitio actual 404; el pie de página actual usa el ancla #contacto (Dev: id=contacto presente),GET en la Dev Store (inferido),[MEDIDO-03G];[DOC:theme/03D-legal-policies-inventory.md],ruta inexistente,
RP-089,Ayuda,https://radaelliswimwear.com/contacto,404,CURRENT_404,,NOT_APPLICABLE,,NOT_APPLICABLE,NOT_APPLICABLE,NOT_APPLICABLE,NOT_APPLICABLE,sitio actual 404; el pie de página actual usa el ancla #contacto (Dev: id=contacto presente),GET en la Dev Store (inferido),[MEDIDO-03G];[DOC:theme/03D-legal-policies-inventory.md],ruta inexistente,
RP-090,Ayuda,https://radaelliswimwear.com/faq,404,CURRENT_404,,NOT_APPLICABLE,,NOT_APPLICABLE,NOT_APPLICABLE,NOT_APPLICABLE,NOT_APPLICABLE,sitio actual 404; el pie de página actual usa el ancla #contacto (Dev: id=contacto presente),GET en la Dev Store (inferido),[MEDIDO-03G];[DOC:theme/03D-legal-policies-inventory.md],ruta inexistente,
RP-091,Ayuda,https://radaelliswimwear.com/nosotros,404,CURRENT_404,,NOT_APPLICABLE,,NOT_APPLICABLE,NOT_APPLICABLE,NOT_APPLICABLE,NOT_APPLICABLE,sitio actual 404; el pie de página actual usa el ancla #contacto (Dev: id=contacto presente),GET en la Dev Store (inferido),[MEDIDO-03G];[DOC:theme/03D-legal-policies-inventory.md],ruta inexistente,
RP-092,Ayuda,NOT_APPLICABLE,NOT_APPLICABLE,SHOPIFY_ONLY,,/pages/contact,dev-routes.json:/pages/contact 200,BLOCKED_BY_OWNER,NOT_APPLICABLE,NOT_APPLICABLE,NOT_APPLICABLE,"200, h1 ""Contact"" (en inglés), robots """" (indexable); el sitio actual no tiene /contacto (404)",si está en el sitemap (03F lo reporta),[MEDIDO-03G];[DOC:seo/03F-seo-final-validation.md #1],sobrantes de Shopify (C5),
RP-093,SEO técnico,https://radaelliswimwear.com/robots.txt,200,DIRECT,,/robots.txt,dev-routes.json:/robots.txt 200 (3642 bytes),PASS_WITH_INTENTIONAL_CHANGE,INTENTIONAL_CHANGE,NOT_APPLICABLE,NOT_APPLICABLE,"sitio actual: 7 reglas Disallow (/admin, /cuenta, /checkout, /favoritos, /api, /interno, /buscar) y Sitemap; Dev: 200, 3642 bytes generados por Shopify; /buscar y /favoritos pasan a depender de noindex en la página (medido en /search y /pages/favoritos)","contenido del robots.txt de la Dev Store (solo su tamaño), regla /policies/",[MEDIDO-03G];[DOC:seo/03E-redirect-plan.md §5.5],archivo generado por la plataforma,
RP-094,SEO técnico,https://radaelliswimwear.com/sitemap.xml,200,DIRECT,,/sitemap.xml,dev-routes.json:/sitemap.xml 200 (1532 bytes),PASS_WITH_INTENTIONAL_CHANGE,INTENTIONAL_CHANGE,NOT_APPLICABLE,NOT_APPLICABLE,"sitio actual: 45 URLs (1 inicio, 5 colecciones incl. /accesorios, /blog + 3 posts, 6 legales, 29 productos); Dev: 200, 1532 bytes (índice de sitemaps)",contenido de los sitemaps hijos de la Dev Store (03F reporta 9 hijos y 29/29 productos),[MEDIDO-03G];[DOC:seo/03F-seo-final-validation.md],archivo generado por la plataforma,
RP-095,Error,NOT_APPLICABLE,NOT_APPLICABLE,SHOPIFY_ONLY,,/404-xyz-parity,"dev-routes.json:/404-xyz-parity 404 robots ""noindex, follow""",PASS,NOT_MEASURED,NOT_APPLICABLE,NOT_MEASURED,"Dev: una ruta inexistente responde 404 con robots ""noindex, follow""; sitio actual: las 16 rutas probadas que no existen responden 404; el 404 actual (sondeo /carrito) trae título ""Página no encontrada"" y dos etiquetas robots (""noindex"" y ""noindex, follow"")","título, contenido y diseño de la página 404 de Dev (dev-routes.json solo guarda estado y robots)",[MEDIDO-03G],ninguna,
RP-096,Otras,https://radaelliswimwear.com/blog,200,EXCEPTION_BLOG_OPEN,,NOT_AVAILABLE,"dev-routes.json:/blogs/news 200 ""News""",MISSING,GAP,NOT_APPLICABLE,NOT_MEASURED,"sitio actual: 200, en el sitemap actual, robots ""index, follow"", 3 posts listados (3 en el sitemap); ninguna otra página del sitio enlaza /blog (solo el sitemap); sin fila de redirección",contenido completo de los posts,"[MEDIDO-03G];[DOC:seo/03E-redirect-plan.md §4.2, §5.5]",blog sin decisión,"/blogs/news (existe en Dev, en inglés; si tiene artículos no se midió)"
RP-097,Otras,https://radaelliswimwear.com/blog/<slug>,404,PLACEHOLDER,,NOT_APPLICABLE,,NOT_APPLICABLE,NOT_APPLICABLE,NOT_APPLICABLE,NOT_APPLICABLE,el patrón literal responde 404,n/a,[MEDIDO-03G],patrón del inventario,
RP-098,Otras,https://radaelliswimwear.com/blog/novedades-temporada,200,EXCEPTION_BLOG_OPEN,,NOT_AVAILABLE,,MISSING,GAP,NOT_APPLICABLE,NOT_MEASURED,"listado en /blog y en el sitemap actual; sondeo puntual: 200, robots ""index, follow"", JSON-LD Article, título ""Lo nuevo de la temporada""; Dev: sin post ni redirección","contenido completo; el título y los extractos de /blog hablan de lana, lino, cuero y abrigo: parecen texto de plantilla ([INFERIDO])",[MEDIDO-03G];[DOC:seo/03E-redirect-plan.md §5.5],blog sin decisión,/blogs/news/novedades-temporada
RP-099,Otras,https://radaelliswimwear.com/blog/materiales-nobles-por-que-importan,200,EXCEPTION_BLOG_OPEN,,NOT_AVAILABLE,,MISSING,GAP,NOT_APPLICABLE,NOT_MEASURED,"listado en /blog y en el sitemap actual; sondeo puntual: 200, robots ""index, follow"", JSON-LD Article, título ""Materiales nobles: por qué importan""; Dev: sin post ni redirección","contenido completo; el título y los extractos de /blog hablan de lana, lino, cuero y abrigo: parecen texto de plantilla ([INFERIDO])",[MEDIDO-03G];[DOC:seo/03E-redirect-plan.md §5.5],blog sin decisión,/blogs/news/materiales-nobles-por-que-importan
RP-100,Otras,https://radaelliswimwear.com/blog/guia-de-capas-para-el-invierno,200,EXCEPTION_BLOG_OPEN,,NOT_AVAILABLE,,MISSING,GAP,NOT_APPLICABLE,NOT_MEASURED,"listado en /blog y en el sitemap actual; sondeo puntual: 200, robots ""index, follow"", JSON-LD Article, título ""Guía de capas para el invierno""; Dev: sin post ni redirección","contenido completo; el título y los extractos de /blog hablan de lana, lino, cuero y abrigo: parecen texto de plantilla ([INFERIDO])",[MEDIDO-03G];[DOC:seo/03E-redirect-plan.md §5.5],blog sin decisión,/blogs/news/guia-de-capas-para-el-invierno
RP-101,Otras,NOT_APPLICABLE,NOT_APPLICABLE,SHOPIFY_ONLY,,/blogs/news,"dev-routes.json:/blogs/news 200 h1 ""News""",MISSING,GAP,NOT_APPLICABLE,NOT_MEASURED,"200, h1 ""News"" (en inglés), robots """" (indexable); blog por defecto de Shopify, 3 posts del sitio actual ausentes","cantidad de artículos en Dev, si está en el sitemap",[MEDIDO-03G];[DOC:seo/03F-seo-final-validation.md],blog sin decisión,
