handle,title,custom_color,title_contains_color,description_contains_color,search_tag_needed,search_tag,handle_color_differs
alba-dorada-beige-suave,ALBA DORADA BEIGE SUAVE,BEIGE SUAVE,SI,NO,NO,,NO
alba-dorada-cafe-claro,ALBA DORADA CAFÉ CLARO,CAFÉ CLARO,SI,SI,NO,,NO
alba-dorada-lila,ALBA DORADA LILA,LILA,SI,SI,NO,,NO
amanecer-dorado-lila,AMANECER DORADO LILA,LILA,SI,SI,NO,,NO
amanecer-dorado-terracota,AMANECER DORADO TERRACOTA,TERRACOTA,SI,SI,NO,,NO
arena-dorada-beige,ARENA DORADA BEIGE,BEIGE,SI,SI,NO,,NO
arena-dorada-negro,ARENA DORADA NEGRO,NEGRO,SI,SI,NO,,NO
aurora-total-azul-oscuro,AURORA TOTAL AZUL OSCURO,AZUL OSCURO,SI,SI,NO,,NO
aurora-total-terracota,AURORA TOTAL TERRACOTA,TERRACOTA,SI,SI,NO,,NO
bikini-foam,BIKINI FOAM,BLANCO,NO,SI,NO,,SI
bikini-palm-verde-oliva,BIKINI PALM VERDE OLIVA,VERDE OLIVA,SI,SI,NO,,NO
bikini-shadow-azul-marino,BIKINI SHADOW NEGRO,NEGRO,SI,SI,NO,,SI
bikini-waves-terracota,BIKINI WAVES TERRACOTA,TERRACOTA,SI,SI,NO,,NO
bikini-waves-verde-oliva,BIKINI WAVES VERDE OLIVA,VERDE OLIVA,SI,SI,NO,,NO
brisa-natural-beige,BRISA NATURAL BEIGE,BEIGE,SI,SI,NO,,NO
brisa-natural-naranja,BRISA NATURAL NARANJA,NARANJA,SI,SI,NO,,NO
camiseta-solar-waves-negro,CAMISETA SOLAR WAVES NEGRO,NEGRO,SI,NO,NO,,NO
costa-esmeralda-azul,COSTA ESMERALDA AZUL,AZUL,SI,SI,NO,,NO
costa-esmeralda-negro,COSTA ESMERALDA NEGRO,NEGRO,SI,SI,NO,,NO
enterizo-shadow-palm-azul-marino,ENTERIZO SHADOW PALM NEGRO,NEGRO,SI,SI,NO,,SI
entero-golden-hour,ENTERO GOLDEN HOUR,MOSTAZA,NO,NO,SI,MOSTAZA,SI
marea-natural,MAREA NATURAL BEIGE,BEIGE,SI,SI,NO,,SI
marea-natural-naranja,MAREA NATURAL NARANJA,NARANJA,SI,SI,NO,,NO
oasis-serena-azul,OASIS SERENA AZUL,AZUL,SI,SI,NO,,NO
oasis-serena-negro,OASIS SERENA NEGRO,NEGRO,SI,SI,NO,,NO
raices-del-sol-azul-oscuro,RAÍCES DEL SOL AZUL OSCURO,AZUL OSCURO,SI,SI,NO,,NO
raices-del-sol-beige-suave,RAÍCES DEL SOL BEIGE SUAVE,BEIGE SUAVE,SI,NO,NO,,NO
sol-interno-beige-suave,SOL INTERNO BEIGE SUAVE,BEIGE SUAVE,SI,NO,NO,,NO
sol-interno-cafe-claro,SOL INTERNO CAFÉ CLARO,CAFÉ CLARO,SI,SI,NO,,NO
