current_id,sku,slug,name,category,collection,color,description,price_cop,discount_percent,calculated_sale_price,active,featured,created_at,updated_at,seo_title,seo_description,current_public_url,current_category,target_shopify_collection,category_cleanup_required
NOT_AVAILABLE (id interno no expuesto publicamente),RSONEN022,brisa-natural-beige,BRISA NATURAL BEIGE,Oasis Natural,oasis-natural,BEIGE,"Inspirado en la serenidad de los días de playa, este vestido de baño enterizo combina un tono beige natural con una silueta de líneas limpias.

• Escote profundo en V.
• Tirantes ajustables que se unen en la espalda con un detalle dorado.
• Espalda abierta y corte alto en las piernas.
• Tejido texturizado con forro interior.",249900,20,199920,true,NOT_AVAILABLE,NOT_AVAILABLE,2026-09-18T13:17:33.926Z,BRISA NATURAL BEIGE,"Inspirado en la serenidad de los días de playa, este vestido de baño enterizo combina un tono beige natural con una silueta de líneas limpias.

• Escote profundo en V.
• Tirantes ajustables que se unen en la espalda con un detalle dorado.
• Espalda abierta y corte alto en las piernas.
• Tejido texturizado con forro interior.",https://radaelliswimwear.com/producto/brisa-natural-beige,Oasis Natural,Oasis Natural,false
NOT_AVAILABLE (id interno no expuesto publicamente),RSONBI021,COSTA-ESMERALDA-AZUL,COSTA ESMERALDA AZUL,Oasis Natural,oasis-natural,Azul,"Inspirado en la frescura del océano, este bikini azul combina una silueta sin tirantes con textura y detalles dorados.

• Brasier strapless fruncido con aro central dorado.
• Amarre ajustable en la espalda.
• Panty con fruncido posterior.
• Tejido texturizado con forro interior.",229900,20,183920,true,NOT_AVAILABLE,NOT_AVAILABLE,2026-09-18T18:27:34.798Z,COSTA ESMERALDA AZUL,"Inspirado en la frescura del océano, este bikini azul combina una silueta sin tirantes con textura y detalles dorados.

• Brasier strapless fruncido con aro central dorado.
• Amarre ajustable en la espalda.
• Panty con fruncido posterior.
• Tejido texturizado con forro interior.",https://radaelliswimwear.com/producto/COSTA-ESMERALDA-AZUL,Oasis Natural,Oasis Natural,false
NOT_AVAILABLE (id interno no expuesto publicamente),LG-ESP-000003,entero-golden-hour,ENTERO GOLDEN HOUR,Espuma de Ola,espuma-de-ola,Mostaza,"La calidez de la hora dorada en un vestido de baño enterizo de escote profundo, con drapeados que acompañan el diseño.

• Escote en V y espalda abierta.
• Tiras largas para crear dos formas de amarre.
• Banda drapeada sobre el abdomen y fruncido posterior.",229900,20,183920,true,NOT_AVAILABLE,NOT_AVAILABLE,2026-09-21T00:07:30.586Z,ENTERO GOLDEN HOUR,"La calidez de la hora dorada en un vestido de baño enterizo de escote profundo, con drapeados que acompañan el diseño.

• Escote en V y espalda abierta.
• Tiras largas para crear dos formas de amarre.
• Banda drapeada sobre el abdomen y fruncido posterior.",https://radaelliswimwear.com/producto/entero-golden-hour,Espuma de Ola,Espuma de Ola,false
NOT_AVAILABLE (id interno no expuesto publicamente),RSONBI023,costa-esmeralda-negro,COSTA ESMERALDA NEGRO,Oasis Natural,oasis-natural,NEGRO,"Un bikini negro de líneas definidas, inspirado en el contraste de los paisajes costeros y la elegancia de lo esencial.

• Brasier strapless fruncido con aro central dorado.
• Amarre ajustable en la espalda.
• Panty con fruncido posterior.
• Tejido texturizado con forro interior.",229900,20,183920,true,NOT_AVAILABLE,NOT_AVAILABLE,2026-09-21T01:33:14.504Z,COSTA ESMERALDA NEGRO,"Un bikini negro de líneas definidas, inspirado en el contraste de los paisajes costeros y la elegancia de lo esencial.

• Brasier strapless fruncido con aro central dorado.
• Amarre ajustable en la espalda.
• Panty con fruncido posterior.
• Tejido texturizado con forro interior.",https://radaelliswimwear.com/producto/costa-esmeralda-negro,Oasis Natural,Oasis Natural,false
NOT_AVAILABLE (id interno no expuesto publicamente),RSONEN011,oasis-serena-azul,OASIS SERENA AZUL,Oasis Natural,oasis-natural,AZUL,"Inspirado en la calma del océano, este vestido de baño enterizo azul combina un escote profundo con una banda envolvente en la cintura.

• Escote en V y amarre halter ajustable al cuello.
• Espalda descubierta.
• Banda anudada en la cintura y detalles dorados.
• Tejido texturizado con forro interior.",249900,20,199920,true,NOT_AVAILABLE,NOT_AVAILABLE,2026-09-14T17:55:22.341Z,OASIS SERENA AZUL,"Inspirado en la calma del océano, este vestido de baño enterizo azul combina un escote profundo con una banda envolvente en la cintura.

• Escote en V y amarre halter ajustable al cuello.
• Espalda descubierta.
• Banda anudada en la cintura y detalles dorados.
• Tejido texturizado con forro interior.",https://radaelliswimwear.com/producto/oasis-serena-azul,Oasis Natural,Oasis Natural,false
NOT_AVAILABLE (id interno no expuesto publicamente),RSONEN024,brisa-natural-naranja,BRISA NATURAL NARANJA,Oasis Natural,oasis-natural,NARANJA,"Inspirado en la calidez de la brisa al atardecer, este vestido de baño enterizo naranja aporta color a una silueta de líneas limpias.

• Escote profundo en V.
• Tirantes ajustables que se unen en la espalda con un detalle dorado.
• Espalda abierta y corte alto en las piernas.
• Tejido texturizado con forro interior.",249900,20,199920,true,NOT_AVAILABLE,NOT_AVAILABLE,2026-09-14T17:56:11.673Z,BRISA NATURAL NARANJA,"Inspirado en la calidez de la brisa al atardecer, este vestido de baño enterizo naranja aporta color a una silueta de líneas limpias.

• Escote profundo en V.
• Tirantes ajustables que se unen en la espalda con un detalle dorado.
• Espalda abierta y corte alto en las piernas.
• Tejido texturizado con forro interior.",https://radaelliswimwear.com/producto/brisa-natural-naranja,Oasis Natural,Oasis Natural,false
NOT_AVAILABLE (id interno no expuesto publicamente),RSONBI013,arena-dorada-negro,ARENA DORADA NEGRO,Oasis Natural,oasis-natural,NEGRO,"Un bikini negro inspirado en el contraste de la costa, con tirantes amplios y una panty de talle alto que definen una silueta atemporal.

• Brasier con tirantes amplios, base ancha y frunce central.
• Cierre dorado en la espalda.
• Panty de talle alto.
• Tejido texturizado con forro interior.",229900,20,183920,true,NOT_AVAILABLE,NOT_AVAILABLE,2026-09-21T09:17:57.592Z,ARENA DORADA NEGRO,"Un bikini negro inspirado en el contraste de la costa, con tirantes amplios y una panty de talle alto que definen una silueta atemporal.

• Brasier con tirantes amplios, base ancha y frunce central.
• Cierre dorado en la espalda.
• Panty de talle alto.
• Tejido texturizado con forro interior.",https://radaelliswimwear.com/producto/arena-dorada-negro,Oasis Natural,Oasis Natural,false
NOT_AVAILABLE (id interno no expuesto publicamente),RSONEN013,oasis-serena-negro,OASIS SERENA NEGRO,Oasis Natural,oasis-natural,NEGRO,"La calma también tiene presencia. Este vestido de baño enterizo negro combina un escote profundo con una banda envolvente en la cintura.

• Escote en V y amarre halter ajustable al cuello.
• Espalda descubierta.
• Banda anudada en la cintura y detalles dorados.
• Tejido texturizado con forro interior.",249900,20,199920,true,NOT_AVAILABLE,NOT_AVAILABLE,2026-09-21T12:00:57.359Z,OASIS SERENA NEGRO,"La calma también tiene presencia. Este vestido de baño enterizo negro combina un escote profundo con una banda envolvente en la cintura.

• Escote en V y amarre halter ajustable al cuello.
• Espalda descubierta.
• Banda anudada en la cintura y detalles dorados.
• Tejido texturizado con forro interior.",https://radaelliswimwear.com/producto/oasis-serena-negro,Oasis Natural,Oasis Natural,false
NOT_AVAILABLE (id interno no expuesto publicamente),RSONBI034,marea-natural-naranja,MAREA NATURAL NARANJA,Oasis Natural,oasis-natural,NARANJA,"Un bikini naranja inspirado en la energía del sol y el movimiento de las olas, con cruce frontal y amarres delicados.

• Brasier triangular con cruce frontal y tiras finas ajustables.
• Panty con amarres laterales y terminaciones doradas.
• Tejido texturizado. Panty con forro interior.
• Brasier con doble capa de tejido exterior y forro intermedio que acompaña el cruce y giro frontal.",229900,20,183920,true,NOT_AVAILABLE,NOT_AVAILABLE,2026-09-14T17:55:32.602Z,MAREA NATURAL NARANJA,"Un bikini naranja inspirado en la energía del sol y el movimiento de las olas, con cruce frontal y amarres delicados.

• Brasier triangular con cruce frontal y tiras finas ajustables.
• Panty con amarres laterales y terminaciones doradas.
• Tejido texturizado. Panty con forro interior.
• Brasier con doble capa de tejido exterior y forro intermedio que acompaña el cruce y giro frontal.",https://radaelliswimwear.com/producto/marea-natural-naranja,Oasis Natural,Oasis Natural,false
NOT_AVAILABLE (id interno no expuesto publicamente),LG-ESP-000006,bikini-shadow-azul-marino,BIKINI SHADOW NEGRO,Espuma de Ola,espuma-de-ola,NEGRO,"Un bikini negro inspirado en los contrastes del mar, con un diseño sin tirantes que puedes transformar con su tira trenzada.

• Brasier sin tirantes con tira trenzada ajustable y removible.
• Dos bandas fruncidas en la espalda.
• Panty con laterales fruncidos y recogido posterior.",199900,20,159920,true,NOT_AVAILABLE,NOT_AVAILABLE,2026-09-17T17:51:50.861Z,BIKINI SHADOW NEGRO,"Un bikini negro inspirado en los contrastes del mar, con un diseño sin tirantes que puedes transformar con su tira trenzada.

• Brasier sin tirantes con tira trenzada ajustable y removible.
• Dos bandas fruncidas en la espalda.
• Panty con laterales fruncidos y recogido posterior.",https://radaelliswimwear.com/producto/bikini-shadow-azul-marino,Espuma de Ola,Espuma de Ola,false
NOT_AVAILABLE (id interno no expuesto publicamente),LG-AUR-000003,alba-dorada-lila,ALBA DORADA LILA,Aurora Viva,aurora-viva,LILA,"Un bikini lila inspirado en la frescura de un nuevo día, con nudo central y una silueta de fruncidos delicados.

• Brasier con nudo central y copas fruncidas.
• Amarres al cuello y en la espalda.
• Panty fruncido con doble tira lateral.",209900,20,167920,true,NOT_AVAILABLE,NOT_AVAILABLE,2026-09-21T09:00:10.756Z,ALBA DORADA LILA,"Un bikini lila inspirado en la frescura de un nuevo día, con nudo central y una silueta de fruncidos delicados.

• Brasier con nudo central y copas fruncidas.
• Amarres al cuello y en la espalda.
• Panty fruncido con doble tira lateral.",https://radaelliswimwear.com/producto/alba-dorada-lila,Aurora Viva,Aurora Viva,false
NOT_AVAILABLE (id interno no expuesto publicamente),LG-AUR-000004,raices-del-sol-azul-oscuro,RAÍCES DEL SOL AZUL OSCURO,Aurora Viva,aurora-viva,AZUL OSCURO,"Inspirado en la conexión con la naturaleza, este bikini azul oscuro combina un diseño triangular con detalles discretos.

• Brasier triangular con tirantes regulables.
• Amarre en la espalda.
• Panty con fruncido posterior y detalle dorado.",209900,20,167920,true,NOT_AVAILABLE,NOT_AVAILABLE,2026-09-14T18:04:24.776Z,RAÍCES DEL SOL AZUL OSCURO,"Inspirado en la conexión con la naturaleza, este bikini azul oscuro combina un diseño triangular con detalles discretos.

• Brasier triangular con tirantes regulables.
• Amarre en la espalda.
• Panty con fruncido posterior y detalle dorado.",https://radaelliswimwear.com/producto/raices-del-sol-azul-oscuro,Aurora Viva,Aurora Viva,false
NOT_AVAILABLE (id interno no expuesto publicamente),LG-AUR-000009,camiseta-solar-waves-negro,CAMISETA SOLAR WAVES NEGRO,Aurora Viva,aurora-viva,NEGRO,"Inspirada en el movimiento del mar, esta camiseta negra de silueta ajustada acompaña tus días de playa.

• Manga larga.
• Cuello alto y largo corto.
• Diseño liso.

Incluye únicamente la camiseta. La parte inferior del vestido de baño y el pareo no están incluidos.",199900,20,159920,true,NOT_AVAILABLE,NOT_AVAILABLE,2026-09-14T18:06:57.347Z,CAMISETA SOLAR WAVES NEGRO,"Inspirada en el movimiento del mar, esta camiseta negra de silueta ajustada acompaña tus días de playa.

• Manga larga.
• Cuello alto y largo corto.
• Diseño liso.

Incluye únicamente la camiseta. La parte inferior del vestido de baño y el pareo no están incluidos.",https://radaelliswimwear.com/producto/camiseta-solar-waves-negro,Aurora Viva,Aurora Viva,false
NOT_AVAILABLE (id interno no expuesto publicamente),LG-AUR-000006,amanecer-dorado-terracota,AMANECER DORADO TERRACOTA,Aurora Viva,aurora-viva,TERRACOTA,"La calidez del amanecer en un bikini terracota que combina fruncidos, un aro dorado y una silueta de talle alto.

• Brasier fruncido con aro central dorado.
• Tirantes finos y amarre en la espalda.
• Panty de talle alto con fruncido posterior.",209900,20,167920,true,NOT_AVAILABLE,NOT_AVAILABLE,2026-09-20T14:59:41.583Z,AMANECER DORADO TERRACOTA,"La calidez del amanecer en un bikini terracota que combina fruncidos, un aro dorado y una silueta de talle alto.

• Brasier fruncido con aro central dorado.
• Tirantes finos y amarre en la espalda.
• Panty de talle alto con fruncido posterior.",https://radaelliswimwear.com/producto/amanecer-dorado-terracota,Aurora Viva,Aurora Viva,false
NOT_AVAILABLE (id interno no expuesto publicamente),LG-AUR-000005,sol-interno-beige-suave,SOL INTERNO BEIGE SUAVE,Aurora Viva,aurora-viva,BEIGE SUAVE,"Un bikini beige de inspiración cálida y natural, con bordes fruncidos que aportan movimiento al diseño.

• Brasier triangular con bordes fruncidos.
• Amarres al cuello y en la espalda.
• Panty con bordes fruncidos y amarres laterales.",209900,20,167920,true,NOT_AVAILABLE,NOT_AVAILABLE,2026-09-20T21:02:06.194Z,SOL INTERNO BEIGE SUAVE,"Un bikini beige de inspiración cálida y natural, con bordes fruncidos que aportan movimiento al diseño.

• Brasier triangular con bordes fruncidos.
• Amarres al cuello y en la espalda.
• Panty con bordes fruncidos y amarres laterales.",https://radaelliswimwear.com/producto/sol-interno-beige-suave,Aurora Viva,Aurora Viva,false
NOT_AVAILABLE (id interno no expuesto publicamente),LG-HOM-000002,sol-interno-cafe-claro,SOL INTERNO CAFÉ CLARO,Aurora Viva,aurora-viva,CAFÉ CLARO,"La calidez que nace de ti, en un bikini café claro con bordes fruncidos y amarres delicados.

• Brasier triangular con bordes fruncidos.
• Amarres al cuello y en la espalda.
• Panty con bordes fruncidos y amarres laterales.",209900,20,167920,true,NOT_AVAILABLE,NOT_AVAILABLE,2026-09-14T18:05:02.108Z,SOL INTERNO CAFÉ CLARO,"La calidez que nace de ti, en un bikini café claro con bordes fruncidos y amarres delicados.

• Brasier triangular con bordes fruncidos.
• Amarres al cuello y en la espalda.
• Panty con bordes fruncidos y amarres laterales.",https://radaelliswimwear.com/producto/sol-interno-cafe-claro,Aurora Viva,Aurora Viva,false
NOT_AVAILABLE (id interno no expuesto publicamente),LG-ESP-000008,enterizo-shadow-palm-azul-marino,ENTERIZO SHADOW PALM NEGRO,Espuma de Ola,espuma-de-ola,NEGRO,"Un vestido de baño enterizo negro de inspiración costera, con diseño asimétrico y aberturas que definen la cintura.

• Escote asimétrico con tira amplia sobre un hombro y tira fina removible.
• Aberturas laterales y amarre ajustable en la espalda.
• Fruncido posterior.",229900,20,183920,true,NOT_AVAILABLE,NOT_AVAILABLE,2026-09-15T17:27:33.780Z,ENTERIZO SHADOW PALM NEGRO,"Un vestido de baño enterizo negro de inspiración costera, con diseño asimétrico y aberturas que definen la cintura.

• Escote asimétrico con tira amplia sobre un hombro y tira fina removible.
• Aberturas laterales y amarre ajustable en la espalda.
• Fruncido posterior.",https://radaelliswimwear.com/producto/enterizo-shadow-palm-azul-marino,Espuma de Ola,Espuma de Ola,false
NOT_AVAILABLE (id interno no expuesto publicamente),LG-HOM-000003,amanecer-dorado-lila,AMANECER DORADO LILA,Aurora Viva,aurora-viva,LILA,"Un bikini lila de líneas suaves, con un aro dorado que ilumina el diseño y una panty de talle alto.

• Brasier fruncido con aro central dorado.
• Tirantes finos y amarre en la espalda.
• Panty de talle alto con fruncido posterior.",209900,20,167920,true,NOT_AVAILABLE,NOT_AVAILABLE,2026-09-21T00:23:07.853Z,AMANECER DORADO LILA,"Un bikini lila de líneas suaves, con un aro dorado que ilumina el diseño y una panty de talle alto.

• Brasier fruncido con aro central dorado.
• Tirantes finos y amarre en la espalda.
• Panty de talle alto con fruncido posterior.",https://radaelliswimwear.com/producto/amanecer-dorado-lila,Aurora Viva,Aurora Viva,false
NOT_AVAILABLE (id interno no expuesto publicamente),LG-AUR-000007,aurora-total-azul-oscuro,AURORA TOTAL AZUL OSCURO,Aurora Viva,aurora-viva,AZUL OSCURO,"Inspirado en la plenitud de un nuevo día, este vestido de baño enterizo azul oscuro combina un frente limpio con una espalda de tiras cruzadas.

• Escote recto y tirantes finos.
• Aberturas laterales y espalda abierta con tiras cruzadas.
• Amarre posterior y fruncido en la parte inferior de la espalda.",229900,20,183920,true,NOT_AVAILABLE,NOT_AVAILABLE,2026-09-21T16:18:54.189Z,AURORA TOTAL AZUL OSCURO,"Inspirado en la plenitud de un nuevo día, este vestido de baño enterizo azul oscuro combina un frente limpio con una espalda de tiras cruzadas.

• Escote recto y tirantes finos.
• Aberturas laterales y espalda abierta con tiras cruzadas.
• Amarre posterior y fruncido en la parte inferior de la espalda.",https://radaelliswimwear.com/producto/aurora-total-azul-oscuro,Aurora Viva,Aurora Viva,false
NOT_AVAILABLE (id interno no expuesto publicamente),LG-ESP-000004,bikini-waves-terracota,BIKINI WAVES TERRACOTA,Espuma de Ola,espuma-de-ola,TERRACOTA,"Inspirado en el movimiento de las olas, este bikini terracota combina una silueta triangular clásica con amarres delicados y detalles dorados.

• Brasier triangular con amarres al cuello y en la espalda.
• Panty con amarres laterales y fruncido posterior.
• Terminaciones y detalle posterior dorados.",199900,20,159920,true,NOT_AVAILABLE,NOT_AVAILABLE,2026-09-14T03:06:59.019Z,BIKINI WAVES TERRACOTA,"Inspirado en el movimiento de las olas, este bikini terracota combina una silueta triangular clásica con amarres delicados y detalles dorados.

• Brasier triangular con amarres al cuello y en la espalda.
• Panty con amarres laterales y fruncido posterior.
• Terminaciones y detalle posterior dorados.",https://radaelliswimwear.com/producto/bikini-waves-terracota,Espuma de Ola,Espuma de Ola,false
NOT_AVAILABLE (id interno no expuesto publicamente),LG-AUR-000008,aurora-total-terracota,AURORA TOTAL TERRACOTA,Aurora Viva,aurora-viva,TERRACOTA,"La energía del amanecer en un vestido de baño enterizo terracota, con líneas limpias y una espalda de tiras cruzadas.

• Escote recto y tirantes finos.
• Aberturas laterales y espalda abierta con tiras cruzadas.
• Amarre posterior y fruncido en la parte inferior de la espalda.",229900,20,183920,true,NOT_AVAILABLE,NOT_AVAILABLE,2026-09-14T18:06:30.410Z,AURORA TOTAL TERRACOTA,"La energía del amanecer en un vestido de baño enterizo terracota, con líneas limpias y una espalda de tiras cruzadas.

• Escote recto y tirantes finos.
• Aberturas laterales y espalda abierta con tiras cruzadas.
• Amarre posterior y fruncido en la parte inferior de la espalda.",https://radaelliswimwear.com/producto/aurora-total-terracota,Aurora Viva,Aurora Viva,false
NOT_AVAILABLE (id interno no expuesto publicamente),LG-ESP-000009,bikini-foam,BIKINI FOAM,Espuma de Ola,espuma-de-ola,BLANCO,"Inspirado en la suavidad de la espuma del mar, este bikini blanco combina nudos delicados con un drapeado frontal.

• Brasier triangular con nudos en las tiras.
• Tiras cruzadas y amarre ajustable en la espalda.
• Panty de talle alto con drapeado sobre el abdomen y fruncido posterior.",199900,20,159920,true,NOT_AVAILABLE,NOT_AVAILABLE,2026-09-20T13:44:08.575Z,BIKINI FOAM,"Inspirado en la suavidad de la espuma del mar, este bikini blanco combina nudos delicados con un drapeado frontal.

• Brasier triangular con nudos en las tiras.
• Tiras cruzadas y amarre ajustable en la espalda.
• Panty de talle alto con drapeado sobre el abdomen y fruncido posterior.",https://radaelliswimwear.com/producto/bikini-foam,Espuma de Ola,Espuma de Ola,false
NOT_AVAILABLE (id interno no expuesto publicamente),LG-ESP-000005,bikini-waves-verde-oliva,BIKINI WAVES VERDE OLIVA,Espuma de Ola,espuma-de-ola,VERDE OLIVA,"La calma de la costa en un bikini verde oliva de silueta triangular, con amarres delicados y detalles dorados.

• Brasier triangular con amarres al cuello y en la espalda.
• Panty con amarres laterales y fruncido posterior.
• Terminaciones y detalle posterior dorados.",199900,20,159920,true,NOT_AVAILABLE,NOT_AVAILABLE,2026-09-20T20:31:18.415Z,BIKINI WAVES VERDE OLIVA,"La calma de la costa en un bikini verde oliva de silueta triangular, con amarres delicados y detalles dorados.

• Brasier triangular con amarres al cuello y en la espalda.
• Panty con amarres laterales y fruncido posterior.
• Terminaciones y detalle posterior dorados.",https://radaelliswimwear.com/producto/bikini-waves-verde-oliva,Espuma de Ola,Espuma de Ola,false
NOT_AVAILABLE (id interno no expuesto publicamente),LG-AUR-000002,alba-dorada-beige-suave,ALBA DORADA BEIGE SUAVE,Aurora Viva,aurora-viva,BEIGE SUAVE,"La suavidad del amanecer en un bikini beige de líneas delicadas, con nudo central y detalles fruncidos.

• Brasier con nudo central y copas fruncidas.
• Amarres al cuello y en la espalda.
• Panty fruncido con doble tira lateral.",209900,20,167920,true,NOT_AVAILABLE,NOT_AVAILABLE,2026-09-21T10:57:51.580Z,ALBA DORADA BEIGE SUAVE,"La suavidad del amanecer en un bikini beige de líneas delicadas, con nudo central y detalles fruncidos.

• Brasier con nudo central y copas fruncidas.
• Amarres al cuello y en la espalda.
• Panty fruncido con doble tira lateral.",https://radaelliswimwear.com/producto/alba-dorada-beige-suave,Aurora Viva,Aurora Viva,false
NOT_AVAILABLE (id interno no expuesto publicamente),RSONBI012,arena-dorada-beige,ARENA DORADA BEIGE,Oasis Natural,oasis-natural,BEIGE,"Inspirado en la luz sobre la arena, este bikini beige combina tirantes amplios y una panty de talle alto en una silueta atemporal.

• Brasier con tirantes amplios, base ancha y frunce central.
• Cierre dorado en la espalda.
• Panty de talle alto.
• Tejido texturizado con forro interior.",229900,20,183920,true,NOT_AVAILABLE,NOT_AVAILABLE,2026-09-19T01:40:09.671Z,ARENA DORADA BEIGE,"Inspirado en la luz sobre la arena, este bikini beige combina tirantes amplios y una panty de talle alto en una silueta atemporal.

• Brasier con tirantes amplios, base ancha y frunce central.
• Cierre dorado en la espalda.
• Panty de talle alto.
• Tejido texturizado con forro interior.",https://radaelliswimwear.com/producto/arena-dorada-beige,Oasis Natural,Oasis Natural,false
NOT_AVAILABLE (id interno no expuesto publicamente),RSONBI032,marea-natural,MAREA NATURAL BEIGE,Oasis Natural,oasis-natural,BEIGE,"Inspirado en el movimiento del mar y la suavidad de la arena, este bikini beige combina un cruce frontal con amarres delicados.

• Brasier triangular con cruce frontal y tiras finas ajustables.
• Panty con amarres laterales y terminaciones doradas.
• Tejido texturizado. Panty con forro interior.
• Brasier con doble capa de tejido exterior y forro intermedio que acompaña el cruce y giro frontal.",229900,20,183920,true,NOT_AVAILABLE,NOT_AVAILABLE,2026-09-20T21:26:42.635Z,MAREA NATURAL BEIGE,"Inspirado en el movimiento del mar y la suavidad de la arena, este bikini beige combina un cruce frontal con amarres delicados.

• Brasier triangular con cruce frontal y tiras finas ajustables.
• Panty con amarres laterales y terminaciones doradas.
• Tejido texturizado. Panty con forro interior.
• Brasier con doble capa de tejido exterior y forro intermedio que acompaña el cruce y giro frontal.",https://radaelliswimwear.com/producto/marea-natural,Oasis Natural,Oasis Natural,false
NOT_AVAILABLE (id interno no expuesto publicamente),LG-AUR-000001,alba-dorada-cafe-claro,ALBA DORADA CAFÉ CLARO,Aurora Viva,aurora-viva,CAFÉ CLARO,"Inspirado en los primeros rayos del sol, este bikini café claro combina un nudo central con delicados fruncidos.

• Brasier con nudo central y copas fruncidas.
• Amarres al cuello y en la espalda.
• Panty fruncido con doble tira lateral.",209900,20,167920,true,NOT_AVAILABLE,NOT_AVAILABLE,2026-09-27T01:04:35.017Z,ALBA DORADA CAFÉ CLARO,"Inspirado en los primeros rayos del sol, este bikini café claro combina un nudo central con delicados fruncidos.

• Brasier con nudo central y copas fruncidas.
• Amarres al cuello y en la espalda.
• Panty fruncido con doble tira lateral.",https://radaelliswimwear.com/producto/alba-dorada-cafe-claro,Aurora Viva,Aurora Viva,false
NOT_AVAILABLE (id interno no expuesto publicamente),LG-HOM-000001,raices-del-sol-beige-suave,RAÍCES DEL SOL BEIGE SUAVE,Aurora Viva,aurora-viva,BEIGE SUAVE,"Un bikini beige inspirado en la calma de la tierra al amanecer, con diseño triangular y detalles delicados.

• Brasier triangular con tirantes regulables.
• Amarre en la espalda.
• Panty con fruncido posterior y detalle dorado.

El pareo se vende por separado.",209900,20,167920,true,NOT_AVAILABLE,NOT_AVAILABLE,2026-09-18T03:02:28.332Z,RAÍCES DEL SOL BEIGE SUAVE,"Un bikini beige inspirado en la calma de la tierra al amanecer, con diseño triangular y detalles delicados.

• Brasier triangular con tirantes regulables.
• Amarre en la espalda.
• Panty con fruncido posterior y detalle dorado.

El pareo se vende por separado.",https://radaelliswimwear.com/producto/raices-del-sol-beige-suave,Aurora Viva,Aurora Viva,false
NOT_AVAILABLE (id interno no expuesto publicamente),LG-ESP-000007,bikini-palm-verde-oliva,BIKINI PALM VERDE OLIVA,Espuma de Ola,espuma-de-ola,VERDE OLIVA,"Un bikini verde oliva inspirado en la serenidad de la costa, con un cruce frontal que define su silueta asimétrica.

• Brasier con cruce frontal y tira amplia sobre un hombro.
• Amarre mediante nudo en la espalda.
• Panty de talle alto con fruncido posterior.",199900,20,159920,true,NOT_AVAILABLE,NOT_AVAILABLE,2026-09-20T21:37:18.999Z,BIKINI PALM VERDE OLIVA,"Un bikini verde oliva inspirado en la serenidad de la costa, con un cruce frontal que define su silueta asimétrica.

• Brasier con cruce frontal y tira amplia sobre un hombro.
• Amarre mediante nudo en la espalda.
• Panty de talle alto con fruncido posterior.",https://radaelliswimwear.com/producto/bikini-palm-verde-oliva,Espuma de Ola,Espuma de Ola,false
