handle,title_match,type,vendor,option_name,variants_source,variants_shopify,sku_option_match,price_cop_match,compare_at_match,inventory_tracked,available,custom_color_rendered,collection_shopify,collection_match,images_source,images_shopify,image_order_match,notes
brisa-natural-beige,true,Oasis Natural,Radaelli Swimwear,Talla,3,3,true,true,true,NO,true,BEIGE,Oasis Natural,true,3,3,true,
costa-esmeralda-azul,true,Oasis Natural,Radaelli Swimwear,Talla,3,3,true,true,true,NO,true,AZUL,Oasis Natural,true,3,3,true,
entero-golden-hour,true,Espuma de Ola,Radaelli Swimwear,Talla,3,3,true,true,true,NO,true,MOSTAZA,Espuma de Ola,true,3,3,true,
costa-esmeralda-negro,true,Oasis Natural,Radaelli Swimwear,Talla,3,3,true,true,true,NO,true,NEGRO,Oasis Natural,true,3,3,true,
oasis-serena-azul,true,Oasis Natural,Radaelli Swimwear,Talla,3,3,true,true,true,NO,true,AZUL,Oasis Natural,true,3,3,true,
brisa-natural-naranja,true,Oasis Natural,Radaelli Swimwear,Talla,3,3,true,true,true,NO,true,NARANJA,Oasis Natural,true,3,3,true,
arena-dorada-negro,true,Oasis Natural,Radaelli Swimwear,Talla,3,3,true,true,true,NO,true,NEGRO,Oasis Natural,true,3,3,true,
oasis-serena-negro,true,Oasis Natural,Radaelli Swimwear,Talla,3,3,true,true,true,NO,true,NEGRO,Oasis Natural,true,3,3,true,
marea-natural-naranja,true,Oasis Natural,Radaelli Swimwear,Talla,3,3,true,true,true,NO,true,NARANJA,Oasis Natural,true,3,3,true,
bikini-shadow-azul-marino,true,Espuma de Ola,Radaelli Swimwear,Talla,3,3,true,true,true,NO,true,NEGRO,Espuma de Ola,true,3,3,true,
alba-dorada-lila,true,Aurora Viva,Radaelli Swimwear,Talla,4,4,true,true,true,NO,true,LILA,Aurora Viva,true,4,4,true,
raices-del-sol-azul-oscuro,true,Aurora Viva,Radaelli Swimwear,Talla,4,4,true,true,true,NO,true,AZUL OSCURO,Aurora Viva,true,4,4,true,
camiseta-solar-waves-negro,true,Aurora Viva,Radaelli Swimwear,Talla,3,3,true,true,true,NO,true,NEGRO,Aurora Viva,true,3,3,true,
amanecer-dorado-terracota,true,Aurora Viva,Radaelli Swimwear,Talla,4,4,true,true,true,NO,true,TERRACOTA,Aurora Viva,true,3,3,true,
sol-interno-beige-suave,true,Aurora Viva,Radaelli Swimwear,Talla,4,4,true,true,true,NO,true,BEIGE SUAVE,Aurora Viva,true,4,4,true,
sol-interno-cafe-claro,true,Aurora Viva,Radaelli Swimwear,Talla,4,4,true,true,true,NO,true,CAFÉ CLARO,Aurora Viva,true,4,4,true,
enterizo-shadow-palm-azul-marino,true,Espuma de Ola,Radaelli Swimwear,Talla,3,3,true,true,true,NO,true,NEGRO,Espuma de Ola,true,3,3,true,
amanecer-dorado-lila,true,Aurora Viva,Radaelli Swimwear,Talla,4,4,true,true,true,NO,true,LILA,Aurora Viva,true,4,4,true,Shopify agregó sufijo UUID al nombre de 1 archivo al sobrescribir (misma imagen fuente)
aurora-total-azul-oscuro,true,Aurora Viva,Radaelli Swimwear,Talla,4,4,true,true,true,NO,true,AZUL OSCURO,Aurora Viva,true,3,3,true,
bikini-waves-terracota,true,Espuma de Ola,Radaelli Swimwear,Talla,3,3,true,true,true,NO,true,TERRACOTA,Espuma de Ola,true,3,3,true,
aurora-total-terracota,true,Aurora Viva,Radaelli Swimwear,Talla,4,4,true,true,true,NO,true,TERRACOTA,Aurora Viva,true,4,4,true,
bikini-foam,true,Espuma de Ola,Radaelli Swimwear,Talla,3,3,true,true,true,NO,true,BLANCO,Espuma de Ola,true,3,3,true,
bikini-waves-verde-oliva,true,Espuma de Ola,Radaelli Swimwear,Talla,3,3,true,true,true,NO,true,VERDE OLIVA,Espuma de Ola,true,3,3,true,
alba-dorada-beige-suave,true,Aurora Viva,Radaelli Swimwear,Talla,4,4,true,true,true,NO,true,BEIGE SUAVE,Aurora Viva,true,3,3,true,
arena-dorada-beige,true,Oasis Natural,Radaelli Swimwear,Talla,3,3,true,true,true,NO,true,BEIGE,Oasis Natural,true,3,3,true,
marea-natural,true,Oasis Natural,Radaelli Swimwear,Talla,3,3,true,true,true,NO,true,BEIGE,Oasis Natural,true,3,3,true,
alba-dorada-cafe-claro,true,Aurora Viva,Radaelli Swimwear,Talla,4,4,true,true,true,NO,true,CAFÉ CLARO,Aurora Viva,true,5,5,true,
raices-del-sol-beige-suave,true,Aurora Viva,Radaelli Swimwear,Talla,4,4,true,true,true,NO,true,BEIGE SUAVE,Aurora Viva,true,3,3,true,
bikini-palm-verde-oliva,true,Espuma de Ola,Radaelli Swimwear,Talla,3,3,true,true,true,NO,true,VERDE OLIVA,Espuma de Ola,true,3,3,true,
