source_url,source_handle,shopify_handle,product_title,redirect_needed,reason
https://radaelliswimwear.com/producto/brisa-natural-beige,brisa-natural-beige,brisa-natural-beige,BRISA NATURAL BEIGE,SI,URL actual /producto/<slug> pasa a /products/<handle>; handle preservado exacto
https://radaelliswimwear.com/producto/COSTA-ESMERALDA-AZUL,COSTA-ESMERALDA-AZUL,costa-esmeralda-azul,COSTA ESMERALDA AZUL,SI,URL actual /producto/<slug> pasa a /products/<handle>; además Shopify usa handles en minúsculas (slug de origen en mayúsculas)
https://radaelliswimwear.com/producto/entero-golden-hour,entero-golden-hour,entero-golden-hour,ENTERO GOLDEN HOUR,SI,URL actual /producto/<slug> pasa a /products/<handle>; handle preservado exacto
https://radaelliswimwear.com/producto/costa-esmeralda-negro,costa-esmeralda-negro,costa-esmeralda-negro,COSTA ESMERALDA NEGRO,SI,URL actual /producto/<slug> pasa a /products/<handle>; handle preservado exacto
https://radaelliswimwear.com/producto/oasis-serena-azul,oasis-serena-azul,oasis-serena-azul,OASIS SERENA AZUL,SI,URL actual /producto/<slug> pasa a /products/<handle>; handle preservado exacto
https://radaelliswimwear.com/producto/brisa-natural-naranja,brisa-natural-naranja,brisa-natural-naranja,BRISA NATURAL NARANJA,SI,URL actual /producto/<slug> pasa a /products/<handle>; handle preservado exacto
https://radaelliswimwear.com/producto/arena-dorada-negro,arena-dorada-negro,arena-dorada-negro,ARENA DORADA NEGRO,SI,URL actual /producto/<slug> pasa a /products/<handle>; handle preservado exacto
https://radaelliswimwear.com/producto/oasis-serena-negro,oasis-serena-negro,oasis-serena-negro,OASIS SERENA NEGRO,SI,URL actual /producto/<slug> pasa a /products/<handle>; handle preservado exacto
https://radaelliswimwear.com/producto/marea-natural-naranja,marea-natural-naranja,marea-natural-naranja,MAREA NATURAL NARANJA,SI,URL actual /producto/<slug> pasa a /products/<handle>; handle preservado exacto
https://radaelliswimwear.com/producto/bikini-shadow-azul-marino,bikini-shadow-azul-marino,bikini-shadow-azul-marino,BIKINI SHADOW NEGRO,SI,URL actual /producto/<slug> pasa a /products/<handle>; handle preservado exacto
https://radaelliswimwear.com/producto/alba-dorada-lila,alba-dorada-lila,alba-dorada-lila,ALBA DORADA LILA,SI,URL actual /producto/<slug> pasa a /products/<handle>; handle preservado exacto
https://radaelliswimwear.com/producto/raices-del-sol-azul-oscuro,raices-del-sol-azul-oscuro,raices-del-sol-azul-oscuro,RAÍCES DEL SOL AZUL OSCURO,SI,URL actual /producto/<slug> pasa a /products/<handle>; handle preservado exacto
https://radaelliswimwear.com/producto/camiseta-solar-waves-negro,camiseta-solar-waves-negro,camiseta-solar-waves-negro,CAMISETA SOLAR WAVES NEGRO,SI,URL actual /producto/<slug> pasa a /products/<handle>; handle preservado exacto
https://radaelliswimwear.com/producto/amanecer-dorado-terracota,amanecer-dorado-terracota,amanecer-dorado-terracota,AMANECER DORADO TERRACOTA,SI,URL actual /producto/<slug> pasa a /products/<handle>; handle preservado exacto
https://radaelliswimwear.com/producto/sol-interno-beige-suave,sol-interno-beige-suave,sol-interno-beige-suave,SOL INTERNO BEIGE SUAVE,SI,URL actual /producto/<slug> pasa a /products/<handle>; handle preservado exacto
https://radaelliswimwear.com/producto/sol-interno-cafe-claro,sol-interno-cafe-claro,sol-interno-cafe-claro,SOL INTERNO CAFÉ CLARO,SI,URL actual /producto/<slug> pasa a /products/<handle>; handle preservado exacto
https://radaelliswimwear.com/producto/enterizo-shadow-palm-azul-marino,enterizo-shadow-palm-azul-marino,enterizo-shadow-palm-azul-marino,ENTERIZO SHADOW PALM NEGRO,SI,URL actual /producto/<slug> pasa a /products/<handle>; handle preservado exacto
https://radaelliswimwear.com/producto/amanecer-dorado-lila,amanecer-dorado-lila,amanecer-dorado-lila,AMANECER DORADO LILA,SI,URL actual /producto/<slug> pasa a /products/<handle>; handle preservado exacto
https://radaelliswimwear.com/producto/aurora-total-azul-oscuro,aurora-total-azul-oscuro,aurora-total-azul-oscuro,AURORA TOTAL AZUL OSCURO,SI,URL actual /producto/<slug> pasa a /products/<handle>; handle preservado exacto
https://radaelliswimwear.com/producto/bikini-waves-terracota,bikini-waves-terracota,bikini-waves-terracota,BIKINI WAVES TERRACOTA,SI,URL actual /producto/<slug> pasa a /products/<handle>; handle preservado exacto
https://radaelliswimwear.com/producto/aurora-total-terracota,aurora-total-terracota,aurora-total-terracota,AURORA TOTAL TERRACOTA,SI,URL actual /producto/<slug> pasa a /products/<handle>; handle preservado exacto
https://radaelliswimwear.com/producto/bikini-foam,bikini-foam,bikini-foam,BIKINI FOAM,SI,URL actual /producto/<slug> pasa a /products/<handle>; handle preservado exacto
https://radaelliswimwear.com/producto/bikini-waves-verde-oliva,bikini-waves-verde-oliva,bikini-waves-verde-oliva,BIKINI WAVES VERDE OLIVA,SI,URL actual /producto/<slug> pasa a /products/<handle>; handle preservado exacto
https://radaelliswimwear.com/producto/alba-dorada-beige-suave,alba-dorada-beige-suave,alba-dorada-beige-suave,ALBA DORADA BEIGE SUAVE,SI,URL actual /producto/<slug> pasa a /products/<handle>; handle preservado exacto
https://radaelliswimwear.com/producto/arena-dorada-beige,arena-dorada-beige,arena-dorada-beige,ARENA DORADA BEIGE,SI,URL actual /producto/<slug> pasa a /products/<handle>; handle preservado exacto
https://radaelliswimwear.com/producto/marea-natural,marea-natural,marea-natural,MAREA NATURAL BEIGE,SI,URL actual /producto/<slug> pasa a /products/<handle>; handle preservado exacto
https://radaelliswimwear.com/producto/alba-dorada-cafe-claro,alba-dorada-cafe-claro,alba-dorada-cafe-claro,ALBA DORADA CAFÉ CLARO,SI,URL actual /producto/<slug> pasa a /products/<handle>; handle preservado exacto
https://radaelliswimwear.com/producto/raices-del-sol-beige-suave,raices-del-sol-beige-suave,raices-del-sol-beige-suave,RAÍCES DEL SOL BEIGE SUAVE,SI,URL actual /producto/<slug> pasa a /products/<handle>; handle preservado exacto
https://radaelliswimwear.com/producto/bikini-palm-verde-oliva,bikini-palm-verde-oliva,bikini-palm-verde-oliva,BIKINI PALM VERDE OLIVA,SI,URL actual /producto/<slug> pasa a /products/<handle>; handle preservado exacto
