variant_id,product_id,product_sku,product_name,color,size,stock,variant_identifier,migration_notes
NOT_AVAILABLE,NOT_AVAILABLE,RSONEN022,BRISA NATURAL BEIGE,BEIGE,S,"NOT_AVAILABLE (solo se confirmo disponible/agotado, no cantidad)",RSONEN022-S,"Disponible (InStock) segun web publica, 2026-09-28"
NOT_AVAILABLE,NOT_AVAILABLE,RSONEN022,BRISA NATURAL BEIGE,BEIGE,M,"NOT_AVAILABLE (solo se confirmo disponible/agotado, no cantidad)",RSONEN022-M,"Disponible (InStock) segun web publica, 2026-09-28"
NOT_AVAILABLE,NOT_AVAILABLE,RSONEN022,BRISA NATURAL BEIGE,BEIGE,L,"NOT_AVAILABLE (solo se confirmo disponible/agotado, no cantidad)",RSONEN022-L,"Disponible (InStock) segun web publica, 2026-09-28"
NOT_AVAILABLE,NOT_AVAILABLE,RSONBI021,COSTA ESMERALDA AZUL,Azul,S,"NOT_AVAILABLE (solo se confirmo disponible/agotado, no cantidad)",RSONBI021-S,"Disponible (InStock) segun web publica, 2026-09-28"
NOT_AVAILABLE,NOT_AVAILABLE,RSONBI021,COSTA ESMERALDA AZUL,Azul,M,"NOT_AVAILABLE (solo se confirmo disponible/agotado, no cantidad)",RSONBI021-M,"Disponible (InStock) segun web publica, 2026-09-28"
NOT_AVAILABLE,NOT_AVAILABLE,RSONBI021,COSTA ESMERALDA AZUL,Azul,L,"NOT_AVAILABLE (solo se confirmo disponible/agotado, no cantidad)",RSONBI021-L,"Disponible (InStock) segun web publica, 2026-09-28"
NOT_AVAILABLE,NOT_AVAILABLE,LG-ESP-000003,ENTERO GOLDEN HOUR,Mostaza,S,"NOT_AVAILABLE (solo se confirmo disponible/agotado, no cantidad)",LG-ESP-000003-S,"Disponible (InStock) segun web publica, 2026-09-28"
NOT_AVAILABLE,NOT_AVAILABLE,LG-ESP-000003,ENTERO GOLDEN HOUR,Mostaza,M,"NOT_AVAILABLE (solo se confirmo disponible/agotado, no cantidad)",LG-ESP-000003-M,"Disponible (InStock) segun web publica, 2026-09-28"
NOT_AVAILABLE,NOT_AVAILABLE,LG-ESP-000003,ENTERO GOLDEN HOUR,Mostaza,L,"NOT_AVAILABLE (solo se confirmo disponible/agotado, no cantidad)",LG-ESP-000003-L,"Disponible (InStock) segun web publica, 2026-09-28"
NOT_AVAILABLE,NOT_AVAILABLE,RSONBI023,COSTA ESMERALDA NEGRO,NEGRO,S,"NOT_AVAILABLE (solo se confirmo disponible/agotado, no cantidad)",RSONBI023-S,"Disponible (InStock) segun web publica, 2026-09-28"
NOT_AVAILABLE,NOT_AVAILABLE,RSONBI023,COSTA ESMERALDA NEGRO,NEGRO,M,"NOT_AVAILABLE (solo se confirmo disponible/agotado, no cantidad)",RSONBI023-M,"Disponible (InStock) segun web publica, 2026-09-28"
NOT_AVAILABLE,NOT_AVAILABLE,RSONBI023,COSTA ESMERALDA NEGRO,NEGRO,L,"NOT_AVAILABLE (solo se confirmo disponible/agotado, no cantidad)",RSONBI023-L,"Disponible (InStock) segun web publica, 2026-09-28"
NOT_AVAILABLE,NOT_AVAILABLE,RSONEN011,OASIS SERENA AZUL,AZUL,S,"NOT_AVAILABLE (solo se confirmo disponible/agotado, no cantidad)",RSONEN011-S,"Disponible (InStock) segun web publica, 2026-09-28"
NOT_AVAILABLE,NOT_AVAILABLE,RSONEN011,OASIS SERENA AZUL,AZUL,M,"NOT_AVAILABLE (solo se confirmo disponible/agotado, no cantidad)",RSONEN011-M,"Disponible (InStock) segun web publica, 2026-09-28"
NOT_AVAILABLE,NOT_AVAILABLE,RSONEN011,OASIS SERENA AZUL,AZUL,L,"NOT_AVAILABLE (solo se confirmo disponible/agotado, no cantidad)",RSONEN011-L,"Disponible (InStock) segun web publica, 2026-09-28"
NOT_AVAILABLE,NOT_AVAILABLE,RSONEN024,BRISA NATURAL NARANJA,NARANJA,S,"NOT_AVAILABLE (solo se confirmo disponible/agotado, no cantidad)",RSONEN024-S,"Disponible (InStock) segun web publica, 2026-09-28"
NOT_AVAILABLE,NOT_AVAILABLE,RSONEN024,BRISA NATURAL NARANJA,NARANJA,M,"NOT_AVAILABLE (solo se confirmo disponible/agotado, no cantidad)",RSONEN024-M,"Disponible (InStock) segun web publica, 2026-09-28"
NOT_AVAILABLE,NOT_AVAILABLE,RSONEN024,BRISA NATURAL NARANJA,NARANJA,L,"NOT_AVAILABLE (solo se confirmo disponible/agotado, no cantidad)",RSONEN024-L,"Disponible (InStock) segun web publica, 2026-09-28"
NOT_AVAILABLE,NOT_AVAILABLE,RSONBI013,ARENA DORADA NEGRO,NEGRO,S,"NOT_AVAILABLE (solo se confirmo disponible/agotado, no cantidad)",RSONBI013-S,"Disponible (InStock) segun web publica, 2026-09-28"
NOT_AVAILABLE,NOT_AVAILABLE,RSONBI013,ARENA DORADA NEGRO,NEGRO,M,"NOT_AVAILABLE (solo se confirmo disponible/agotado, no cantidad)",RSONBI013-M,"Disponible (InStock) segun web publica, 2026-09-28"
NOT_AVAILABLE,NOT_AVAILABLE,RSONBI013,ARENA DORADA NEGRO,NEGRO,L,"NOT_AVAILABLE (solo se confirmo disponible/agotado, no cantidad)",RSONBI013-L,"Disponible (InStock) segun web publica, 2026-09-28"
NOT_AVAILABLE,NOT_AVAILABLE,RSONEN013,OASIS SERENA NEGRO,NEGRO,S,"NOT_AVAILABLE (solo se confirmo disponible/agotado, no cantidad)",RSONEN013-S,"Disponible (InStock) segun web publica, 2026-09-28"
NOT_AVAILABLE,NOT_AVAILABLE,RSONEN013,OASIS SERENA NEGRO,NEGRO,M,"NOT_AVAILABLE (solo se confirmo disponible/agotado, no cantidad)",RSONEN013-M,"Disponible (InStock) segun web publica, 2026-09-28"
NOT_AVAILABLE,NOT_AVAILABLE,RSONEN013,OASIS SERENA NEGRO,NEGRO,L,"NOT_AVAILABLE (solo se confirmo disponible/agotado, no cantidad)",RSONEN013-L,"Disponible (InStock) segun web publica, 2026-09-28"
NOT_AVAILABLE,NOT_AVAILABLE,RSONBI034,MAREA NATURAL NARANJA,NARANJA,S,"NOT_AVAILABLE (solo se confirmo disponible/agotado, no cantidad)",RSONBI034-S,"Disponible (InStock) segun web publica, 2026-09-28"
NOT_AVAILABLE,NOT_AVAILABLE,RSONBI034,MAREA NATURAL NARANJA,NARANJA,M,"NOT_AVAILABLE (solo se confirmo disponible/agotado, no cantidad)",RSONBI034-M,"Disponible (InStock) segun web publica, 2026-09-28"
NOT_AVAILABLE,NOT_AVAILABLE,RSONBI034,MAREA NATURAL NARANJA,NARANJA,L,"NOT_AVAILABLE (solo se confirmo disponible/agotado, no cantidad)",RSONBI034-L,"Disponible (InStock) segun web publica, 2026-09-28"
NOT_AVAILABLE,NOT_AVAILABLE,LG-ESP-000006,BIKINI SHADOW NEGRO,NEGRO,S,"NOT_AVAILABLE (solo se confirmo disponible/agotado, no cantidad)",LG-ESP-000006-S,"Disponible (InStock) segun web publica, 2026-09-28"
NOT_AVAILABLE,NOT_AVAILABLE,LG-ESP-000006,BIKINI SHADOW NEGRO,NEGRO,M,"NOT_AVAILABLE (solo se confirmo disponible/agotado, no cantidad)",LG-ESP-000006-M,"Disponible (InStock) segun web publica, 2026-09-28"
NOT_AVAILABLE,NOT_AVAILABLE,LG-ESP-000006,BIKINI SHADOW NEGRO,NEGRO,L,"NOT_AVAILABLE (solo se confirmo disponible/agotado, no cantidad)",LG-ESP-000006-L,"Disponible (InStock) segun web publica, 2026-09-28"
NOT_AVAILABLE,NOT_AVAILABLE,LG-AUR-000003,ALBA DORADA LILA,LILA,S,"NOT_AVAILABLE (solo se confirmo disponible/agotado, no cantidad)",LG-AUR-000003-S,"Disponible (InStock) segun web publica, 2026-09-28"
NOT_AVAILABLE,NOT_AVAILABLE,LG-AUR-000003,ALBA DORADA LILA,LILA,M,"NOT_AVAILABLE (solo se confirmo disponible/agotado, no cantidad)",LG-AUR-000003-M,"Disponible (InStock) segun web publica, 2026-09-28"
NOT_AVAILABLE,NOT_AVAILABLE,LG-AUR-000003,ALBA DORADA LILA,LILA,L,"NOT_AVAILABLE (solo se confirmo disponible/agotado, no cantidad)",LG-AUR-000003-L,"Disponible (InStock) segun web publica, 2026-09-28"
NOT_AVAILABLE,NOT_AVAILABLE,LG-AUR-000003,ALBA DORADA LILA,LILA,XL,"NOT_AVAILABLE (solo se confirmo disponible/agotado, no cantidad)",LG-AUR-000003-XL,"Disponible (InStock) segun web publica, 2026-09-28"
NOT_AVAILABLE,NOT_AVAILABLE,LG-AUR-000004,RAÍCES DEL SOL AZUL OSCURO,AZUL OSCURO,S,"NOT_AVAILABLE (solo se confirmo disponible/agotado, no cantidad)",LG-AUR-000004-S,"Disponible (InStock) segun web publica, 2026-09-28"
NOT_AVAILABLE,NOT_AVAILABLE,LG-AUR-000004,RAÍCES DEL SOL AZUL OSCURO,AZUL OSCURO,M,"NOT_AVAILABLE (solo se confirmo disponible/agotado, no cantidad)",LG-AUR-000004-M,"Disponible (InStock) segun web publica, 2026-09-28"
NOT_AVAILABLE,NOT_AVAILABLE,LG-AUR-000004,RAÍCES DEL SOL AZUL OSCURO,AZUL OSCURO,L,"NOT_AVAILABLE (solo se confirmo disponible/agotado, no cantidad)",LG-AUR-000004-L,"Disponible (InStock) segun web publica, 2026-09-28"
NOT_AVAILABLE,NOT_AVAILABLE,LG-AUR-000004,RAÍCES DEL SOL AZUL OSCURO,AZUL OSCURO,XL,"NOT_AVAILABLE (solo se confirmo disponible/agotado, no cantidad)",LG-AUR-000004-XL,"Disponible (InStock) segun web publica, 2026-09-28"
NOT_AVAILABLE,NOT_AVAILABLE,LG-AUR-000009,CAMISETA SOLAR WAVES NEGRO,NEGRO,S,"NOT_AVAILABLE (solo se confirmo disponible/agotado, no cantidad)",LG-AUR-000009-S,"Disponible (InStock) segun web publica, 2026-09-28"
NOT_AVAILABLE,NOT_AVAILABLE,LG-AUR-000009,CAMISETA SOLAR WAVES NEGRO,NEGRO,M,"NOT_AVAILABLE (solo se confirmo disponible/agotado, no cantidad)",LG-AUR-000009-M,"Disponible (InStock) segun web publica, 2026-09-28"
NOT_AVAILABLE,NOT_AVAILABLE,LG-AUR-000009,CAMISETA SOLAR WAVES NEGRO,NEGRO,L y XL,"NOT_AVAILABLE (solo se confirmo disponible/agotado, no cantidad)",LG-AUR-000009-L y XL,"Disponible (InStock) segun web publica, 2026-09-28"
NOT_AVAILABLE,NOT_AVAILABLE,LG-AUR-000006,AMANECER DORADO TERRACOTA,TERRACOTA,S,"NOT_AVAILABLE (solo se confirmo disponible/agotado, no cantidad)",LG-AUR-000006-S,"Disponible (InStock) segun web publica, 2026-09-28"
NOT_AVAILABLE,NOT_AVAILABLE,LG-AUR-000006,AMANECER DORADO TERRACOTA,TERRACOTA,M,"NOT_AVAILABLE (solo se confirmo disponible/agotado, no cantidad)",LG-AUR-000006-M,"Disponible (InStock) segun web publica, 2026-09-28"
NOT_AVAILABLE,NOT_AVAILABLE,LG-AUR-000006,AMANECER DORADO TERRACOTA,TERRACOTA,L,"NOT_AVAILABLE (solo se confirmo disponible/agotado, no cantidad)",LG-AUR-000006-L,"Disponible (InStock) segun web publica, 2026-09-28"
NOT_AVAILABLE,NOT_AVAILABLE,LG-AUR-000006,AMANECER DORADO TERRACOTA,TERRACOTA,XL,"NOT_AVAILABLE (solo se confirmo disponible/agotado, no cantidad)",LG-AUR-000006-XL,"Disponible (InStock) segun web publica, 2026-09-28"
NOT_AVAILABLE,NOT_AVAILABLE,LG-AUR-000005,SOL INTERNO BEIGE SUAVE,BEIGE SUAVE,S,"NOT_AVAILABLE (solo se confirmo disponible/agotado, no cantidad)",LG-AUR-000005-S,"Disponible (InStock) segun web publica, 2026-09-28"
NOT_AVAILABLE,NOT_AVAILABLE,LG-AUR-000005,SOL INTERNO BEIGE SUAVE,BEIGE SUAVE,M,"NOT_AVAILABLE (solo se confirmo disponible/agotado, no cantidad)",LG-AUR-000005-M,"Disponible (InStock) segun web publica, 2026-09-28"
NOT_AVAILABLE,NOT_AVAILABLE,LG-AUR-000005,SOL INTERNO BEIGE SUAVE,BEIGE SUAVE,L,"NOT_AVAILABLE (solo se confirmo disponible/agotado, no cantidad)",LG-AUR-000005-L,"Disponible (InStock) segun web publica, 2026-09-28"
NOT_AVAILABLE,NOT_AVAILABLE,LG-AUR-000005,SOL INTERNO BEIGE SUAVE,BEIGE SUAVE,XL,"NOT_AVAILABLE (solo se confirmo disponible/agotado, no cantidad)",LG-AUR-000005-XL,"Disponible (InStock) segun web publica, 2026-09-28"
NOT_AVAILABLE,NOT_AVAILABLE,LG-HOM-000002,SOL INTERNO CAFÉ CLARO,CAFÉ CLARO,S,"NOT_AVAILABLE (solo se confirmo disponible/agotado, no cantidad)",LG-HOM-000002-S,"Disponible (InStock) segun web publica, 2026-09-28"
NOT_AVAILABLE,NOT_AVAILABLE,LG-HOM-000002,SOL INTERNO CAFÉ CLARO,CAFÉ CLARO,M,"NOT_AVAILABLE (solo se confirmo disponible/agotado, no cantidad)",LG-HOM-000002-M,"Disponible (InStock) segun web publica, 2026-09-28"
NOT_AVAILABLE,NOT_AVAILABLE,LG-HOM-000002,SOL INTERNO CAFÉ CLARO,CAFÉ CLARO,L,"NOT_AVAILABLE (solo se confirmo disponible/agotado, no cantidad)",LG-HOM-000002-L,"Disponible (InStock) segun web publica, 2026-09-28"
NOT_AVAILABLE,NOT_AVAILABLE,LG-HOM-000002,SOL INTERNO CAFÉ CLARO,CAFÉ CLARO,XL,"NOT_AVAILABLE (solo se confirmo disponible/agotado, no cantidad)",LG-HOM-000002-XL,"Disponible (InStock) segun web publica, 2026-09-28"
NOT_AVAILABLE,NOT_AVAILABLE,LG-ESP-000008,ENTERIZO SHADOW PALM NEGRO,NEGRO,S,"NOT_AVAILABLE (solo se confirmo disponible/agotado, no cantidad)",LG-ESP-000008-S,"Disponible (InStock) segun web publica, 2026-09-28"
NOT_AVAILABLE,NOT_AVAILABLE,LG-ESP-000008,ENTERIZO SHADOW PALM NEGRO,NEGRO,M,"NOT_AVAILABLE (solo se confirmo disponible/agotado, no cantidad)",LG-ESP-000008-M,"Disponible (InStock) segun web publica, 2026-09-28"
NOT_AVAILABLE,NOT_AVAILABLE,LG-ESP-000008,ENTERIZO SHADOW PALM NEGRO,NEGRO,L,"NOT_AVAILABLE (solo se confirmo disponible/agotado, no cantidad)",LG-ESP-000008-L,"Disponible (InStock) segun web publica, 2026-09-28"
NOT_AVAILABLE,NOT_AVAILABLE,LG-HOM-000003,AMANECER DORADO LILA,LILA,S,"NOT_AVAILABLE (solo se confirmo disponible/agotado, no cantidad)",LG-HOM-000003-S,"Disponible (InStock) segun web publica, 2026-09-28"
NOT_AVAILABLE,NOT_AVAILABLE,LG-HOM-000003,AMANECER DORADO LILA,LILA,M,"NOT_AVAILABLE (solo se confirmo disponible/agotado, no cantidad)",LG-HOM-000003-M,"Disponible (InStock) segun web publica, 2026-09-28"
NOT_AVAILABLE,NOT_AVAILABLE,LG-HOM-000003,AMANECER DORADO LILA,LILA,L,"NOT_AVAILABLE (solo se confirmo disponible/agotado, no cantidad)",LG-HOM-000003-L,"Disponible (InStock) segun web publica, 2026-09-28"
NOT_AVAILABLE,NOT_AVAILABLE,LG-HOM-000003,AMANECER DORADO LILA,LILA,XL,"NOT_AVAILABLE (solo se confirmo disponible/agotado, no cantidad)",LG-HOM-000003-XL,"Disponible (InStock) segun web publica, 2026-09-28"
NOT_AVAILABLE,NOT_AVAILABLE,LG-AUR-000007,AURORA TOTAL AZUL OSCURO,AZUL OSCURO,S,"NOT_AVAILABLE (solo se confirmo disponible/agotado, no cantidad)",LG-AUR-000007-S,"Disponible (InStock) segun web publica, 2026-09-28"
NOT_AVAILABLE,NOT_AVAILABLE,LG-AUR-000007,AURORA TOTAL AZUL OSCURO,AZUL OSCURO,M,"NOT_AVAILABLE (solo se confirmo disponible/agotado, no cantidad)",LG-AUR-000007-M,"Disponible (InStock) segun web publica, 2026-09-28"
NOT_AVAILABLE,NOT_AVAILABLE,LG-AUR-000007,AURORA TOTAL AZUL OSCURO,AZUL OSCURO,L,"NOT_AVAILABLE (solo se confirmo disponible/agotado, no cantidad)",LG-AUR-000007-L,"Disponible (InStock) segun web publica, 2026-09-28"
NOT_AVAILABLE,NOT_AVAILABLE,LG-AUR-000007,AURORA TOTAL AZUL OSCURO,AZUL OSCURO,XL,"NOT_AVAILABLE (solo se confirmo disponible/agotado, no cantidad)",LG-AUR-000007-XL,"Disponible (InStock) segun web publica, 2026-09-28"
NOT_AVAILABLE,NOT_AVAILABLE,LG-ESP-000004,BIKINI WAVES TERRACOTA,TERRACOTA,S,"NOT_AVAILABLE (solo se confirmo disponible/agotado, no cantidad)",LG-ESP-000004-S,"Disponible (InStock) segun web publica, 2026-09-28"
NOT_AVAILABLE,NOT_AVAILABLE,LG-ESP-000004,BIKINI WAVES TERRACOTA,TERRACOTA,M,"NOT_AVAILABLE (solo se confirmo disponible/agotado, no cantidad)",LG-ESP-000004-M,"Disponible (InStock) segun web publica, 2026-09-28"
NOT_AVAILABLE,NOT_AVAILABLE,LG-ESP-000004,BIKINI WAVES TERRACOTA,TERRACOTA,L,"NOT_AVAILABLE (solo se confirmo disponible/agotado, no cantidad)",LG-ESP-000004-L,"Disponible (InStock) segun web publica, 2026-09-28"
NOT_AVAILABLE,NOT_AVAILABLE,LG-AUR-000008,AURORA TOTAL TERRACOTA,TERRACOTA,S,"NOT_AVAILABLE (solo se confirmo disponible/agotado, no cantidad)",LG-AUR-000008-S,"Disponible (InStock) segun web publica, 2026-09-28"
NOT_AVAILABLE,NOT_AVAILABLE,LG-AUR-000008,AURORA TOTAL TERRACOTA,TERRACOTA,M,"NOT_AVAILABLE (solo se confirmo disponible/agotado, no cantidad)",LG-AUR-000008-M,"Disponible (InStock) segun web publica, 2026-09-28"
NOT_AVAILABLE,NOT_AVAILABLE,LG-AUR-000008,AURORA TOTAL TERRACOTA,TERRACOTA,L,"NOT_AVAILABLE (solo se confirmo disponible/agotado, no cantidad)",LG-AUR-000008-L,"Disponible (InStock) segun web publica, 2026-09-28"
NOT_AVAILABLE,NOT_AVAILABLE,LG-AUR-000008,AURORA TOTAL TERRACOTA,TERRACOTA,XL,"NOT_AVAILABLE (solo se confirmo disponible/agotado, no cantidad)",LG-AUR-000008-XL,"Disponible (InStock) segun web publica, 2026-09-28"
NOT_AVAILABLE,NOT_AVAILABLE,LG-ESP-000009,BIKINI FOAM,BLANCO,S,"NOT_AVAILABLE (solo se confirmo disponible/agotado, no cantidad)",LG-ESP-000009-S,"Disponible (InStock) segun web publica, 2026-09-28"
NOT_AVAILABLE,NOT_AVAILABLE,LG-ESP-000009,BIKINI FOAM,BLANCO,M,"NOT_AVAILABLE (solo se confirmo disponible/agotado, no cantidad)",LG-ESP-000009-M,"Disponible (InStock) segun web publica, 2026-09-28"
NOT_AVAILABLE,NOT_AVAILABLE,LG-ESP-000009,BIKINI FOAM,BLANCO,L,"NOT_AVAILABLE (solo se confirmo disponible/agotado, no cantidad)",LG-ESP-000009-L,"Disponible (InStock) segun web publica, 2026-09-28"
NOT_AVAILABLE,NOT_AVAILABLE,LG-ESP-000005,BIKINI WAVES VERDE OLIVA,VERDE OLIVA,S,"NOT_AVAILABLE (solo se confirmo disponible/agotado, no cantidad)",LG-ESP-000005-S,"Disponible (InStock) segun web publica, 2026-09-28"
NOT_AVAILABLE,NOT_AVAILABLE,LG-ESP-000005,BIKINI WAVES VERDE OLIVA,VERDE OLIVA,M,"NOT_AVAILABLE (solo se confirmo disponible/agotado, no cantidad)",LG-ESP-000005-M,"Disponible (InStock) segun web publica, 2026-09-28"
NOT_AVAILABLE,NOT_AVAILABLE,LG-ESP-000005,BIKINI WAVES VERDE OLIVA,VERDE OLIVA,L,"NOT_AVAILABLE (solo se confirmo disponible/agotado, no cantidad)",LG-ESP-000005-L,"Disponible (InStock) segun web publica, 2026-09-28"
NOT_AVAILABLE,NOT_AVAILABLE,LG-AUR-000002,ALBA DORADA BEIGE SUAVE,BEIGE SUAVE,S,"NOT_AVAILABLE (solo se confirmo disponible/agotado, no cantidad)",LG-AUR-000002-S,"Disponible (InStock) segun web publica, 2026-09-28"
NOT_AVAILABLE,NOT_AVAILABLE,LG-AUR-000002,ALBA DORADA BEIGE SUAVE,BEIGE SUAVE,M,"NOT_AVAILABLE (solo se confirmo disponible/agotado, no cantidad)",LG-AUR-000002-M,"Disponible (InStock) segun web publica, 2026-09-28"
NOT_AVAILABLE,NOT_AVAILABLE,LG-AUR-000002,ALBA DORADA BEIGE SUAVE,BEIGE SUAVE,L,"NOT_AVAILABLE (solo se confirmo disponible/agotado, no cantidad)",LG-AUR-000002-L,"Disponible (InStock) segun web publica, 2026-09-28"
NOT_AVAILABLE,NOT_AVAILABLE,LG-AUR-000002,ALBA DORADA BEIGE SUAVE,BEIGE SUAVE,XL,"NOT_AVAILABLE (solo se confirmo disponible/agotado, no cantidad)",LG-AUR-000002-XL,"Disponible (InStock) segun web publica, 2026-09-28"
NOT_AVAILABLE,NOT_AVAILABLE,RSONBI012,ARENA DORADA BEIGE,BEIGE,S,"NOT_AVAILABLE (solo se confirmo disponible/agotado, no cantidad)",RSONBI012-S,"Disponible (InStock) segun web publica, 2026-09-28"
NOT_AVAILABLE,NOT_AVAILABLE,RSONBI012,ARENA DORADA BEIGE,BEIGE,M,"NOT_AVAILABLE (solo se confirmo disponible/agotado, no cantidad)",RSONBI012-M,"Disponible (InStock) segun web publica, 2026-09-28"
NOT_AVAILABLE,NOT_AVAILABLE,RSONBI012,ARENA DORADA BEIGE,BEIGE,L,"NOT_AVAILABLE (solo se confirmo disponible/agotado, no cantidad)",RSONBI012-L,"Disponible (InStock) segun web publica, 2026-09-28"
NOT_AVAILABLE,NOT_AVAILABLE,RSONBI032,MAREA NATURAL BEIGE,BEIGE,S,"NOT_AVAILABLE (solo se confirmo disponible/agotado, no cantidad)",RSONBI032-S,"Disponible (InStock) segun web publica, 2026-09-28"
NOT_AVAILABLE,NOT_AVAILABLE,RSONBI032,MAREA NATURAL BEIGE,BEIGE,M,"NOT_AVAILABLE (solo se confirmo disponible/agotado, no cantidad)",RSONBI032-M,"Disponible (InStock) segun web publica, 2026-09-28"
NOT_AVAILABLE,NOT_AVAILABLE,RSONBI032,MAREA NATURAL BEIGE,BEIGE,L,"NOT_AVAILABLE (solo se confirmo disponible/agotado, no cantidad)",RSONBI032-L,"Disponible (InStock) segun web publica, 2026-09-28"
NOT_AVAILABLE,NOT_AVAILABLE,LG-AUR-000001,ALBA DORADA CAFÉ CLARO,CAFÉ CLARO,S,"NOT_AVAILABLE (solo se confirmo disponible/agotado, no cantidad)",LG-AUR-000001-S,"Disponible (InStock) segun web publica, 2026-09-28"
NOT_AVAILABLE,NOT_AVAILABLE,LG-AUR-000001,ALBA DORADA CAFÉ CLARO,CAFÉ CLARO,M,"NOT_AVAILABLE (solo se confirmo disponible/agotado, no cantidad)",LG-AUR-000001-M,"Disponible (InStock) segun web publica, 2026-09-28"
NOT_AVAILABLE,NOT_AVAILABLE,LG-AUR-000001,ALBA DORADA CAFÉ CLARO,CAFÉ CLARO,L,"NOT_AVAILABLE (solo se confirmo disponible/agotado, no cantidad)",LG-AUR-000001-L,"Disponible (InStock) segun web publica, 2026-09-28"
NOT_AVAILABLE,NOT_AVAILABLE,LG-AUR-000001,ALBA DORADA CAFÉ CLARO,CAFÉ CLARO,XL,"NOT_AVAILABLE (solo se confirmo disponible/agotado, no cantidad)",LG-AUR-000001-XL,"Disponible (InStock) segun web publica, 2026-09-28"
NOT_AVAILABLE,NOT_AVAILABLE,LG-HOM-000001,RAÍCES DEL SOL BEIGE SUAVE,BEIGE SUAVE,S,"NOT_AVAILABLE (solo se confirmo disponible/agotado, no cantidad)",LG-HOM-000001-S,"Disponible (InStock) segun web publica, 2026-09-28"
NOT_AVAILABLE,NOT_AVAILABLE,LG-HOM-000001,RAÍCES DEL SOL BEIGE SUAVE,BEIGE SUAVE,M,"NOT_AVAILABLE (solo se confirmo disponible/agotado, no cantidad)",LG-HOM-000001-M,"Disponible (InStock) segun web publica, 2026-09-28"
NOT_AVAILABLE,NOT_AVAILABLE,LG-HOM-000001,RAÍCES DEL SOL BEIGE SUAVE,BEIGE SUAVE,L,"NOT_AVAILABLE (solo se confirmo disponible/agotado, no cantidad)",LG-HOM-000001-L,"Disponible (InStock) segun web publica, 2026-09-28"
NOT_AVAILABLE,NOT_AVAILABLE,LG-HOM-000001,RAÍCES DEL SOL BEIGE SUAVE,BEIGE SUAVE,XL,"NOT_AVAILABLE (solo se confirmo disponible/agotado, no cantidad)",LG-HOM-000001-XL,"Disponible (InStock) segun web publica, 2026-09-28"
NOT_AVAILABLE,NOT_AVAILABLE,LG-ESP-000007,BIKINI PALM VERDE OLIVA,VERDE OLIVA,S,"NOT_AVAILABLE (solo se confirmo disponible/agotado, no cantidad)",LG-ESP-000007-S,"Disponible (InStock) segun web publica, 2026-09-28"
NOT_AVAILABLE,NOT_AVAILABLE,LG-ESP-000007,BIKINI PALM VERDE OLIVA,VERDE OLIVA,M,"NOT_AVAILABLE (solo se confirmo disponible/agotado, no cantidad)",LG-ESP-000007-M,"Disponible (InStock) segun web publica, 2026-09-28"
NOT_AVAILABLE,NOT_AVAILABLE,LG-ESP-000007,BIKINI PALM VERDE OLIVA,VERDE OLIVA,L,"NOT_AVAILABLE (solo se confirmo disponible/agotado, no cantidad)",LG-ESP-000007-L,"Disponible (InStock) segun web publica, 2026-09-28"
