product_id,sku,product_name,image_position,current_url,public_id,alt_text,source,migration_status
NOT_AVAILABLE,RSONEN022,BRISA NATURAL BEIGE,0,https://res.cloudinary.com/n8l3p85c/image/upload/v1789406102/lago/products/kepyvufdwbuxd8epyeir.jpg,NOT_AVAILABLE (no expuesto publicamente),BRISA NATURAL BEIGE,cloudinary,PENDING
NOT_AVAILABLE,RSONEN022,BRISA NATURAL BEIGE,1,https://res.cloudinary.com/n8l3p85c/image/upload/v1789406103/lago/products/vrspc2bydn9fnm914tuy.jpg,NOT_AVAILABLE (no expuesto publicamente),BRISA NATURAL BEIGE,cloudinary,PENDING
NOT_AVAILABLE,RSONEN022,BRISA NATURAL BEIGE,2,https://res.cloudinary.com/n8l3p85c/image/upload/v1789406104/lago/products/o6aabn7gsuqmdzaoizb9.jpg,NOT_AVAILABLE (no expuesto publicamente),BRISA NATURAL BEIGE,cloudinary,PENDING
NOT_AVAILABLE,RSONBI021,COSTA ESMERALDA AZUL,0,https://res.cloudinary.com/n8l3p85c/image/upload/v1789406110/lago/products/tkd231tnkwhbo0mhrkfi.jpg,NOT_AVAILABLE (no expuesto publicamente),COSTA ESMERALDA AZUL,cloudinary,PENDING
NOT_AVAILABLE,RSONBI021,COSTA ESMERALDA AZUL,1,https://res.cloudinary.com/n8l3p85c/image/upload/v1789406111/lago/products/rcrnan574rd72vb8zg1k.jpg,NOT_AVAILABLE (no expuesto publicamente),COSTA ESMERALDA AZUL,cloudinary,PENDING
NOT_AVAILABLE,RSONBI021,COSTA ESMERALDA AZUL,2,https://res.cloudinary.com/n8l3p85c/image/upload/v1789406113/lago/products/iairwygzkllwiwoiyr8a.jpg,NOT_AVAILABLE (no expuesto publicamente),COSTA ESMERALDA AZUL,cloudinary,PENDING
NOT_AVAILABLE,LG-ESP-000003,ENTERO GOLDEN HOUR,0,https://res.cloudinary.com/n8l3p85c/image/upload/v1787590592/lago/products/ntmwaweeyp0ti0d5xae6.jpg,NOT_AVAILABLE (no expuesto publicamente),ENTERO GOLDEN HOUR,cloudinary,PENDING
NOT_AVAILABLE,LG-ESP-000003,ENTERO GOLDEN HOUR,1,https://res.cloudinary.com/n8l3p85c/image/upload/v1787590588/lago/products/sj2m0w4lsde0ah5wmlow.jpg,NOT_AVAILABLE (no expuesto publicamente),ENTERO GOLDEN HOUR,cloudinary,PENDING
NOT_AVAILABLE,LG-ESP-000003,ENTERO GOLDEN HOUR,2,https://res.cloudinary.com/n8l3p85c/image/upload/v1787590590/lago/products/gxulsuql99djdm7ocvjy.jpg,NOT_AVAILABLE (no expuesto publicamente),ENTERO GOLDEN HOUR,cloudinary,PENDING
NOT_AVAILABLE,RSONBI023,COSTA ESMERALDA NEGRO,0,https://res.cloudinary.com/n8l3p85c/image/upload/v1789406115/lago/products/gzvuttykyhk2nsmt1ih0.jpg,NOT_AVAILABLE (no expuesto publicamente),COSTA ESMERALDA NEGRO,cloudinary,PENDING
NOT_AVAILABLE,RSONBI023,COSTA ESMERALDA NEGRO,1,https://res.cloudinary.com/n8l3p85c/image/upload/v1789406116/lago/products/fn4l6qnp41fpcjdgru84.jpg,NOT_AVAILABLE (no expuesto publicamente),COSTA ESMERALDA NEGRO,cloudinary,PENDING
NOT_AVAILABLE,RSONBI023,COSTA ESMERALDA NEGRO,2,https://res.cloudinary.com/n8l3p85c/image/upload/v1789406117/lago/products/rol1eqb6qlmpnhy0lmka.jpg,NOT_AVAILABLE (no expuesto publicamente),COSTA ESMERALDA NEGRO,cloudinary,PENDING
NOT_AVAILABLE,RSONEN011,OASIS SERENA AZUL,0,https://res.cloudinary.com/n8l3p85c/image/upload/v1789406364/lago/products/tmllh71jv3hhezujpqdn.jpg,NOT_AVAILABLE (no expuesto publicamente),OASIS SERENA AZUL,cloudinary,PENDING
NOT_AVAILABLE,RSONEN011,OASIS SERENA AZUL,1,https://res.cloudinary.com/n8l3p85c/image/upload/v1789406366/lago/products/cadhxnnu5rtyhy1et88g.jpg,NOT_AVAILABLE (no expuesto publicamente),OASIS SERENA AZUL,cloudinary,PENDING
NOT_AVAILABLE,RSONEN011,OASIS SERENA AZUL,2,https://res.cloudinary.com/n8l3p85c/image/upload/v1789406367/lago/products/sjidro8i0njbpqp6r1po.jpg,NOT_AVAILABLE (no expuesto publicamente),OASIS SERENA AZUL,cloudinary,PENDING
NOT_AVAILABLE,RSONEN024,BRISA NATURAL NARANJA,0,https://res.cloudinary.com/n8l3p85c/image/upload/v1789406106/lago/products/fm8pywfhyasqwo06fctu.jpg,NOT_AVAILABLE (no expuesto publicamente),BRISA NATURAL NARANJA,cloudinary,PENDING
NOT_AVAILABLE,RSONEN024,BRISA NATURAL NARANJA,1,https://res.cloudinary.com/n8l3p85c/image/upload/v1789406107/lago/products/kjn0rdzp5m1riencejln.jpg,NOT_AVAILABLE (no expuesto publicamente),BRISA NATURAL NARANJA,cloudinary,PENDING
NOT_AVAILABLE,RSONEN024,BRISA NATURAL NARANJA,2,https://res.cloudinary.com/n8l3p85c/image/upload/v1789406108/lago/products/jjpqmourwnuwdyw3r9zm.jpg,NOT_AVAILABLE (no expuesto publicamente),BRISA NATURAL NARANJA,cloudinary,PENDING
NOT_AVAILABLE,RSONBI013,ARENA DORADA NEGRO,0,https://res.cloudinary.com/n8l3p85c/image/upload/v1789406098/lago/products/mwep1nr9wm2pmqf1jqw2.jpg,NOT_AVAILABLE (no expuesto publicamente),ARENA DORADA NEGRO,cloudinary,PENDING
NOT_AVAILABLE,RSONBI013,ARENA DORADA NEGRO,1,https://res.cloudinary.com/n8l3p85c/image/upload/v1789406099/lago/products/mqpasdatvfrqvyn87bmw.jpg,NOT_AVAILABLE (no expuesto publicamente),ARENA DORADA NEGRO,cloudinary,PENDING
NOT_AVAILABLE,RSONBI013,ARENA DORADA NEGRO,2,https://res.cloudinary.com/n8l3p85c/image/upload/v1789406100/lago/products/tvwy5bscttetb1omzmmd.jpg,NOT_AVAILABLE (no expuesto publicamente),ARENA DORADA NEGRO,cloudinary,PENDING
NOT_AVAILABLE,RSONEN013,OASIS SERENA NEGRO,0,https://res.cloudinary.com/n8l3p85c/image/upload/v1789406368/lago/products/jftalshad8g5d7huswry.jpg,NOT_AVAILABLE (no expuesto publicamente),OASIS SERENA NEGRO,cloudinary,PENDING
NOT_AVAILABLE,RSONEN013,OASIS SERENA NEGRO,1,https://res.cloudinary.com/n8l3p85c/image/upload/v1789406371/lago/products/ipeqzw4jeym0cfud3xd5.jpg,NOT_AVAILABLE (no expuesto publicamente),OASIS SERENA NEGRO,cloudinary,PENDING
NOT_AVAILABLE,RSONEN013,OASIS SERENA NEGRO,2,https://res.cloudinary.com/n8l3p85c/image/upload/v1789406372/lago/products/rsodj8qsgkiqzv0ykbjy.jpg,NOT_AVAILABLE (no expuesto publicamente),OASIS SERENA NEGRO,cloudinary,PENDING
NOT_AVAILABLE,RSONBI034,MAREA NATURAL NARANJA,0,https://res.cloudinary.com/n8l3p85c/image/upload/v1789406123/lago/products/p6oxyf5esihrmjqpoq9k.jpg,NOT_AVAILABLE (no expuesto publicamente),MAREA NATURAL NARANJA,cloudinary,PENDING
NOT_AVAILABLE,RSONBI034,MAREA NATURAL NARANJA,1,https://res.cloudinary.com/n8l3p85c/image/upload/v1789406124/lago/products/t3fhubyfqkio4nc8zwhl.jpg,NOT_AVAILABLE (no expuesto publicamente),MAREA NATURAL NARANJA,cloudinary,PENDING
NOT_AVAILABLE,RSONBI034,MAREA NATURAL NARANJA,2,https://res.cloudinary.com/n8l3p85c/image/upload/v1789406126/lago/products/m42lhzsqmejfmtva2ysb.jpg,NOT_AVAILABLE (no expuesto publicamente),MAREA NATURAL NARANJA,cloudinary,PENDING
NOT_AVAILABLE,LG-ESP-000006,BIKINI SHADOW NEGRO,0,https://res.cloudinary.com/n8l3p85c/image/upload/v1788476924/lago/products/j4qplrq4g2lp8il7agg7.jpg,NOT_AVAILABLE (no expuesto publicamente),BIKINI SHADOW NEGRO,cloudinary,PENDING
NOT_AVAILABLE,LG-ESP-000006,BIKINI SHADOW NEGRO,1,https://res.cloudinary.com/n8l3p85c/image/upload/v1788476923/lago/products/yo6487iw4vpicixinie6.jpg,NOT_AVAILABLE (no expuesto publicamente),BIKINI SHADOW NEGRO,cloudinary,PENDING
NOT_AVAILABLE,LG-ESP-000006,BIKINI SHADOW NEGRO,2,https://res.cloudinary.com/n8l3p85c/image/upload/v1788476922/lago/products/vfowskutz7dppefh7cc0.jpg,NOT_AVAILABLE (no expuesto publicamente),BIKINI SHADOW NEGRO,cloudinary,PENDING
NOT_AVAILABLE,LG-AUR-000003,ALBA DORADA LILA,0,https://res.cloudinary.com/n8l3p85c/image/upload/v1788460189/lago/products/p8ztobejobwqvwvixanw.jpg,NOT_AVAILABLE (no expuesto publicamente),ALBA DORADA LILA,cloudinary,PENDING
NOT_AVAILABLE,LG-AUR-000003,ALBA DORADA LILA,1,https://res.cloudinary.com/n8l3p85c/image/upload/v1788460191/lago/products/rmdmcn2dh8ms03py0ibj.jpg,NOT_AVAILABLE (no expuesto publicamente),ALBA DORADA LILA,cloudinary,PENDING
NOT_AVAILABLE,LG-AUR-000003,ALBA DORADA LILA,2,https://res.cloudinary.com/n8l3p85c/image/upload/v1788460190/lago/products/yxwmooi1esmridf8kumu.jpg,NOT_AVAILABLE (no expuesto publicamente),ALBA DORADA LILA,cloudinary,PENDING
NOT_AVAILABLE,LG-AUR-000003,ALBA DORADA LILA,3,https://res.cloudinary.com/n8l3p85c/image/upload/v1788460192/lago/products/da7qxm9lzwk9zzhdopej.jpg,NOT_AVAILABLE (no expuesto publicamente),ALBA DORADA LILA,cloudinary,PENDING
NOT_AVAILABLE,LG-AUR-000004,RAÍCES DEL SOL AZUL OSCURO,0,https://res.cloudinary.com/n8l3p85c/image/upload/v1788460378/lago/products/mubn5iuwdw0y3yt22jrk.jpg,NOT_AVAILABLE (no expuesto publicamente),RAÍCES DEL SOL AZUL OSCURO,cloudinary,PENDING
NOT_AVAILABLE,LG-AUR-000004,RAÍCES DEL SOL AZUL OSCURO,1,https://res.cloudinary.com/n8l3p85c/image/upload/v1788460376/lago/products/v4pz7sagpopiw2d5v7gg.jpg,NOT_AVAILABLE (no expuesto publicamente),RAÍCES DEL SOL AZUL OSCURO,cloudinary,PENDING
NOT_AVAILABLE,LG-AUR-000004,RAÍCES DEL SOL AZUL OSCURO,2,https://res.cloudinary.com/n8l3p85c/image/upload/v1788460377/lago/products/ez3ivfttyrkrwdl6r0gv.jpg,NOT_AVAILABLE (no expuesto publicamente),RAÍCES DEL SOL AZUL OSCURO,cloudinary,PENDING
NOT_AVAILABLE,LG-AUR-000004,RAÍCES DEL SOL AZUL OSCURO,3,https://res.cloudinary.com/n8l3p85c/image/upload/v1788460375/lago/products/qncct8ehm4vvp8a91ee1.jpg,NOT_AVAILABLE (no expuesto publicamente),RAÍCES DEL SOL AZUL OSCURO,cloudinary,PENDING
NOT_AVAILABLE,LG-AUR-000009,CAMISETA SOLAR WAVES NEGRO,0,https://res.cloudinary.com/n8l3p85c/image/upload/v1788464638/lago/products/odzqchswe5htnmaakfhc.jpg,NOT_AVAILABLE (no expuesto publicamente),CAMISETA SOLAR WAVES NEGRO,cloudinary,PENDING
NOT_AVAILABLE,LG-AUR-000009,CAMISETA SOLAR WAVES NEGRO,1,https://res.cloudinary.com/n8l3p85c/image/upload/v1788464640/lago/products/frkxty0foqp1nakhalx4.jpg,NOT_AVAILABLE (no expuesto publicamente),CAMISETA SOLAR WAVES NEGRO,cloudinary,PENDING
NOT_AVAILABLE,LG-AUR-000009,CAMISETA SOLAR WAVES NEGRO,2,https://res.cloudinary.com/n8l3p85c/image/upload/v1788464641/lago/products/v22ivzp7doxm0h1hxkqx.jpg,NOT_AVAILABLE (no expuesto publicamente),CAMISETA SOLAR WAVES NEGRO,cloudinary,PENDING
NOT_AVAILABLE,LG-AUR-000006,AMANECER DORADO TERRACOTA,0,https://res.cloudinary.com/n8l3p85c/image/upload/v1788463027/lago/products/zosnjqsftcx7qlkogkns.jpg,NOT_AVAILABLE (no expuesto publicamente),AMANECER DORADO TERRACOTA,cloudinary,PENDING
NOT_AVAILABLE,LG-AUR-000006,AMANECER DORADO TERRACOTA,1,https://res.cloudinary.com/n8l3p85c/image/upload/v1788463030/lago/products/msxpzg8jgdfreuuhgs1r.jpg,NOT_AVAILABLE (no expuesto publicamente),AMANECER DORADO TERRACOTA,cloudinary,PENDING
NOT_AVAILABLE,LG-AUR-000006,AMANECER DORADO TERRACOTA,2,https://res.cloudinary.com/n8l3p85c/image/upload/v1788463029/lago/products/ttsiuvi177prahfagitd.jpg,NOT_AVAILABLE (no expuesto publicamente),AMANECER DORADO TERRACOTA,cloudinary,PENDING
NOT_AVAILABLE,LG-AUR-000005,SOL INTERNO BEIGE SUAVE,0,https://res.cloudinary.com/n8l3p85c/image/upload/v1788462718/lago/products/ug4upvu2jhcc468nbpo2.jpg,NOT_AVAILABLE (no expuesto publicamente),SOL INTERNO BEIGE SUAVE,cloudinary,PENDING
NOT_AVAILABLE,LG-AUR-000005,SOL INTERNO BEIGE SUAVE,1,https://res.cloudinary.com/n8l3p85c/image/upload/v1788462722/lago/products/ni9cidvqmktf0k3ffbns.jpg,NOT_AVAILABLE (no expuesto publicamente),SOL INTERNO BEIGE SUAVE,cloudinary,PENDING
NOT_AVAILABLE,LG-AUR-000005,SOL INTERNO BEIGE SUAVE,2,https://res.cloudinary.com/n8l3p85c/image/upload/v1788462719/lago/products/zgd1cazybvtplinchtoa.jpg,NOT_AVAILABLE (no expuesto publicamente),SOL INTERNO BEIGE SUAVE,cloudinary,PENDING
NOT_AVAILABLE,LG-AUR-000005,SOL INTERNO BEIGE SUAVE,3,https://res.cloudinary.com/n8l3p85c/image/upload/v1788462721/lago/products/l97vhn4qjpa7wrqzwkf7.jpg,NOT_AVAILABLE (no expuesto publicamente),SOL INTERNO BEIGE SUAVE,cloudinary,PENDING
NOT_AVAILABLE,LG-HOM-000002,SOL INTERNO CAFÉ CLARO,0,https://res.cloudinary.com/n8l3p85c/image/upload/v1788462500/lago/products/ivnppqwp162vg0rufigc.jpg,NOT_AVAILABLE (no expuesto publicamente),SOL INTERNO CAFÉ CLARO,cloudinary,PENDING
NOT_AVAILABLE,LG-HOM-000002,SOL INTERNO CAFÉ CLARO,1,https://res.cloudinary.com/n8l3p85c/image/upload/v1788462503/lago/products/yspq3jl46zzx3qashj6d.jpg,NOT_AVAILABLE (no expuesto publicamente),SOL INTERNO CAFÉ CLARO,cloudinary,PENDING
NOT_AVAILABLE,LG-HOM-000002,SOL INTERNO CAFÉ CLARO,2,https://res.cloudinary.com/n8l3p85c/image/upload/v1788462501/lago/products/yckxesaxnhk3znupz9z2.jpg,NOT_AVAILABLE (no expuesto publicamente),SOL INTERNO CAFÉ CLARO,cloudinary,PENDING
NOT_AVAILABLE,LG-HOM-000002,SOL INTERNO CAFÉ CLARO,3,https://res.cloudinary.com/n8l3p85c/image/upload/v1788462504/lago/products/slbtziwwgh0ofknxrjdk.jpg,NOT_AVAILABLE (no expuesto publicamente),SOL INTERNO CAFÉ CLARO,cloudinary,PENDING
NOT_AVAILABLE,LG-ESP-000008,ENTERIZO SHADOW PALM NEGRO,0,https://res.cloudinary.com/n8l3p85c/image/upload/v1788559410/lago/products/erzcnclji1uecqvknag3.jpg,NOT_AVAILABLE (no expuesto publicamente),ENTERIZO SHADOW PALM NEGRO,cloudinary,PENDING
NOT_AVAILABLE,LG-ESP-000008,ENTERIZO SHADOW PALM NEGRO,1,https://res.cloudinary.com/n8l3p85c/image/upload/v1788559411/lago/products/ufkv3z51zgtt1n6nfrcl.jpg,NOT_AVAILABLE (no expuesto publicamente),ENTERIZO SHADOW PALM NEGRO,cloudinary,PENDING
NOT_AVAILABLE,LG-ESP-000008,ENTERIZO SHADOW PALM NEGRO,2,https://res.cloudinary.com/n8l3p85c/image/upload/v1788559409/lago/products/jet4mhrj2lrrppsk10jx.jpg,NOT_AVAILABLE (no expuesto publicamente),ENTERIZO SHADOW PALM NEGRO,cloudinary,PENDING
NOT_AVAILABLE,LG-HOM-000003,AMANECER DORADO LILA,0,https://res.cloudinary.com/n8l3p85c/image/upload/v1788463214/lago/products/llj4bqlxx259ihlgoe2r.jpg,NOT_AVAILABLE (no expuesto publicamente),AMANECER DORADO LILA,cloudinary,PENDING
NOT_AVAILABLE,LG-HOM-000003,AMANECER DORADO LILA,1,https://res.cloudinary.com/n8l3p85c/image/upload/v1788463212/lago/products/kzdurkrob0ygvugwcmze.jpg,NOT_AVAILABLE (no expuesto publicamente),AMANECER DORADO LILA,cloudinary,PENDING
NOT_AVAILABLE,LG-HOM-000003,AMANECER DORADO LILA,2,https://res.cloudinary.com/n8l3p85c/image/upload/v1788463215/lago/products/ywzmhjzooljzduosdgpb.jpg,NOT_AVAILABLE (no expuesto publicamente),AMANECER DORADO LILA,cloudinary,PENDING
NOT_AVAILABLE,LG-HOM-000003,AMANECER DORADO LILA,3,https://res.cloudinary.com/n8l3p85c/image/upload/v1788463213/lago/products/bg4aeq80ngv3fkymhwlz.jpg,NOT_AVAILABLE (no expuesto publicamente),AMANECER DORADO LILA,cloudinary,PENDING
NOT_AVAILABLE,LG-AUR-000007,AURORA TOTAL AZUL OSCURO,0,https://res.cloudinary.com/n8l3p85c/image/upload/v1788463590/lago/products/me6gi8wxdunyqn4z2uhz.jpg,NOT_AVAILABLE (no expuesto publicamente),AURORA TOTAL AZUL OSCURO,cloudinary,PENDING
NOT_AVAILABLE,LG-AUR-000007,AURORA TOTAL AZUL OSCURO,1,https://res.cloudinary.com/n8l3p85c/image/upload/v1788463592/lago/products/jzuk8qbs3lwibhhibyl8.jpg,NOT_AVAILABLE (no expuesto publicamente),AURORA TOTAL AZUL OSCURO,cloudinary,PENDING
NOT_AVAILABLE,LG-AUR-000007,AURORA TOTAL AZUL OSCURO,2,https://res.cloudinary.com/n8l3p85c/image/upload/v1788463591/lago/products/rau0twjdw512m5wzahdn.jpg,NOT_AVAILABLE (no expuesto publicamente),AURORA TOTAL AZUL OSCURO,cloudinary,PENDING
NOT_AVAILABLE,LG-ESP-000004,BIKINI WAVES TERRACOTA,0,https://res.cloudinary.com/n8l3p85c/image/upload/v1788466327/lago/products/lwmwjddaixkjdt2i3qxw.jpg,NOT_AVAILABLE (no expuesto publicamente),BIKINI WAVES TERRACOTA,cloudinary,PENDING
NOT_AVAILABLE,LG-ESP-000004,BIKINI WAVES TERRACOTA,1,https://res.cloudinary.com/n8l3p85c/image/upload/v1788466326/lago/products/itdwehriebwkxpyskrlh.jpg,NOT_AVAILABLE (no expuesto publicamente),BIKINI WAVES TERRACOTA,cloudinary,PENDING
NOT_AVAILABLE,LG-ESP-000004,BIKINI WAVES TERRACOTA,2,https://res.cloudinary.com/n8l3p85c/image/upload/v1788466325/lago/products/iulbshdkyvibrgh3gq9z.jpg,NOT_AVAILABLE (no expuesto publicamente),BIKINI WAVES TERRACOTA,cloudinary,PENDING
NOT_AVAILABLE,LG-AUR-000008,AURORA TOTAL TERRACOTA,0,https://res.cloudinary.com/n8l3p85c/image/upload/v1788463946/lago/products/hji9tneb2knylosvr3ga.jpg,NOT_AVAILABLE (no expuesto publicamente),AURORA TOTAL TERRACOTA,cloudinary,PENDING
NOT_AVAILABLE,LG-AUR-000008,AURORA TOTAL TERRACOTA,1,https://res.cloudinary.com/n8l3p85c/image/upload/v1788463948/lago/products/g0ykeue7dm6tyfbb4woi.jpg,NOT_AVAILABLE (no expuesto publicamente),AURORA TOTAL TERRACOTA,cloudinary,PENDING
NOT_AVAILABLE,LG-AUR-000008,AURORA TOTAL TERRACOTA,2,https://res.cloudinary.com/n8l3p85c/image/upload/v1788463947/lago/products/anjp43hk9jj4aehcshag.jpg,NOT_AVAILABLE (no expuesto publicamente),AURORA TOTAL TERRACOTA,cloudinary,PENDING
NOT_AVAILABLE,LG-AUR-000008,AURORA TOTAL TERRACOTA,3,https://res.cloudinary.com/n8l3p85c/image/upload/v1788463949/lago/products/aqa95gtdku1sr3p0jmi8.jpg,NOT_AVAILABLE (no expuesto publicamente),AURORA TOTAL TERRACOTA,cloudinary,PENDING
NOT_AVAILABLE,LG-ESP-000009,BIKINI FOAM,0,https://res.cloudinary.com/n8l3p85c/image/upload/v1788560767/lago/products/jwbjg9lzzseushtygsih.jpg,NOT_AVAILABLE (no expuesto publicamente),BIKINI FOAM,cloudinary,PENDING
NOT_AVAILABLE,LG-ESP-000009,BIKINI FOAM,1,https://res.cloudinary.com/n8l3p85c/image/upload/v1788560765/lago/products/vmnmtvxcrajthb6zqdiy.jpg,NOT_AVAILABLE (no expuesto publicamente),BIKINI FOAM,cloudinary,PENDING
NOT_AVAILABLE,LG-ESP-000009,BIKINI FOAM,2,https://res.cloudinary.com/n8l3p85c/image/upload/v1788560766/lago/products/otwdu5dfivemrbdxwt05.jpg,NOT_AVAILABLE (no expuesto publicamente),BIKINI FOAM,cloudinary,PENDING
NOT_AVAILABLE,LG-ESP-000005,BIKINI WAVES VERDE OLIVA,0,https://res.cloudinary.com/n8l3p85c/image/upload/v1788476639/lago/products/rciohzp4nltza1hz1rm1.jpg,NOT_AVAILABLE (no expuesto publicamente),BIKINI WAVES VERDE OLIVA,cloudinary,PENDING
NOT_AVAILABLE,LG-ESP-000005,BIKINI WAVES VERDE OLIVA,1,https://res.cloudinary.com/n8l3p85c/image/upload/v1788476638/lago/products/vycbggsnh1ilmzkmrrni.jpg,NOT_AVAILABLE (no expuesto publicamente),BIKINI WAVES VERDE OLIVA,cloudinary,PENDING
NOT_AVAILABLE,LG-ESP-000005,BIKINI WAVES VERDE OLIVA,2,https://res.cloudinary.com/n8l3p85c/image/upload/v1788476637/lago/products/jqxvlnfgwjwuiporhaam.jpg,NOT_AVAILABLE (no expuesto publicamente),BIKINI WAVES VERDE OLIVA,cloudinary,PENDING
NOT_AVAILABLE,LG-AUR-000002,ALBA DORADA BEIGE SUAVE,0,https://res.cloudinary.com/n8l3p85c/image/upload/v1788459551/lago/products/i6t6fky2py7opce445tn.jpg,NOT_AVAILABLE (no expuesto publicamente),ALBA DORADA BEIGE SUAVE,cloudinary,PENDING
NOT_AVAILABLE,LG-AUR-000002,ALBA DORADA BEIGE SUAVE,1,https://res.cloudinary.com/n8l3p85c/image/upload/v1788459547/lago/products/kw254g4rby9v30otymwk.jpg,NOT_AVAILABLE (no expuesto publicamente),ALBA DORADA BEIGE SUAVE,cloudinary,PENDING
NOT_AVAILABLE,LG-AUR-000002,ALBA DORADA BEIGE SUAVE,2,https://res.cloudinary.com/n8l3p85c/image/upload/v1788459554/lago/products/m7z6qd7lvg9sok87tvrm.jpg,NOT_AVAILABLE (no expuesto publicamente),ALBA DORADA BEIGE SUAVE,cloudinary,PENDING
NOT_AVAILABLE,RSONBI012,ARENA DORADA BEIGE,0,https://res.cloudinary.com/n8l3p85c/image/upload/v1789406092/lago/products/i0emhvabx5ur8nolasvd.jpg,NOT_AVAILABLE (no expuesto publicamente),ARENA DORADA BEIGE,cloudinary,PENDING
NOT_AVAILABLE,RSONBI012,ARENA DORADA BEIGE,1,https://res.cloudinary.com/n8l3p85c/image/upload/v1789406095/lago/products/cna9db3j4rcoobedjdub.jpg,NOT_AVAILABLE (no expuesto publicamente),ARENA DORADA BEIGE,cloudinary,PENDING
NOT_AVAILABLE,RSONBI012,ARENA DORADA BEIGE,2,https://res.cloudinary.com/n8l3p85c/image/upload/v1789406096/lago/products/qrhl1otdaqjipztumgap.jpg,NOT_AVAILABLE (no expuesto publicamente),ARENA DORADA BEIGE,cloudinary,PENDING
NOT_AVAILABLE,RSONBI032,MAREA NATURAL BEIGE,0,https://res.cloudinary.com/n8l3p85c/image/upload/v1789406119/lago/products/z4rfoq5aafurzpc9chae.jpg,NOT_AVAILABLE (no expuesto publicamente),MAREA NATURAL BEIGE,cloudinary,PENDING
NOT_AVAILABLE,RSONBI032,MAREA NATURAL BEIGE,1,https://res.cloudinary.com/n8l3p85c/image/upload/v1789406120/lago/products/wivbxtcjdl4boiipcq00.jpg,NOT_AVAILABLE (no expuesto publicamente),MAREA NATURAL BEIGE,cloudinary,PENDING
NOT_AVAILABLE,RSONBI032,MAREA NATURAL BEIGE,2,https://res.cloudinary.com/n8l3p85c/image/upload/v1789406121/lago/products/fzv6tegei2lvlbqagwrz.jpg,NOT_AVAILABLE (no expuesto publicamente),MAREA NATURAL BEIGE,cloudinary,PENDING
NOT_AVAILABLE,LG-AUR-000001,ALBA DORADA CAFÉ CLARO,0,https://res.cloudinary.com/n8l3p85c/image/upload/v1788459241/lago/products/sgnrr0ws6w2aci6yvk3e.jpg,NOT_AVAILABLE (no expuesto publicamente),ALBA DORADA CAFÉ CLARO,cloudinary,PENDING
NOT_AVAILABLE,LG-AUR-000001,ALBA DORADA CAFÉ CLARO,1,https://res.cloudinary.com/n8l3p85c/image/upload/v1788459242/lago/products/ghs94mgfbzft1xu9gdtd.jpg,NOT_AVAILABLE (no expuesto publicamente),ALBA DORADA CAFÉ CLARO,cloudinary,PENDING
NOT_AVAILABLE,LG-AUR-000001,ALBA DORADA CAFÉ CLARO,2,https://res.cloudinary.com/n8l3p85c/image/upload/v1788459243/lago/products/vnmxbvnsdi8vc2gpcryq.jpg,NOT_AVAILABLE (no expuesto publicamente),ALBA DORADA CAFÉ CLARO,cloudinary,PENDING
NOT_AVAILABLE,LG-AUR-000001,ALBA DORADA CAFÉ CLARO,3,https://res.cloudinary.com/n8l3p85c/image/upload/v1788459244/lago/products/jrbryuep83m154gbucrw.jpg,NOT_AVAILABLE (no expuesto publicamente),ALBA DORADA CAFÉ CLARO,cloudinary,PENDING
NOT_AVAILABLE,LG-AUR-000001,ALBA DORADA CAFÉ CLARO,4,https://res.cloudinary.com/n8l3p85c/image/upload/v1788459245/lago/products/fw3wm8z6imdeye25qt6j.jpg,NOT_AVAILABLE (no expuesto publicamente),ALBA DORADA CAFÉ CLARO,cloudinary,PENDING
NOT_AVAILABLE,LG-HOM-000001,RAÍCES DEL SOL BEIGE SUAVE,0,https://res.cloudinary.com/n8l3p85c/image/upload/v1788462070/lago/products/vljbngbutr1v9bgeccja.jpg,NOT_AVAILABLE (no expuesto publicamente),RAÍCES DEL SOL BEIGE SUAVE,cloudinary,PENDING
NOT_AVAILABLE,LG-HOM-000001,RAÍCES DEL SOL BEIGE SUAVE,1,https://res.cloudinary.com/n8l3p85c/image/upload/v1788462073/lago/products/znbfs6d7xh8g0fep3fe4.jpg,NOT_AVAILABLE (no expuesto publicamente),RAÍCES DEL SOL BEIGE SUAVE,cloudinary,PENDING
NOT_AVAILABLE,LG-HOM-000001,RAÍCES DEL SOL BEIGE SUAVE,2,https://res.cloudinary.com/n8l3p85c/image/upload/v1788462072/lago/products/lcgty2iro46ebzi6v0z5.jpg,NOT_AVAILABLE (no expuesto publicamente),RAÍCES DEL SOL BEIGE SUAVE,cloudinary,PENDING
NOT_AVAILABLE,LG-ESP-000007,BIKINI PALM VERDE OLIVA,0,https://res.cloudinary.com/n8l3p85c/image/upload/v1788559364/lago/products/ehzhhjn8o5w85syqf6g2.jpg,NOT_AVAILABLE (no expuesto publicamente),BIKINI PALM VERDE OLIVA,cloudinary,PENDING
NOT_AVAILABLE,LG-ESP-000007,BIKINI PALM VERDE OLIVA,1,https://res.cloudinary.com/n8l3p85c/image/upload/v1788559363/lago/products/farfwp4e5tmhhnamilxp.jpg,NOT_AVAILABLE (no expuesto publicamente),BIKINI PALM VERDE OLIVA,cloudinary,PENDING
NOT_AVAILABLE,LG-ESP-000007,BIKINI PALM VERDE OLIVA,2,https://res.cloudinary.com/n8l3p85c/image/upload/v1788559361/lago/products/owm5hgxu2ybdsid0pbii.jpg,NOT_AVAILABLE (no expuesto publicamente),BIKINI PALM VERDE OLIVA,cloudinary,PENDING
