Redirect from,Redirect to
/oasis-natural,/collections/oasis-natural
/aurora-viva,/collections/aurora-viva
/espuma-de-ola,/collections/espuma-de-ola
/salidas-de-bano,/collections/salidas-de-bano
/producto/brisa-natural-beige,/products/brisa-natural-beige
/producto/COSTA-ESMERALDA-AZUL,/products/costa-esmeralda-azul
/producto/entero-golden-hour,/products/entero-golden-hour
/producto/costa-esmeralda-negro,/products/costa-esmeralda-negro
/producto/oasis-serena-azul,/products/oasis-serena-azul
/producto/brisa-natural-naranja,/products/brisa-natural-naranja
/producto/arena-dorada-negro,/products/arena-dorada-negro
/producto/oasis-serena-negro,/products/oasis-serena-negro
/producto/marea-natural-naranja,/products/marea-natural-naranja
/producto/bikini-shadow-azul-marino,/products/bikini-shadow-azul-marino
/producto/alba-dorada-lila,/products/alba-dorada-lila
/producto/raices-del-sol-azul-oscuro,/products/raices-del-sol-azul-oscuro
/producto/camiseta-solar-waves-negro,/products/camiseta-solar-waves-negro
/producto/amanecer-dorado-terracota,/products/amanecer-dorado-terracota
/producto/sol-interno-beige-suave,/products/sol-interno-beige-suave
/producto/sol-interno-cafe-claro,/products/sol-interno-cafe-claro
/producto/enterizo-shadow-palm-azul-marino,/products/enterizo-shadow-palm-azul-marino
/producto/amanecer-dorado-lila,/products/amanecer-dorado-lila
/producto/aurora-total-azul-oscuro,/products/aurora-total-azul-oscuro
/producto/bikini-waves-terracota,/products/bikini-waves-terracota
/producto/aurora-total-terracota,/products/aurora-total-terracota
/producto/bikini-foam,/products/bikini-foam
/producto/bikini-waves-verde-oliva,/products/bikini-waves-verde-oliva
/producto/alba-dorada-beige-suave,/products/alba-dorada-beige-suave
/producto/arena-dorada-beige,/products/arena-dorada-beige
/producto/marea-natural,/products/marea-natural
/producto/alba-dorada-cafe-claro,/products/alba-dorada-cafe-claro
/producto/raices-del-sol-beige-suave,/products/raices-del-sol-beige-suave
/producto/bikini-palm-verde-oliva,/products/bikini-palm-verde-oliva
/devoluciones,/policies/refund-policy
/garantia,/pages/garantia
/buscar,/search
/favoritos,/pages/favoritos
/cuenta/favoritos,/pages/favoritos
/cuenta,/account
/cuenta/pedidos,/account
/cuenta/perfil,/account
/cuenta/direcciones,/account
/cuenta/iniciar-sesion,/account/login
/cuenta/registro,/account/register
/cuenta/recuperar-contrasena,/account/login
/cuenta/restablecer-contrasena,/account/login
/cuenta/verificar-email,/account/login
/envios,/pages/envios
/terminos,/pages/terminos
/privacidad,/pages/privacidad
/cookies,/pages/cookies
