seccion,id,concepto,unidad,tipo,quien_aporta,GLOBAL,FAM_PRECIO_159920,FAM_PRECIO_167920,FAM_PRECIO_183920,FAM_PRECIO_199920,EXAMPLE_ONLY_valores_falsos,nota_fuente_o_formula
LEEME,,LEEME 1: formato largo. Cada FILA es un parámetro; cada COLUMNA es una familia de producto (GLOBAL = promedio de la tienda; FAM_PRECIO_* = los 4 niveles de precio reales del catálogo; EXAMPLE_ONLY = ejemplo FALSO).,,,,,,,,,,
LEEME,,LEEME 2: la dueña SOLO escribe en celdas con tipo ENTRADA_OBLIGATORIA o ENTRADA_GLOBAL_OBLIGATORIA. Poner 0 (no dejar vacío) cuando un costo no aplica. Nada de esto está inventado: todo costo está vacío hasta que la dueña lo entregue.,,,,,,,,,,
LEEME,,"LEEME 3: mientras falte un dato obligatorio, las fórmulas muestran FALTA_DATO (no calculan nada parcial). No decidir presupuesto con la columna EXAMPLE_ONLY.",,,,,,,,,,
LEEME,,"LEEME 4: porcentajes como decimal (0.20 = 20%). Fórmulas con coma como separador; si su Excel está en español y da error, reemplace comas por punto y coma.",,,,,,,,,,
LEEME,,"LEEME 5: las columnas FAM_PRECIO_* son niveles de precio (ya con 20% de descuento incorporado: precio = 80% del tachado). Si los costos difieren por producto, copie una columna y renómbrela (bikini, enterizo, etc.).",,,,,,,,,,
LEEME,,LEEME 6: fuentes de verdad: costos de producto = taller/proveedores; Wompi = contrato y panel de Wompi (NO usar tarifas de blogs); Envia = cotización/guía real; Shopify = factura y Analytics; IVA = contador (la dueña se declara NO responsable de IVA).,,,,,,,,,,
A. PRECIO Y DESCUENTOS,,,,,,,,,,,,
A. PRECIO Y DESCUENTOS,price,Precio de venta vigente (ya con 20% de descuento incorporado),COP/unidad,ENTRADA_OBLIGATORIA (H-K prellenado: DATO_CONOCIDO),Catálogo Shopify (conocido por familia); GLOBAL = precio promedio realmente vendido,,159920,167920,183920,199920,100000,Niveles reales del catálogo (auditoría 03Q: 98/98 variantes al 80% del tachado). GLOBAL lo llena la dueña con el precio promedio vendido.
A. PRECIO Y DESCUENTOS,compare_at,Precio de comparación (tachado),COP/unidad,ENTRADA_OPCIONAL (H-K prellenado: DATO_CONOCIDO),Catálogo Shopify,,199900,209900,229900,249900,125000,Solo informativo para calcular el descuento incorporado. Opcional en GLOBAL.
A. PRECIO Y DESCUENTOS,builtin_disc,Descuento incorporado en el precio,decimal,FORMULA,calculado,"=IF(OR(G9="""",G10=""""),"""",1-G9/G10)","=IF(OR(H9="""",H10=""""),"""",1-H9/H10)","=IF(OR(I9="""",I10=""""),"""",1-I9/I10)","=IF(OR(J9="""",J10=""""),"""",1-J9/J10)","=IF(OR(K9="""",K10=""""),"""",1-K9/K10)","=IF(OR(L9="""",L10=""""),"""",1-L9/L10)",Cálculo: 1 - precio / tachado. Debe dar 0.20 en las 4 familias.
A. PRECIO Y DESCUENTOS,extra,"Descuento adicional promedio por pedido (códigos, promos, regalos)",decimal,ENTRADA_OBLIGATORIA,Dueña; luego Shopify Analytics > Sales > descuentos,,,,,,0.05,0 si no habrá códigos. Se aplica sobre el valor de producto. (No se pudo leer códigos de descuento en 03Q: falta alcance read_discounts.)
A. PRECIO Y DESCUENTOS,units,Unidades por pedido (promedio),unidades,ENTRADA_OBLIGATORIA,Dueña (estimación inicial); luego Shopify: unidades / pedidos,,,,,,1.2,Pedidos de 2 piezas (bikini top + bottom vendidos por separado) suben este número.
B. COSTO DE PRODUCTO,,,,,,,,,,,,
B. COSTO DE PRODUCTO,cogs,"Costo de producto por unidad (tela, confección, mano de obra, etiquetas, forro)",COP/unidad,ENTRADA_OBLIGATORIA,Dueña / taller,,,,,,30000,FALTA DATO REAL. Incluir merma de producción si aplica.
B. COSTO DE PRODUCTO,pack,"Empaque por pedido (bolsa, caja, tarjeta, etiqueta)",COP/pedido,ENTRADA_OBLIGATORIA,Dueña,,,,,,2000,FALTA DATO REAL.
C. ENVÍO (subsidio de envío),,,,,,,,,,,,
C. ENVÍO (subsidio de envío),ship,"Envío cobrado a la clienta (promedio por pedido, incluye pedidos con envío gratis = 0)",COP/pedido,ENTRADA_OBLIGATORIA,Shopify (tarifas regionales 9.900-44.900; gratis desde 299.900),,,,,,8000,Promedio ponderado: tarifa pagada x % de pedidos que la pagan. Tras el lanzamiento: Analytics > Sales > envío cobrado / pedidos.
C. ENVÍO (subsidio de envío),label,Costo real de la guía Envia por pedido (promedio),COP/pedido,ENTRADA_OBLIGATORIA,Envia (cotización o guía real),,,,,,12000,FALTA DATO REAL: aún no se compró ninguna guía. Subsidio de envío = guía - envío cobrado (puede ser negativo).
D. PAGOS Y PLATAFORMAS (se llenan solo en la columna GLOBAL),,,,,,,,,,,,
D. PAGOS Y PLATAFORMAS (se llenan solo en la columna GLOBAL),wpct,"Comisión Wompi, porcentaje sobre el cobro",decimal,ENTRADA_GLOBAL_OBLIGATORIA,Contrato / panel de Wompi,,"=IF($G21="""","""",$G21)","=IF($G21="""","""",$G21)","=IF($G21="""","""",$G21)","=IF($G21="""","""",$G21)",0.05,FALTA DATO REAL. Varía por método (tarjeta/PSE/Nequi): usar el promedio ponderado por mezcla de pagos o la peor tarifa. No usar tarifas de blogs.
D. PAGOS Y PLATAFORMAS (se llenan solo en la columna GLOBAL),wfix,"Comisión Wompi, valor fijo por transacción",COP/transacción,ENTRADA_GLOBAL_OBLIGATORIA,Contrato / panel de Wompi,,"=IF($G22="""","""",$G22)","=IF($G22="""","""",$G22)","=IF($G22="""","""",$G22)","=IF($G22="""","""",$G22)",500,FALTA DATO REAL. 0 si no aplica.
D. PAGOS Y PLATAFORMAS (se llenan solo en la columna GLOBAL),wiva,IVA sobre la comisión Wompi (si es costo para la dueña),decimal,ENTRADA_GLOBAL_OBLIGATORIA,Contador,,"=IF($G23="""","""",$G23)","=IF($G23="""","""",$G23)","=IF($G23="""","""",$G23)","=IF($G23="""","""",$G23)",0.19,La dueña es NO RESPONSABLE DE IVA: el IVA de la comisión probablemente es costo no descontable. Validar con contador; 0 si no aplica.
D. PAGOS Y PLATAFORMAS (se llenan solo en la columna GLOBAL),sfee,Cargo de Shopify por pasarela de terceros (Wompi),decimal,ENTRADA_GLOBAL_OBLIGATORIA (prellenado: DATO_CONOCIDO),Shopify,0.02,"=IF($G24="""","""",$G24)","=IF($G24="""","""",$G24)","=IF($G24="""","""",$G24)","=IF($G24="""","""",$G24)",0.02,Dato del proyecto: 2%. Confirmar en la primera factura de Shopify.
D. PAGOS Y PLATAFORMAS (se llenan solo en la columna GLOBAL),othervar,"Otros costos variables por pedido (atención, regalo, comisión de aliada)",COP/pedido,ENTRADA_GLOBAL_OBLIGATORIA,Dueña,,"=IF($G25="""","""",$G25)","=IF($G25="""","""",$G25)","=IF($G25="""","""",$G25)","=IF($G25="""","""",$G25)",0,Poner 0 si no hay.
E. DEVOLUCIONES Y CANCELACIONES,,,,,,,,,,,,
E. DEVOLUCIONES Y CANCELACIONES,rrate,% de pedidos devueltos o cancelados con reembolso,decimal,ENTRADA_OBLIGATORIA,Dueña (estimación); luego Shopify Analytics > Sales > devoluciones,,,,,,0.08,FALTA DATO REAL. Reemplazar por el dato medido en cuanto haya pedidos.
E. DEVOLUCIONES Y CANCELACIONES,rshare,% del valor de producto que se reembolsa en esos casos,decimal,ENTRADA_OBLIGATORIA,Dueña,,,,,,1,1 = reembolso total. El envío cobrado se asume no reembolsado.
E. DEVOLUCIONES Y CANCELACIONES,rresale,% de unidades devueltas que se pueden revender,decimal,ENTRADA_OBLIGATORIA,Dueña,,,,,,0.5,"Por higiene, muchas prendas de baño no se revenden: decidir política de cambios. 0 si ninguna."
E. DEVOLUCIONES Y CANCELACIONES,rship,Costo logístico de la devolución por caso,COP/caso,ENTRADA_OBLIGATORIA,Dueña / Envia,,,,,,10000,0 si paga la clienta. Las comisiones de pago y la guía de ida se asumen no recuperables (criterio conservador).
F. COSTOS FIJOS MENSUALES (solo columna GLOBAL),,,,,,,,,,,,
F. COSTOS FIJOS MENSUALES (solo columna GLOBAL),plan,Plan Shopify Basic tras la promoción,USD/mes,ENTRADA_GLOBAL_OBLIGATORIA (prellenado: DATO_CONOCIDO),Shopify,25,"=IF($G32="""","""",$G32)","=IF($G32="""","""",$G32)","=IF($G32="""","""",$G32)","=IF($G32="""","""",$G32)",25,USD 25/mes + impuestos desde 2027-01-04 (hasta entonces USD 1/mes promocional). Confirmar en la factura.
F. COSTOS FIJOS MENSUALES (solo columna GLOBAL),fx,Tasa de cambio COP por USD que cobra su tarjeta,COP/USD,ENTRADA_GLOBAL_OBLIGATORIA,Dueña (extracto de la tarjeta),,"=IF($G33="""","""",$G33)","=IF($G33="""","""",$G33)","=IF($G33="""","""",$G33)","=IF($G33="""","""",$G33)",4000,FALTA DATO REAL.
F. COSTOS FIJOS MENSUALES (solo columna GLOBAL),apps,"Apps y servicios mensuales (Wompi app, Envia, correo, dominio/12, otros)",COP/mes,ENTRADA_GLOBAL_OBLIGATORIA,Dueña (revisar cada app instalada),,"=IF($G34="""","""",$G34)","=IF($G34="""","""",$G34)","=IF($G34="""","""",$G34)","=IF($G34="""","""",$G34)",10000,FALTA DATO REAL: verificar costo de cada app y del dominio. 0 si todo es gratis.
F. COSTOS FIJOS MENSUALES (solo columna GLOBAL),otherfixed,"Otros fijos mensuales (contenido/fotografía, herramientas, tiempo valorado)",COP/mes,ENTRADA_GLOBAL_OBLIGATORIA,Dueña,,"=IF($G35="""","""",$G35)","=IF($G35="""","""",$G35)","=IF($G35="""","""",$G35)","=IF($G35="""","""",$G35)",100000,Opcional pero recomendado; 0 si no se valora.
F. COSTOS FIJOS MENSUALES (solo columna GLOBAL),orders_m,Pedidos mensuales esperados (para repartir los fijos),pedidos/mes,ENTRADA_GLOBAL_OBLIGATORIA,Dueña (estimación),,"=IF($G36="""","""",$G36)","=IF($G36="""","""",$G36)","=IF($G36="""","""",$G36)","=IF($G36="""","""",$G36)",100,Estimación; actualizar con datos reales a las 4 semanas.
G. PUENTE ENTRE ROAS DE META Y VENTAS DE SHOPIFY,,,,,,,,,,,,
G. PUENTE ENTRE ROAS DE META Y VENTAS DE SHOPIFY,mratio,Valor por compra que reporta Meta / cobro total del pedido en Shopify,ratio,ENTRADA_GLOBAL_OBLIGATORIA,Se mide con los primeros pedidos (Meta vs Shopify),,"=IF($G38="""","""",$G38)","=IF($G38="""","""",$G38)","=IF($G38="""","""",$G38)","=IF($G38="""","""",$G38)",1,No se asume: Shopify indica que Meta usa el precio total de los artículos (¿con envío/descuentos?). Medir en 5-10 pedidos reales.
H. OBJETIVO DE UTILIDAD (decisión de la dueña),,,,,,,,,,,,
H. OBJETIVO DE UTILIDAD (decisión de la dueña),target_profit,Utilidad objetivo por pedido tras publicidad y costos fijos,COP/pedido,ENTRADA_GLOBAL_OBLIGATORIA,Dueña (decisión de negocio),,"=IF($G40="""","""",$G40)","=IF($G40="""","""",$G40)","=IF($G40="""","""",$G40)","=IF($G40="""","""",$G40)",5000,No se inventa. 0 = solo equilibrio.
I. CONTROL DE DATOS COMPLETOS,,,,,,,,,,,,
I. CONTROL DE DATOS COMPLETOS,ok_core,Datos centrales completos,OK/FALTA_DATO,CONTROL,calculado,"=IF(COUNT(G9,G12,G13,G15,G16,G18,G19,G21,G22,G23,G24,G25,G27,G28,G29,G30)=16,""OK"",""FALTA_DATO"")","=IF(COUNT(H9,H12,H13,H15,H16,H18,H19,H21,H22,H23,H24,H25,H27,H28,H29,H30)=16,""OK"",""FALTA_DATO"")","=IF(COUNT(I9,I12,I13,I15,I16,I18,I19,I21,I22,I23,I24,I25,I27,I28,I29,I30)=16,""OK"",""FALTA_DATO"")","=IF(COUNT(J9,J12,J13,J15,J16,J18,J19,J21,J22,J23,J24,J25,J27,J28,J29,J30)=16,""OK"",""FALTA_DATO"")","=IF(COUNT(K9,K12,K13,K15,K16,K18,K19,K21,K22,K23,K24,K25,K27,K28,K29,K30)=16,""OK"",""FALTA_DATO"")","=IF(COUNT(L9,L12,L13,L15,L16,L18,L19,L21,L22,L23,L24,L25,L27,L28,L29,L30)=16,""OK"",""FALTA_DATO"")",Cuenta que las 16 entradas centrales sean números (0 cuenta).
I. CONTROL DE DATOS COMPLETOS,ok_meta,Puente Meta completo,OK/FALTA_DATO,CONTROL,calculado,"=IF(COUNT(G38)=1,""OK"",""FALTA_DATO"")","=IF(COUNT(H38)=1,""OK"",""FALTA_DATO"")","=IF(COUNT(I38)=1,""OK"",""FALTA_DATO"")","=IF(COUNT(J38)=1,""OK"",""FALTA_DATO"")","=IF(COUNT(K38)=1,""OK"",""FALTA_DATO"")","=IF(COUNT(L38)=1,""OK"",""FALTA_DATO"")",
I. CONTROL DE DATOS COMPLETOS,ok_fixed,Costos fijos completos,OK/FALTA_DATO,CONTROL,calculado,"=IF(COUNT(G32,G33,G34,G35,G36)=5,""OK"",""FALTA_DATO"")","=IF(COUNT(H32,H33,H34,H35,H36)=5,""OK"",""FALTA_DATO"")","=IF(COUNT(I32,I33,I34,I35,I36)=5,""OK"",""FALTA_DATO"")","=IF(COUNT(J32,J33,J34,J35,J36)=5,""OK"",""FALTA_DATO"")","=IF(COUNT(K32,K33,K34,K35,K36)=5,""OK"",""FALTA_DATO"")","=IF(COUNT(L32,L33,L34,L35,L36)=5,""OK"",""FALTA_DATO"")",
I. CONTROL DE DATOS COMPLETOS,ok_target,Utilidad objetivo definida,OK/FALTA_DATO,CONTROL,calculado,"=IF(COUNT(G40)=1,""OK"",""FALTA_DATO"")","=IF(COUNT(H40)=1,""OK"",""FALTA_DATO"")","=IF(COUNT(I40)=1,""OK"",""FALTA_DATO"")","=IF(COUNT(J40)=1,""OK"",""FALTA_DATO"")","=IF(COUNT(K40)=1,""OK"",""FALTA_DATO"")","=IF(COUNT(L40)=1,""OK"",""FALTA_DATO"")",
J. CÁLCULOS (no editar),,,,,,,,,,,,
J. CÁLCULOS (no editar),A_prod,Valor de producto cobrado por pedido,COP/pedido,FORMULA,calculado,"=IF(G42<>""OK"",""FALTA_DATO"",G9*G13*(1-G12))","=IF(H42<>""OK"",""FALTA_DATO"",H9*H13*(1-H12))","=IF(I42<>""OK"",""FALTA_DATO"",I9*I13*(1-I12))","=IF(J42<>""OK"",""FALTA_DATO"",J9*J13*(1-J12))","=IF(K42<>""OK"",""FALTA_DATO"",K9*K13*(1-K12))","=IF(L42<>""OK"",""FALTA_DATO"",L9*L13*(1-L12))",Cálculo: precio x unidades x (1 - descuento adicional)
J. CÁLCULOS (no editar),C_total,"Cobro total por pedido (≈ AOV esperado, sin IVA)",COP/pedido,FORMULA,calculado,"=IF(G42<>""OK"",""FALTA_DATO"",G47+G18)","=IF(H42<>""OK"",""FALTA_DATO"",H47+H18)","=IF(I42<>""OK"",""FALTA_DATO"",I47+I18)","=IF(J42<>""OK"",""FALTA_DATO"",J47+J18)","=IF(K42<>""OK"",""FALTA_DATO"",K47+K18)","=IF(L42<>""OK"",""FALTA_DATO"",L47+L18)",Cálculo: producto + envío cobrado. Base del cargo de pasarela. Comparar con el AOV real de Shopify.
J. CÁLCULOS (no editar),cogs_order,Costo de producto por pedido,COP/pedido,FORMULA,calculado,"=IF(G42<>""OK"",""FALTA_DATO"",G15*G13)","=IF(H42<>""OK"",""FALTA_DATO"",H15*H13)","=IF(I42<>""OK"",""FALTA_DATO"",I15*I13)","=IF(J42<>""OK"",""FALTA_DATO"",J15*J13)","=IF(K42<>""OK"",""FALTA_DATO"",K15*K13)","=IF(L42<>""OK"",""FALTA_DATO"",L15*L13)",Cálculo: costo unitario x unidades
J. CÁLCULOS (no editar),pay_fee,Comisión Wompi por pedido (con IVA de la comisión),COP/pedido,FORMULA,calculado,"=IF(G42<>""OK"",""FALTA_DATO"",(G48*G21+G22)*(1+G23))","=IF(H42<>""OK"",""FALTA_DATO"",(H48*H21+H22)*(1+H23))","=IF(I42<>""OK"",""FALTA_DATO"",(I48*I21+I22)*(1+I23))","=IF(J42<>""OK"",""FALTA_DATO"",(J48*J21+J22)*(1+J23))","=IF(K42<>""OK"",""FALTA_DATO"",(K48*K21+K22)*(1+K23))","=IF(L42<>""OK"",""FALTA_DATO"",(L48*L21+L22)*(1+L23))",Cálculo: (cobro total x % + fijo) x (1 + IVA de la comisión)
J. CÁLCULOS (no editar),shop_fee,Cargo Shopify por pasarela de terceros por pedido,COP/pedido,FORMULA,calculado,"=IF(G42<>""OK"",""FALTA_DATO"",G48*G24)","=IF(H42<>""OK"",""FALTA_DATO"",H48*H24)","=IF(I42<>""OK"",""FALTA_DATO"",I48*I24)","=IF(J42<>""OK"",""FALTA_DATO"",J48*J24)","=IF(K42<>""OK"",""FALTA_DATO"",K48*K24)","=IF(L42<>""OK"",""FALTA_DATO"",L48*L24)",Cálculo: cobro total x 2% (o el % ingresado)
J. CÁLCULOS (no editar),refunds_exp,Reembolsos esperados por pedido,COP/pedido,FORMULA,calculado,"=IF(G42<>""OK"",""FALTA_DATO"",G27*G28*G47)","=IF(H42<>""OK"",""FALTA_DATO"",H27*H28*H47)","=IF(I42<>""OK"",""FALTA_DATO"",I27*I28*I47)","=IF(J42<>""OK"",""FALTA_DATO"",J27*J28*J47)","=IF(K42<>""OK"",""FALTA_DATO"",K27*K28*K47)","=IF(L42<>""OK"",""FALTA_DATO"",L27*L28*L47)",Cálculo: tasa de devolución x % reembolsado x producto cobrado
J. CÁLCULOS (no editar),recov_exp,Costo de producto recuperado por reventa (esperado),COP/pedido,FORMULA,calculado,"=IF(G42<>""OK"",""FALTA_DATO"",G27*G29*G49)","=IF(H42<>""OK"",""FALTA_DATO"",H27*H29*H49)","=IF(I42<>""OK"",""FALTA_DATO"",I27*I29*I49)","=IF(J42<>""OK"",""FALTA_DATO"",J27*J29*J49)","=IF(K42<>""OK"",""FALTA_DATO"",K27*K29*K49)","=IF(L42<>""OK"",""FALTA_DATO"",L27*L29*L49)",Cálculo: tasa de devolución x % revendible x costo de producto del pedido
J. CÁLCULOS (no editar),retlog_exp,Logística de devoluciones esperada por pedido,COP/pedido,FORMULA,calculado,"=IF(G42<>""OK"",""FALTA_DATO"",G27*G30)","=IF(H42<>""OK"",""FALTA_DATO"",H27*H30)","=IF(I42<>""OK"",""FALTA_DATO"",I27*I30)","=IF(J42<>""OK"",""FALTA_DATO"",J27*J30)","=IF(K42<>""OK"",""FALTA_DATO"",K27*K30)","=IF(L42<>""OK"",""FALTA_DATO"",L27*L30)",Cálculo: tasa de devolución x costo por caso
J. CÁLCULOS (no editar),contrib,Contribución por pedido ANTES de publicidad,COP/pedido,FORMULA,calculado,"=IF(G42<>""OK"",""FALTA_DATO"",G48-G49-G16-G19-G50-G51-G25-G52+G53-G54)","=IF(H42<>""OK"",""FALTA_DATO"",H48-H49-H16-H19-H50-H51-H25-H52+H53-H54)","=IF(I42<>""OK"",""FALTA_DATO"",I48-I49-I16-I19-I50-I51-I25-I52+I53-I54)","=IF(J42<>""OK"",""FALTA_DATO"",J48-J49-J16-J19-J50-J51-J25-J52+J53-J54)","=IF(K42<>""OK"",""FALTA_DATO"",K48-K49-K16-K19-K50-K51-K25-K52+K53-K54)","=IF(L42<>""OK"",""FALTA_DATO"",L48-L49-L16-L19-L50-L51-L25-L52+L53-L54)",Cálculo: cobro total - producto - empaque - guía - comisión Wompi - cargo Shopify - otros - reembolsos + recuperado - logística de devoluciones
J. CÁLCULOS (no editar),contrib_pct,Contribución como % del cobro total,decimal,FORMULA,calculado,"=IF(G42<>""OK"",""FALTA_DATO"",G55/G48)","=IF(H42<>""OK"",""FALTA_DATO"",H55/H48)","=IF(I42<>""OK"",""FALTA_DATO"",I55/I48)","=IF(J42<>""OK"",""FALTA_DATO"",J55/J48)","=IF(K42<>""OK"",""FALTA_DATO"",K55/K48)","=IF(L42<>""OK"",""FALTA_DATO"",L55/L48)",
J. CÁLCULOS (no editar),be_cpa,CPA MÁXIMO de equilibrio (solo costos variables),COP/pedido,FORMULA,calculado,"=IF(G42<>""OK"",""FALTA_DATO"",G55)","=IF(H42<>""OK"",""FALTA_DATO"",H55)","=IF(I42<>""OK"",""FALTA_DATO"",I55)","=IF(J42<>""OK"",""FALTA_DATO"",J55)","=IF(K42<>""OK"",""FALTA_DATO"",K55)","=IF(L42<>""OK"",""FALTA_DATO"",L55)","Si cada pedido atribuido a anuncios cuesta más que esto, la publicidad pierde dinero antes de costos fijos."
J. CÁLCULOS (no editar),be_roas,ROAS DE EQUILIBRIO (base Shopify: cobro total / gasto),x,FORMULA,calculado,"=IF(G42<>""OK"",""FALTA_DATO"",IF(G55<=0,""CONTRIBUCION<=0"",G48/G55))","=IF(H42<>""OK"",""FALTA_DATO"",IF(H55<=0,""CONTRIBUCION<=0"",H48/H55))","=IF(I42<>""OK"",""FALTA_DATO"",IF(I55<=0,""CONTRIBUCION<=0"",I48/I55))","=IF(J42<>""OK"",""FALTA_DATO"",IF(J55<=0,""CONTRIBUCION<=0"",J48/J55))","=IF(K42<>""OK"",""FALTA_DATO"",IF(K55<=0,""CONTRIBUCION<=0"",K48/K55))","=IF(L42<>""OK"",""FALTA_DATO"",IF(L55<=0,""CONTRIBUCION<=0"",L48/L55))",Cálculo: cobro total / contribución. Comparar con ventas atribuidas de Shopify / gasto.
J. CÁLCULOS (no editar),be_roas_meta,ROAS DE EQUILIBRIO en la columna “ROAS de compras” de Meta,x,FORMULA,calculado,"=IF(OR(G42<>""OK"",G43<>""OK""),""FALTA_DATO"",IF(G55<=0,""CONTRIBUCION<=0"",G38*G48/G55))","=IF(OR(H42<>""OK"",H43<>""OK""),""FALTA_DATO"",IF(H55<=0,""CONTRIBUCION<=0"",H38*H48/H55))","=IF(OR(I42<>""OK"",I43<>""OK""),""FALTA_DATO"",IF(I55<=0,""CONTRIBUCION<=0"",I38*I48/I55))","=IF(OR(J42<>""OK"",J43<>""OK""),""FALTA_DATO"",IF(J55<=0,""CONTRIBUCION<=0"",J38*J48/J55))","=IF(OR(K42<>""OK"",K43<>""OK""),""FALTA_DATO"",IF(K55<=0,""CONTRIBUCION<=0"",K38*K48/K55))","=IF(OR(L42<>""OK"",L43<>""OK""),""FALTA_DATO"",IF(L55<=0,""CONTRIBUCION<=0"",L38*L48/L55))",Cálculo: razón Meta/Shopify x ROAS de equilibrio base Shopify.
J. CÁLCULOS (no editar),fixed_order,Costos fijos por pedido,COP/pedido,FORMULA,calculado,"=IF(OR(G42<>""OK"",G44<>""OK""),""FALTA_DATO"",IF(G36<=0,""FALTA_DATO"",(G32*G33+G34+G35)/G36))","=IF(OR(H42<>""OK"",H44<>""OK""),""FALTA_DATO"",IF(H36<=0,""FALTA_DATO"",(H32*H33+H34+H35)/H36))","=IF(OR(I42<>""OK"",I44<>""OK""),""FALTA_DATO"",IF(I36<=0,""FALTA_DATO"",(I32*I33+I34+I35)/I36))","=IF(OR(J42<>""OK"",J44<>""OK""),""FALTA_DATO"",IF(J36<=0,""FALTA_DATO"",(J32*J33+J34+J35)/J36))","=IF(OR(K42<>""OK"",K44<>""OK""),""FALTA_DATO"",IF(K36<=0,""FALTA_DATO"",(K32*K33+K34+K35)/K36))","=IF(OR(L42<>""OK"",L44<>""OK""),""FALTA_DATO"",IF(L36<=0,""FALTA_DATO"",(L32*L33+L34+L35)/L36))",Cálculo: (plan USD x tasa + apps + otros fijos) / pedidos mensuales
J. CÁLCULOS (no editar),contrib_full,"Contribución por pedido tras costos fijos, antes de publicidad",COP/pedido,FORMULA,calculado,"=IF(OR(G42<>""OK"",G44<>""OK""),""FALTA_DATO"",G55-G60)","=IF(OR(H42<>""OK"",H44<>""OK""),""FALTA_DATO"",H55-H60)","=IF(OR(I42<>""OK"",I44<>""OK""),""FALTA_DATO"",I55-I60)","=IF(OR(J42<>""OK"",J44<>""OK""),""FALTA_DATO"",J55-J60)","=IF(OR(K42<>""OK"",K44<>""OK""),""FALTA_DATO"",K55-K60)","=IF(OR(L42<>""OK"",L44<>""OK""),""FALTA_DATO"",L55-L60)",
J. CÁLCULOS (no editar),be_cpa_full,CPA MÁXIMO de equilibrio (costo completo),COP/pedido,FORMULA,calculado,"=IF(OR(G42<>""OK"",G44<>""OK""),""FALTA_DATO"",G61)","=IF(OR(H42<>""OK"",H44<>""OK""),""FALTA_DATO"",H61)","=IF(OR(I42<>""OK"",I44<>""OK""),""FALTA_DATO"",I61)","=IF(OR(J42<>""OK"",J44<>""OK""),""FALTA_DATO"",J61)","=IF(OR(K42<>""OK"",K44<>""OK""),""FALTA_DATO"",K61)","=IF(OR(L42<>""OK"",L44<>""OK""),""FALTA_DATO"",L61)",Más exigente que be_cpa: incluye la parte de costos fijos.
J. CÁLCULOS (no editar),be_roas_full,ROAS / MER DE EQUILIBRIO (costo completo),x,FORMULA,calculado,"=IF(OR(G42<>""OK"",G44<>""OK""),""FALTA_DATO"",IF(G61<=0,""CONTRIBUCION<=0"",G48/G61))","=IF(OR(H42<>""OK"",H44<>""OK""),""FALTA_DATO"",IF(H61<=0,""CONTRIBUCION<=0"",H48/H61))","=IF(OR(I42<>""OK"",I44<>""OK""),""FALTA_DATO"",IF(I61<=0,""CONTRIBUCION<=0"",I48/I61))","=IF(OR(J42<>""OK"",J44<>""OK""),""FALTA_DATO"",IF(J61<=0,""CONTRIBUCION<=0"",J48/J61))","=IF(OR(K42<>""OK"",K44<>""OK""),""FALTA_DATO"",IF(K61<=0,""CONTRIBUCION<=0"",K48/K61))","=IF(OR(L42<>""OK"",L44<>""OK""),""FALTA_DATO"",IF(L61<=0,""CONTRIBUCION<=0"",L48/L61))",Sirve también como MER de equilibrio si el pedido orgánico se parece al pagado.
J. CÁLCULOS (no editar),target_cpa,CPA MÁXIMO para alcanzar la utilidad objetivo,COP/pedido,FORMULA,calculado,"=IF(OR(G42<>""OK"",G44<>""OK"",G45<>""OK""),""FALTA_DATO"",G61-G40)","=IF(OR(H42<>""OK"",H44<>""OK"",H45<>""OK""),""FALTA_DATO"",H61-H40)","=IF(OR(I42<>""OK"",I44<>""OK"",I45<>""OK""),""FALTA_DATO"",I61-I40)","=IF(OR(J42<>""OK"",J44<>""OK"",J45<>""OK""),""FALTA_DATO"",J61-J40)","=IF(OR(K42<>""OK"",K44<>""OK"",K45<>""OK""),""FALTA_DATO"",K61-K40)","=IF(OR(L42<>""OK"",L44<>""OK"",L45<>""OK""),""FALTA_DATO"",L61-L40)",Cálculo: contribución tras fijos - utilidad objetivo
J. CÁLCULOS (no editar),target_roas,ROAS OBJETIVO (base Shopify),x,FORMULA,calculado,"=IF(OR(G42<>""OK"",G44<>""OK"",G45<>""OK""),""FALTA_DATO"",IF(G64<=0,""OBJETIVO_INALCANZABLE"",G48/G64))","=IF(OR(H42<>""OK"",H44<>""OK"",H45<>""OK""),""FALTA_DATO"",IF(H64<=0,""OBJETIVO_INALCANZABLE"",H48/H64))","=IF(OR(I42<>""OK"",I44<>""OK"",I45<>""OK""),""FALTA_DATO"",IF(I64<=0,""OBJETIVO_INALCANZABLE"",I48/I64))","=IF(OR(J42<>""OK"",J44<>""OK"",J45<>""OK""),""FALTA_DATO"",IF(J64<=0,""OBJETIVO_INALCANZABLE"",J48/J64))","=IF(OR(K42<>""OK"",K44<>""OK"",K45<>""OK""),""FALTA_DATO"",IF(K64<=0,""OBJETIVO_INALCANZABLE"",K48/K64))","=IF(OR(L42<>""OK"",L44<>""OK"",L45<>""OK""),""FALTA_DATO"",IF(L64<=0,""OBJETIVO_INALCANZABLE"",L48/L64))",Cálculo: cobro total / CPA objetivo
"K. PARÁMETROS DE DECISIÓN DEL TABLERO (solo GLOBAL; VACÍOS: no se inventan, los fija la dueña con datos)",,,,,,,,,,,,
"K. PARÁMETROS DE DECISIÓN DEL TABLERO (solo GLOBAL; VACÍOS: no se inventan, los fija la dueña con datos)",p_min_purchases,MIN_COMPRAS_DECISION: compras mínimas en la ventana antes de decidir pausar/escalar,compras,PARAMETRO_DECISION,Dueña (con asistencia),,,,,,,Debajo de esto la decisión es “seguir probando”.
"K. PARÁMETROS DE DECISIÓN DEL TABLERO (solo GLOBAL; VACÍOS: no se inventan, los fija la dueña con datos)",p_min_spend,MIN_GASTO_DECISION: gasto mínimo por campaña/anuncio antes de juzgarlo,COP,PARAMETRO_DECISION,Dueña (con asistencia),,,,,,,
"K. PARÁMETROS DE DECISIÓN DEL TABLERO (solo GLOBAL; VACÍOS: no se inventan, los fija la dueña con datos)",p_weeks_pause,SEMANAS_PARA_PAUSAR: semanas seguidas bajo equilibrio para pausar,semanas,PARAMETRO_DECISION,Dueña (con asistencia),,,,,,,
"K. PARÁMETROS DE DECISIÓN DEL TABLERO (solo GLOBAL; VACÍOS: no se inventan, los fija la dueña con datos)",p_scale_step,PASO_ESCALA: aumento máximo de presupuesto por paso,decimal,PARAMETRO_DECISION,Dueña (con asistencia),,,,,,,
"K. PARÁMETROS DE DECISIÓN DEL TABLERO (solo GLOBAL; VACÍOS: no se inventan, los fija la dueña con datos)",p_scale_wait_days,DIAS_ENTRE_ESCALAS: días de espera entre aumentos,días,PARAMETRO_DECISION,Dueña (con asistencia),,,,,,,
"K. PARÁMETROS DE DECISIÓN DEL TABLERO (solo GLOBAL; VACÍOS: no se inventan, los fija la dueña con datos)",p_max_refund_rate,MAX_TASA_REEMBOLSO: tasa de reembolso máxima tolerada,decimal,PARAMETRO_DECISION,Dueña (con asistencia),,,,,,,
"K. PARÁMETROS DE DECISIÓN DEL TABLERO (solo GLOBAL; VACÍOS: no se inventan, los fija la dueña con datos)",p_min_utm,MIN_COBERTURA_UTM: % mínimo de sesiones de anuncios con UTM,decimal,PARAMETRO_DECISION,Dueña (con asistencia),,,,,,,Puerta B4 del plan.
"K. PARÁMETROS DE DECISIÓN DEL TABLERO (solo GLOBAL; VACÍOS: no se inventan, los fija la dueña con datos)",p_days_recon_ok,DIAS_CONCILIACION_OK: días seguidos de conciliación sin diferencias sin explicar,días,PARAMETRO_DECISION,Dueña (con asistencia),,,,,,,Puerta B1 del plan (sugerencia: 7).
"K. PARÁMETROS DE DECISIÓN DEL TABLERO (solo GLOBAL; VACÍOS: no se inventan, los fija la dueña con datos)",p_tol_recon,TOL_RECONCILIACION: diferencia tolerada Shopify vs Meta (fijar tras 20 pedidos),decimal,PARAMETRO_DECISION,Dueña (con asistencia),,,,,,,Hasta entonces se investiga toda diferencia.
"K. PARÁMETROS DE DECISIÓN DEL TABLERO (solo GLOBAL; VACÍOS: no se inventan, los fija la dueña con datos)",p_test_budget,PRESUPUESTO_PRUEBA_DIARIO: gasto diario de las primeras 72 h,COP/día,PARAMETRO_DECISION,Dueña (con asistencia),,,,,,,Lo decide la dueña.
"K. PARÁMETROS DE DECISIÓN DEL TABLERO (solo GLOBAL; VACÍOS: no se inventan, los fija la dueña con datos)",p_bench_etapa,BENCH_ETAPA: referencia propia de tasa por etapa del embudo (se fija con 2-4 semanas de datos propios),decimal por etapa,PARAMETRO_DECISION,Dueña (con asistencia),,,,,,,"Mientras esté vacío, el tablero compara contra la semana anterior."
