shopify_handle,image_position,source_url,source_dimensions,source_megapixels,imported_url,reason
alba-dorada-lila,1,https://res.cloudinary.com/n8l3p85c/image/upload/v1788460189/lago/products/p8ztobejobwqvwvixanw.jpg,4672x7008,32.7,"https://res.cloudinary.com/n8l3p85c/image/upload/c_limit,w_5000,h_5000,q_95/v1788460189/lago/products/p8ztobejobwqvwvixanw.jpg","supera el límite de Shopify (5000px / 25 MP): misma foto, lado largo limitado a 5000px en el mismo CDN"
alba-dorada-lila,2,https://res.cloudinary.com/n8l3p85c/image/upload/v1788460191/lago/products/rmdmcn2dh8ms03py0ibj.jpg,4672x7008,32.7,"https://res.cloudinary.com/n8l3p85c/image/upload/c_limit,w_5000,h_5000,q_95/v1788460191/lago/products/rmdmcn2dh8ms03py0ibj.jpg","supera el límite de Shopify (5000px / 25 MP): misma foto, lado largo limitado a 5000px en el mismo CDN"
alba-dorada-lila,3,https://res.cloudinary.com/n8l3p85c/image/upload/v1788460190/lago/products/yxwmooi1esmridf8kumu.jpg,4672x7008,32.7,"https://res.cloudinary.com/n8l3p85c/image/upload/c_limit,w_5000,h_5000,q_95/v1788460190/lago/products/yxwmooi1esmridf8kumu.jpg","supera el límite de Shopify (5000px / 25 MP): misma foto, lado largo limitado a 5000px en el mismo CDN"
alba-dorada-lila,4,https://res.cloudinary.com/n8l3p85c/image/upload/v1788460192/lago/products/da7qxm9lzwk9zzhdopej.jpg,4672x7008,32.7,"https://res.cloudinary.com/n8l3p85c/image/upload/c_limit,w_5000,h_5000,q_95/v1788460192/lago/products/da7qxm9lzwk9zzhdopej.jpg","supera el límite de Shopify (5000px / 25 MP): misma foto, lado largo limitado a 5000px en el mismo CDN"
raices-del-sol-azul-oscuro,1,https://res.cloudinary.com/n8l3p85c/image/upload/v1788460378/lago/products/mubn5iuwdw0y3yt22jrk.jpg,4672x7008,32.7,"https://res.cloudinary.com/n8l3p85c/image/upload/c_limit,w_5000,h_5000,q_95/v1788460378/lago/products/mubn5iuwdw0y3yt22jrk.jpg","supera el límite de Shopify (5000px / 25 MP): misma foto, lado largo limitado a 5000px en el mismo CDN"
raices-del-sol-azul-oscuro,2,https://res.cloudinary.com/n8l3p85c/image/upload/v1788460376/lago/products/v4pz7sagpopiw2d5v7gg.jpg,4672x7008,32.7,"https://res.cloudinary.com/n8l3p85c/image/upload/c_limit,w_5000,h_5000,q_95/v1788460376/lago/products/v4pz7sagpopiw2d5v7gg.jpg","supera el límite de Shopify (5000px / 25 MP): misma foto, lado largo limitado a 5000px en el mismo CDN"
raices-del-sol-azul-oscuro,3,https://res.cloudinary.com/n8l3p85c/image/upload/v1788460377/lago/products/ez3ivfttyrkrwdl6r0gv.jpg,4672x7008,32.7,"https://res.cloudinary.com/n8l3p85c/image/upload/c_limit,w_5000,h_5000,q_95/v1788460377/lago/products/ez3ivfttyrkrwdl6r0gv.jpg","supera el límite de Shopify (5000px / 25 MP): misma foto, lado largo limitado a 5000px en el mismo CDN"
raices-del-sol-azul-oscuro,4,https://res.cloudinary.com/n8l3p85c/image/upload/v1788460375/lago/products/qncct8ehm4vvp8a91ee1.jpg,4672x7008,32.7,"https://res.cloudinary.com/n8l3p85c/image/upload/c_limit,w_5000,h_5000,q_95/v1788460375/lago/products/qncct8ehm4vvp8a91ee1.jpg","supera el límite de Shopify (5000px / 25 MP): misma foto, lado largo limitado a 5000px en el mismo CDN"
camiseta-solar-waves-negro,1,https://res.cloudinary.com/n8l3p85c/image/upload/v1788464638/lago/products/odzqchswe5htnmaakfhc.jpg,4672x7008,32.7,"https://res.cloudinary.com/n8l3p85c/image/upload/c_limit,w_5000,h_5000,q_95/v1788464638/lago/products/odzqchswe5htnmaakfhc.jpg","supera el límite de Shopify (5000px / 25 MP): misma foto, lado largo limitado a 5000px en el mismo CDN"
camiseta-solar-waves-negro,2,https://res.cloudinary.com/n8l3p85c/image/upload/v1788464640/lago/products/frkxty0foqp1nakhalx4.jpg,4672x7008,32.7,"https://res.cloudinary.com/n8l3p85c/image/upload/c_limit,w_5000,h_5000,q_95/v1788464640/lago/products/frkxty0foqp1nakhalx4.jpg","supera el límite de Shopify (5000px / 25 MP): misma foto, lado largo limitado a 5000px en el mismo CDN"
camiseta-solar-waves-negro,3,https://res.cloudinary.com/n8l3p85c/image/upload/v1788464641/lago/products/v22ivzp7doxm0h1hxkqx.jpg,4672x7008,32.7,"https://res.cloudinary.com/n8l3p85c/image/upload/c_limit,w_5000,h_5000,q_95/v1788464641/lago/products/v22ivzp7doxm0h1hxkqx.jpg","supera el límite de Shopify (5000px / 25 MP): misma foto, lado largo limitado a 5000px en el mismo CDN"
amanecer-dorado-terracota,1,https://res.cloudinary.com/n8l3p85c/image/upload/v1788463027/lago/products/zosnjqsftcx7qlkogkns.jpg,4672x7008,32.7,"https://res.cloudinary.com/n8l3p85c/image/upload/c_limit,w_5000,h_5000,q_95/v1788463027/lago/products/zosnjqsftcx7qlkogkns.jpg","supera el límite de Shopify (5000px / 25 MP): misma foto, lado largo limitado a 5000px en el mismo CDN"
amanecer-dorado-terracota,2,https://res.cloudinary.com/n8l3p85c/image/upload/v1788463030/lago/products/msxpzg8jgdfreuuhgs1r.jpg,4672x7008,32.7,"https://res.cloudinary.com/n8l3p85c/image/upload/c_limit,w_5000,h_5000,q_95/v1788463030/lago/products/msxpzg8jgdfreuuhgs1r.jpg","supera el límite de Shopify (5000px / 25 MP): misma foto, lado largo limitado a 5000px en el mismo CDN"
amanecer-dorado-terracota,3,https://res.cloudinary.com/n8l3p85c/image/upload/v1788463029/lago/products/ttsiuvi177prahfagitd.jpg,4672x7008,32.7,"https://res.cloudinary.com/n8l3p85c/image/upload/c_limit,w_5000,h_5000,q_95/v1788463029/lago/products/ttsiuvi177prahfagitd.jpg","supera el límite de Shopify (5000px / 25 MP): misma foto, lado largo limitado a 5000px en el mismo CDN"
sol-interno-beige-suave,1,https://res.cloudinary.com/n8l3p85c/image/upload/v1788462718/lago/products/ug4upvu2jhcc468nbpo2.jpg,4672x7008,32.7,"https://res.cloudinary.com/n8l3p85c/image/upload/c_limit,w_5000,h_5000,q_95/v1788462718/lago/products/ug4upvu2jhcc468nbpo2.jpg","supera el límite de Shopify (5000px / 25 MP): misma foto, lado largo limitado a 5000px en el mismo CDN"
sol-interno-beige-suave,2,https://res.cloudinary.com/n8l3p85c/image/upload/v1788462722/lago/products/ni9cidvqmktf0k3ffbns.jpg,4672x7008,32.7,"https://res.cloudinary.com/n8l3p85c/image/upload/c_limit,w_5000,h_5000,q_95/v1788462722/lago/products/ni9cidvqmktf0k3ffbns.jpg","supera el límite de Shopify (5000px / 25 MP): misma foto, lado largo limitado a 5000px en el mismo CDN"
sol-interno-beige-suave,3,https://res.cloudinary.com/n8l3p85c/image/upload/v1788462719/lago/products/zgd1cazybvtplinchtoa.jpg,4672x7008,32.7,"https://res.cloudinary.com/n8l3p85c/image/upload/c_limit,w_5000,h_5000,q_95/v1788462719/lago/products/zgd1cazybvtplinchtoa.jpg","supera el límite de Shopify (5000px / 25 MP): misma foto, lado largo limitado a 5000px en el mismo CDN"
sol-interno-beige-suave,4,https://res.cloudinary.com/n8l3p85c/image/upload/v1788462721/lago/products/l97vhn4qjpa7wrqzwkf7.jpg,4672x7008,32.7,"https://res.cloudinary.com/n8l3p85c/image/upload/c_limit,w_5000,h_5000,q_95/v1788462721/lago/products/l97vhn4qjpa7wrqzwkf7.jpg","supera el límite de Shopify (5000px / 25 MP): misma foto, lado largo limitado a 5000px en el mismo CDN"
sol-interno-cafe-claro,1,https://res.cloudinary.com/n8l3p85c/image/upload/v1788462500/lago/products/ivnppqwp162vg0rufigc.jpg,4672x7008,32.7,"https://res.cloudinary.com/n8l3p85c/image/upload/c_limit,w_5000,h_5000,q_95/v1788462500/lago/products/ivnppqwp162vg0rufigc.jpg","supera el límite de Shopify (5000px / 25 MP): misma foto, lado largo limitado a 5000px en el mismo CDN"
sol-interno-cafe-claro,2,https://res.cloudinary.com/n8l3p85c/image/upload/v1788462503/lago/products/yspq3jl46zzx3qashj6d.jpg,4672x7008,32.7,"https://res.cloudinary.com/n8l3p85c/image/upload/c_limit,w_5000,h_5000,q_95/v1788462503/lago/products/yspq3jl46zzx3qashj6d.jpg","supera el límite de Shopify (5000px / 25 MP): misma foto, lado largo limitado a 5000px en el mismo CDN"
sol-interno-cafe-claro,3,https://res.cloudinary.com/n8l3p85c/image/upload/v1788462501/lago/products/yckxesaxnhk3znupz9z2.jpg,4672x7008,32.7,"https://res.cloudinary.com/n8l3p85c/image/upload/c_limit,w_5000,h_5000,q_95/v1788462501/lago/products/yckxesaxnhk3znupz9z2.jpg","supera el límite de Shopify (5000px / 25 MP): misma foto, lado largo limitado a 5000px en el mismo CDN"
sol-interno-cafe-claro,4,https://res.cloudinary.com/n8l3p85c/image/upload/v1788462504/lago/products/slbtziwwgh0ofknxrjdk.jpg,4672x7008,32.7,"https://res.cloudinary.com/n8l3p85c/image/upload/c_limit,w_5000,h_5000,q_95/v1788462504/lago/products/slbtziwwgh0ofknxrjdk.jpg","supera el límite de Shopify (5000px / 25 MP): misma foto, lado largo limitado a 5000px en el mismo CDN"
amanecer-dorado-lila,1,https://res.cloudinary.com/n8l3p85c/image/upload/v1788463214/lago/products/llj4bqlxx259ihlgoe2r.jpg,4672x7008,32.7,"https://res.cloudinary.com/n8l3p85c/image/upload/c_limit,w_5000,h_5000,q_95/v1788463214/lago/products/llj4bqlxx259ihlgoe2r.jpg","supera el límite de Shopify (5000px / 25 MP): misma foto, lado largo limitado a 5000px en el mismo CDN"
amanecer-dorado-lila,2,https://res.cloudinary.com/n8l3p85c/image/upload/v1788463212/lago/products/kzdurkrob0ygvugwcmze.jpg,1600x2400,3.8,https://res.cloudinary.com/n8l3p85c/image/upload/v1788463212/lago/products/kzdurkrob0ygvugwcmze.jpg,dentro del límite: URL original sin cambios
amanecer-dorado-lila,3,https://res.cloudinary.com/n8l3p85c/image/upload/v1788463215/lago/products/ywzmhjzooljzduosdgpb.jpg,4672x7008,32.7,"https://res.cloudinary.com/n8l3p85c/image/upload/c_limit,w_5000,h_5000,q_95/v1788463215/lago/products/ywzmhjzooljzduosdgpb.jpg","supera el límite de Shopify (5000px / 25 MP): misma foto, lado largo limitado a 5000px en el mismo CDN"
amanecer-dorado-lila,4,https://res.cloudinary.com/n8l3p85c/image/upload/v1788463213/lago/products/bg4aeq80ngv3fkymhwlz.jpg,4672x7008,32.7,"https://res.cloudinary.com/n8l3p85c/image/upload/c_limit,w_5000,h_5000,q_95/v1788463213/lago/products/bg4aeq80ngv3fkymhwlz.jpg","supera el límite de Shopify (5000px / 25 MP): misma foto, lado largo limitado a 5000px en el mismo CDN"
aurora-total-azul-oscuro,1,https://res.cloudinary.com/n8l3p85c/image/upload/v1788463590/lago/products/me6gi8wxdunyqn4z2uhz.jpg,4672x7008,32.7,"https://res.cloudinary.com/n8l3p85c/image/upload/c_limit,w_5000,h_5000,q_95/v1788463590/lago/products/me6gi8wxdunyqn4z2uhz.jpg","supera el límite de Shopify (5000px / 25 MP): misma foto, lado largo limitado a 5000px en el mismo CDN"
aurora-total-azul-oscuro,2,https://res.cloudinary.com/n8l3p85c/image/upload/v1788463592/lago/products/jzuk8qbs3lwibhhibyl8.jpg,4672x7008,32.7,"https://res.cloudinary.com/n8l3p85c/image/upload/c_limit,w_5000,h_5000,q_95/v1788463592/lago/products/jzuk8qbs3lwibhhibyl8.jpg","supera el límite de Shopify (5000px / 25 MP): misma foto, lado largo limitado a 5000px en el mismo CDN"
aurora-total-azul-oscuro,3,https://res.cloudinary.com/n8l3p85c/image/upload/v1788463591/lago/products/rau0twjdw512m5wzahdn.jpg,4672x7008,32.7,"https://res.cloudinary.com/n8l3p85c/image/upload/c_limit,w_5000,h_5000,q_95/v1788463591/lago/products/rau0twjdw512m5wzahdn.jpg","supera el límite de Shopify (5000px / 25 MP): misma foto, lado largo limitado a 5000px en el mismo CDN"
aurora-total-terracota,1,https://res.cloudinary.com/n8l3p85c/image/upload/v1788463946/lago/products/hji9tneb2knylosvr3ga.jpg,4672x7008,32.7,"https://res.cloudinary.com/n8l3p85c/image/upload/c_limit,w_5000,h_5000,q_95/v1788463946/lago/products/hji9tneb2knylosvr3ga.jpg","supera el límite de Shopify (5000px / 25 MP): misma foto, lado largo limitado a 5000px en el mismo CDN"
aurora-total-terracota,2,https://res.cloudinary.com/n8l3p85c/image/upload/v1788463948/lago/products/g0ykeue7dm6tyfbb4woi.jpg,4672x7008,32.7,"https://res.cloudinary.com/n8l3p85c/image/upload/c_limit,w_5000,h_5000,q_95/v1788463948/lago/products/g0ykeue7dm6tyfbb4woi.jpg","supera el límite de Shopify (5000px / 25 MP): misma foto, lado largo limitado a 5000px en el mismo CDN"
aurora-total-terracota,3,https://res.cloudinary.com/n8l3p85c/image/upload/v1788463947/lago/products/anjp43hk9jj4aehcshag.jpg,4672x7008,32.7,"https://res.cloudinary.com/n8l3p85c/image/upload/c_limit,w_5000,h_5000,q_95/v1788463947/lago/products/anjp43hk9jj4aehcshag.jpg","supera el límite de Shopify (5000px / 25 MP): misma foto, lado largo limitado a 5000px en el mismo CDN"
aurora-total-terracota,4,https://res.cloudinary.com/n8l3p85c/image/upload/v1788463949/lago/products/aqa95gtdku1sr3p0jmi8.jpg,4672x7008,32.7,"https://res.cloudinary.com/n8l3p85c/image/upload/c_limit,w_5000,h_5000,q_95/v1788463949/lago/products/aqa95gtdku1sr3p0jmi8.jpg","supera el límite de Shopify (5000px / 25 MP): misma foto, lado largo limitado a 5000px en el mismo CDN"
alba-dorada-beige-suave,1,https://res.cloudinary.com/n8l3p85c/image/upload/v1788459551/lago/products/i6t6fky2py7opce445tn.jpg,4672x7008,32.7,"https://res.cloudinary.com/n8l3p85c/image/upload/c_limit,w_5000,h_5000,q_95/v1788459551/lago/products/i6t6fky2py7opce445tn.jpg","supera el límite de Shopify (5000px / 25 MP): misma foto, lado largo limitado a 5000px en el mismo CDN"
alba-dorada-beige-suave,2,https://res.cloudinary.com/n8l3p85c/image/upload/v1788459547/lago/products/kw254g4rby9v30otymwk.jpg,4672x7008,32.7,"https://res.cloudinary.com/n8l3p85c/image/upload/c_limit,w_5000,h_5000,q_95/v1788459547/lago/products/kw254g4rby9v30otymwk.jpg","supera el límite de Shopify (5000px / 25 MP): misma foto, lado largo limitado a 5000px en el mismo CDN"
alba-dorada-beige-suave,3,https://res.cloudinary.com/n8l3p85c/image/upload/v1788459554/lago/products/m7z6qd7lvg9sok87tvrm.jpg,4672x7008,32.7,"https://res.cloudinary.com/n8l3p85c/image/upload/c_limit,w_5000,h_5000,q_95/v1788459554/lago/products/m7z6qd7lvg9sok87tvrm.jpg","supera el límite de Shopify (5000px / 25 MP): misma foto, lado largo limitado a 5000px en el mismo CDN"
alba-dorada-cafe-claro,1,https://res.cloudinary.com/n8l3p85c/image/upload/v1788459241/lago/products/sgnrr0ws6w2aci6yvk3e.jpg,4672x7008,32.7,"https://res.cloudinary.com/n8l3p85c/image/upload/c_limit,w_5000,h_5000,q_95/v1788459241/lago/products/sgnrr0ws6w2aci6yvk3e.jpg","supera el límite de Shopify (5000px / 25 MP): misma foto, lado largo limitado a 5000px en el mismo CDN"
alba-dorada-cafe-claro,2,https://res.cloudinary.com/n8l3p85c/image/upload/v1788459242/lago/products/ghs94mgfbzft1xu9gdtd.jpg,4672x7008,32.7,"https://res.cloudinary.com/n8l3p85c/image/upload/c_limit,w_5000,h_5000,q_95/v1788459242/lago/products/ghs94mgfbzft1xu9gdtd.jpg","supera el límite de Shopify (5000px / 25 MP): misma foto, lado largo limitado a 5000px en el mismo CDN"
alba-dorada-cafe-claro,3,https://res.cloudinary.com/n8l3p85c/image/upload/v1788459243/lago/products/vnmxbvnsdi8vc2gpcryq.jpg,4672x7008,32.7,"https://res.cloudinary.com/n8l3p85c/image/upload/c_limit,w_5000,h_5000,q_95/v1788459243/lago/products/vnmxbvnsdi8vc2gpcryq.jpg","supera el límite de Shopify (5000px / 25 MP): misma foto, lado largo limitado a 5000px en el mismo CDN"
alba-dorada-cafe-claro,4,https://res.cloudinary.com/n8l3p85c/image/upload/v1788459244/lago/products/jrbryuep83m154gbucrw.jpg,4672x7008,32.7,"https://res.cloudinary.com/n8l3p85c/image/upload/c_limit,w_5000,h_5000,q_95/v1788459244/lago/products/jrbryuep83m154gbucrw.jpg","supera el límite de Shopify (5000px / 25 MP): misma foto, lado largo limitado a 5000px en el mismo CDN"
alba-dorada-cafe-claro,5,https://res.cloudinary.com/n8l3p85c/image/upload/v1788459245/lago/products/fw3wm8z6imdeye25qt6j.jpg,4672x7008,32.7,"https://res.cloudinary.com/n8l3p85c/image/upload/c_limit,w_5000,h_5000,q_95/v1788459245/lago/products/fw3wm8z6imdeye25qt6j.jpg","supera el límite de Shopify (5000px / 25 MP): misma foto, lado largo limitado a 5000px en el mismo CDN"
raices-del-sol-beige-suave,1,https://res.cloudinary.com/n8l3p85c/image/upload/v1788462070/lago/products/vljbngbutr1v9bgeccja.jpg,4672x7008,32.7,"https://res.cloudinary.com/n8l3p85c/image/upload/c_limit,w_5000,h_5000,q_95/v1788462070/lago/products/vljbngbutr1v9bgeccja.jpg","supera el límite de Shopify (5000px / 25 MP): misma foto, lado largo limitado a 5000px en el mismo CDN"
raices-del-sol-beige-suave,2,https://res.cloudinary.com/n8l3p85c/image/upload/v1788462073/lago/products/znbfs6d7xh8g0fep3fe4.jpg,4672x7008,32.7,"https://res.cloudinary.com/n8l3p85c/image/upload/c_limit,w_5000,h_5000,q_95/v1788462073/lago/products/znbfs6d7xh8g0fep3fe4.jpg","supera el límite de Shopify (5000px / 25 MP): misma foto, lado largo limitado a 5000px en el mismo CDN"
raices-del-sol-beige-suave,3,https://res.cloudinary.com/n8l3p85c/image/upload/v1788462072/lago/products/lcgty2iro46ebzi6v0z5.jpg,4672x7008,32.7,"https://res.cloudinary.com/n8l3p85c/image/upload/c_limit,w_5000,h_5000,q_95/v1788462072/lago/products/lcgty2iro46ebzi6v0z5.jpg","supera el límite de Shopify (5000px / 25 MP): misma foto, lado largo limitado a 5000px en el mismo CDN"
