sku,image_position,url,width,height,megapixels,within_shopify_limit
RSONEN022,0,https://res.cloudinary.com/n8l3p85c/image/upload/v1789406102/lago/products/kepyvufdwbuxd8epyeir.jpg,381,678,0.3,SI
RSONEN022,1,https://res.cloudinary.com/n8l3p85c/image/upload/v1789406103/lago/products/vrspc2bydn9fnm914tuy.jpg,1350,2400,3.2,SI
RSONEN022,2,https://res.cloudinary.com/n8l3p85c/image/upload/v1789406104/lago/products/o6aabn7gsuqmdzaoizb9.jpg,1350,2400,3.2,SI
RSONBI021,0,https://res.cloudinary.com/n8l3p85c/image/upload/v1789406110/lago/products/tkd231tnkwhbo0mhrkfi.jpg,934,1660,1.6,SI
RSONBI021,1,https://res.cloudinary.com/n8l3p85c/image/upload/v1789406111/lago/products/rcrnan574rd72vb8zg1k.jpg,559,994,0.6,SI
RSONBI021,2,https://res.cloudinary.com/n8l3p85c/image/upload/v1789406113/lago/products/iairwygzkllwiwoiyr8a.jpg,1152,2048,2.4,SI
LG-ESP-000003,0,https://res.cloudinary.com/n8l3p85c/image/upload/v1787590592/lago/products/ntmwaweeyp0ti0d5xae6.jpg,1800,2400,4.3,SI
LG-ESP-000003,1,https://res.cloudinary.com/n8l3p85c/image/upload/v1787590588/lago/products/sj2m0w4lsde0ah5wmlow.jpg,1800,2400,4.3,SI
LG-ESP-000003,2,https://res.cloudinary.com/n8l3p85c/image/upload/v1787590590/lago/products/gxulsuql99djdm7ocvjy.jpg,1800,2400,4.3,SI
RSONBI023,0,https://res.cloudinary.com/n8l3p85c/image/upload/v1789406115/lago/products/gzvuttykyhk2nsmt1ih0.jpg,1152,2048,2.4,SI
RSONBI023,1,https://res.cloudinary.com/n8l3p85c/image/upload/v1789406116/lago/products/fn4l6qnp41fpcjdgru84.jpg,1152,2048,2.4,SI
RSONBI023,2,https://res.cloudinary.com/n8l3p85c/image/upload/v1789406117/lago/products/rol1eqb6qlmpnhy0lmka.jpg,1057,1879,2.0,SI
RSONEN011,0,https://res.cloudinary.com/n8l3p85c/image/upload/v1789406364/lago/products/tmllh71jv3hhezujpqdn.jpg,689,1224,0.8,SI
RSONEN011,1,https://res.cloudinary.com/n8l3p85c/image/upload/v1789406366/lago/products/cadhxnnu5rtyhy1et88g.jpg,1083,1925,2.1,SI
RSONEN011,2,https://res.cloudinary.com/n8l3p85c/image/upload/v1789406367/lago/products/sjidro8i0njbpqp6r1po.jpg,1152,2048,2.4,SI
RSONEN024,0,https://res.cloudinary.com/n8l3p85c/image/upload/v1789406106/lago/products/fm8pywfhyasqwo06fctu.jpg,1032,1835,1.9,SI
RSONEN024,1,https://res.cloudinary.com/n8l3p85c/image/upload/v1789406107/lago/products/kjn0rdzp5m1riencejln.jpg,1096,1948,2.1,SI
RSONEN024,2,https://res.cloudinary.com/n8l3p85c/image/upload/v1789406108/lago/products/jjpqmourwnuwdyw3r9zm.jpg,1152,2048,2.4,SI
RSONBI013,0,https://res.cloudinary.com/n8l3p85c/image/upload/v1789406098/lago/products/mwep1nr9wm2pmqf1jqw2.jpg,429,763,0.3,SI
RSONBI013,1,https://res.cloudinary.com/n8l3p85c/image/upload/v1789406099/lago/products/mqpasdatvfrqvyn87bmw.jpg,1350,2400,3.2,SI
RSONBI013,2,https://res.cloudinary.com/n8l3p85c/image/upload/v1789406100/lago/products/tvwy5bscttetb1omzmmd.jpg,653,1161,0.8,SI
RSONEN013,0,https://res.cloudinary.com/n8l3p85c/image/upload/v1789406368/lago/products/jftalshad8g5d7huswry.jpg,958,1704,1.6,SI
RSONEN013,1,https://res.cloudinary.com/n8l3p85c/image/upload/v1789406371/lago/products/ipeqzw4jeym0cfud3xd5.jpg,1152,2048,2.4,SI
RSONEN013,2,https://res.cloudinary.com/n8l3p85c/image/upload/v1789406372/lago/products/rsodj8qsgkiqzv0ykbjy.jpg,1152,2048,2.4,SI
RSONBI034,0,https://res.cloudinary.com/n8l3p85c/image/upload/v1789406123/lago/products/p6oxyf5esihrmjqpoq9k.jpg,976,1736,1.7,SI
RSONBI034,1,https://res.cloudinary.com/n8l3p85c/image/upload/v1789406124/lago/products/t3fhubyfqkio4nc8zwhl.jpg,1152,2048,2.4,SI
RSONBI034,2,https://res.cloudinary.com/n8l3p85c/image/upload/v1789406126/lago/products/m42lhzsqmejfmtva2ysb.jpg,2048,1152,2.4,SI
LG-ESP-000006,0,https://res.cloudinary.com/n8l3p85c/image/upload/v1788476924/lago/products/j4qplrq4g2lp8il7agg7.jpg,1800,2400,4.3,SI
LG-ESP-000006,1,https://res.cloudinary.com/n8l3p85c/image/upload/v1788476923/lago/products/yo6487iw4vpicixinie6.jpg,1800,2400,4.3,SI
LG-ESP-000006,2,https://res.cloudinary.com/n8l3p85c/image/upload/v1788476922/lago/products/vfowskutz7dppefh7cc0.jpg,3024,4032,12.2,SI
LG-AUR-000003,0,https://res.cloudinary.com/n8l3p85c/image/upload/v1788460189/lago/products/p8ztobejobwqvwvixanw.jpg,4672,7008,32.7,NO
LG-AUR-000003,1,https://res.cloudinary.com/n8l3p85c/image/upload/v1788460191/lago/products/rmdmcn2dh8ms03py0ibj.jpg,4672,7008,32.7,NO
LG-AUR-000003,2,https://res.cloudinary.com/n8l3p85c/image/upload/v1788460190/lago/products/yxwmooi1esmridf8kumu.jpg,4672,7008,32.7,NO
LG-AUR-000003,3,https://res.cloudinary.com/n8l3p85c/image/upload/v1788460192/lago/products/da7qxm9lzwk9zzhdopej.jpg,4672,7008,32.7,NO
LG-AUR-000004,0,https://res.cloudinary.com/n8l3p85c/image/upload/v1788460378/lago/products/mubn5iuwdw0y3yt22jrk.jpg,4672,7008,32.7,NO
LG-AUR-000004,1,https://res.cloudinary.com/n8l3p85c/image/upload/v1788460376/lago/products/v4pz7sagpopiw2d5v7gg.jpg,4672,7008,32.7,NO
LG-AUR-000004,2,https://res.cloudinary.com/n8l3p85c/image/upload/v1788460377/lago/products/ez3ivfttyrkrwdl6r0gv.jpg,4672,7008,32.7,NO
LG-AUR-000004,3,https://res.cloudinary.com/n8l3p85c/image/upload/v1788460375/lago/products/qncct8ehm4vvp8a91ee1.jpg,4672,7008,32.7,NO
LG-AUR-000009,0,https://res.cloudinary.com/n8l3p85c/image/upload/v1788464638/lago/products/odzqchswe5htnmaakfhc.jpg,4672,7008,32.7,NO
LG-AUR-000009,1,https://res.cloudinary.com/n8l3p85c/image/upload/v1788464640/lago/products/frkxty0foqp1nakhalx4.jpg,4672,7008,32.7,NO
LG-AUR-000009,2,https://res.cloudinary.com/n8l3p85c/image/upload/v1788464641/lago/products/v22ivzp7doxm0h1hxkqx.jpg,4672,7008,32.7,NO
LG-AUR-000006,0,https://res.cloudinary.com/n8l3p85c/image/upload/v1788463027/lago/products/zosnjqsftcx7qlkogkns.jpg,4672,7008,32.7,NO
LG-AUR-000006,1,https://res.cloudinary.com/n8l3p85c/image/upload/v1788463030/lago/products/msxpzg8jgdfreuuhgs1r.jpg,4672,7008,32.7,NO
LG-AUR-000006,2,https://res.cloudinary.com/n8l3p85c/image/upload/v1788463029/lago/products/ttsiuvi177prahfagitd.jpg,4672,7008,32.7,NO
LG-AUR-000005,0,https://res.cloudinary.com/n8l3p85c/image/upload/v1788462718/lago/products/ug4upvu2jhcc468nbpo2.jpg,4672,7008,32.7,NO
LG-AUR-000005,1,https://res.cloudinary.com/n8l3p85c/image/upload/v1788462722/lago/products/ni9cidvqmktf0k3ffbns.jpg,4672,7008,32.7,NO
LG-AUR-000005,2,https://res.cloudinary.com/n8l3p85c/image/upload/v1788462719/lago/products/zgd1cazybvtplinchtoa.jpg,4672,7008,32.7,NO
LG-AUR-000005,3,https://res.cloudinary.com/n8l3p85c/image/upload/v1788462721/lago/products/l97vhn4qjpa7wrqzwkf7.jpg,4672,7008,32.7,NO
LG-HOM-000002,0,https://res.cloudinary.com/n8l3p85c/image/upload/v1788462500/lago/products/ivnppqwp162vg0rufigc.jpg,4672,7008,32.7,NO
LG-HOM-000002,1,https://res.cloudinary.com/n8l3p85c/image/upload/v1788462503/lago/products/yspq3jl46zzx3qashj6d.jpg,4672,7008,32.7,NO
LG-HOM-000002,2,https://res.cloudinary.com/n8l3p85c/image/upload/v1788462501/lago/products/yckxesaxnhk3znupz9z2.jpg,4672,7008,32.7,NO
LG-HOM-000002,3,https://res.cloudinary.com/n8l3p85c/image/upload/v1788462504/lago/products/slbtziwwgh0ofknxrjdk.jpg,4672,7008,32.7,NO
LG-ESP-000008,0,https://res.cloudinary.com/n8l3p85c/image/upload/v1788559410/lago/products/erzcnclji1uecqvknag3.jpg,1800,2400,4.3,SI
LG-ESP-000008,1,https://res.cloudinary.com/n8l3p85c/image/upload/v1788559411/lago/products/ufkv3z51zgtt1n6nfrcl.jpg,1800,2400,4.3,SI
LG-ESP-000008,2,https://res.cloudinary.com/n8l3p85c/image/upload/v1788559409/lago/products/jet4mhrj2lrrppsk10jx.jpg,3024,4032,12.2,SI
LG-HOM-000003,0,https://res.cloudinary.com/n8l3p85c/image/upload/v1788463214/lago/products/llj4bqlxx259ihlgoe2r.jpg,4672,7008,32.7,NO
LG-HOM-000003,1,https://res.cloudinary.com/n8l3p85c/image/upload/v1788463212/lago/products/kzdurkrob0ygvugwcmze.jpg,1600,2400,3.8,SI
LG-HOM-000003,2,https://res.cloudinary.com/n8l3p85c/image/upload/v1788463215/lago/products/ywzmhjzooljzduosdgpb.jpg,4672,7008,32.7,NO
LG-HOM-000003,3,https://res.cloudinary.com/n8l3p85c/image/upload/v1788463213/lago/products/bg4aeq80ngv3fkymhwlz.jpg,4672,7008,32.7,NO
LG-AUR-000007,0,https://res.cloudinary.com/n8l3p85c/image/upload/v1788463590/lago/products/me6gi8wxdunyqn4z2uhz.jpg,4672,7008,32.7,NO
LG-AUR-000007,1,https://res.cloudinary.com/n8l3p85c/image/upload/v1788463592/lago/products/jzuk8qbs3lwibhhibyl8.jpg,4672,7008,32.7,NO
LG-AUR-000007,2,https://res.cloudinary.com/n8l3p85c/image/upload/v1788463591/lago/products/rau0twjdw512m5wzahdn.jpg,4672,7008,32.7,NO
LG-ESP-000004,0,https://res.cloudinary.com/n8l3p85c/image/upload/v1788466327/lago/products/lwmwjddaixkjdt2i3qxw.jpg,1800,2400,4.3,SI
LG-ESP-000004,1,https://res.cloudinary.com/n8l3p85c/image/upload/v1788466326/lago/products/itdwehriebwkxpyskrlh.jpg,1800,2400,4.3,SI
LG-ESP-000004,2,https://res.cloudinary.com/n8l3p85c/image/upload/v1788466325/lago/products/iulbshdkyvibrgh3gq9z.jpg,1800,2400,4.3,SI
LG-AUR-000008,0,https://res.cloudinary.com/n8l3p85c/image/upload/v1788463946/lago/products/hji9tneb2knylosvr3ga.jpg,4672,7008,32.7,NO
LG-AUR-000008,1,https://res.cloudinary.com/n8l3p85c/image/upload/v1788463948/lago/products/g0ykeue7dm6tyfbb4woi.jpg,4672,7008,32.7,NO
LG-AUR-000008,2,https://res.cloudinary.com/n8l3p85c/image/upload/v1788463947/lago/products/anjp43hk9jj4aehcshag.jpg,4672,7008,32.7,NO
LG-AUR-000008,3,https://res.cloudinary.com/n8l3p85c/image/upload/v1788463949/lago/products/aqa95gtdku1sr3p0jmi8.jpg,4672,7008,32.7,NO
LG-ESP-000009,0,https://res.cloudinary.com/n8l3p85c/image/upload/v1788560767/lago/products/jwbjg9lzzseushtygsih.jpg,1800,2400,4.3,SI
LG-ESP-000009,1,https://res.cloudinary.com/n8l3p85c/image/upload/v1788560765/lago/products/vmnmtvxcrajthb6zqdiy.jpg,1800,2400,4.3,SI
LG-ESP-000009,2,https://res.cloudinary.com/n8l3p85c/image/upload/v1788560766/lago/products/otwdu5dfivemrbdxwt05.jpg,1800,2400,4.3,SI
LG-ESP-000005,0,https://res.cloudinary.com/n8l3p85c/image/upload/v1788476639/lago/products/rciohzp4nltza1hz1rm1.jpg,1800,2400,4.3,SI
LG-ESP-000005,1,https://res.cloudinary.com/n8l3p85c/image/upload/v1788476638/lago/products/vycbggsnh1ilmzkmrrni.jpg,1800,2400,4.3,SI
LG-ESP-000005,2,https://res.cloudinary.com/n8l3p85c/image/upload/v1788476637/lago/products/jqxvlnfgwjwuiporhaam.jpg,3024,4032,12.2,SI
LG-AUR-000002,0,https://res.cloudinary.com/n8l3p85c/image/upload/v1788459551/lago/products/i6t6fky2py7opce445tn.jpg,4672,7008,32.7,NO
LG-AUR-000002,1,https://res.cloudinary.com/n8l3p85c/image/upload/v1788459547/lago/products/kw254g4rby9v30otymwk.jpg,4672,7008,32.7,NO
LG-AUR-000002,2,https://res.cloudinary.com/n8l3p85c/image/upload/v1788459554/lago/products/m7z6qd7lvg9sok87tvrm.jpg,4672,7008,32.7,NO
RSONBI012,0,https://res.cloudinary.com/n8l3p85c/image/upload/v1789406092/lago/products/i0emhvabx5ur8nolasvd.jpg,1350,2400,3.2,SI
RSONBI012,1,https://res.cloudinary.com/n8l3p85c/image/upload/v1789406095/lago/products/cna9db3j4rcoobedjdub.jpg,1350,2400,3.2,SI
RSONBI012,2,https://res.cloudinary.com/n8l3p85c/image/upload/v1789406096/lago/products/qrhl1otdaqjipztumgap.jpg,1350,2400,3.2,SI
RSONBI032,0,https://res.cloudinary.com/n8l3p85c/image/upload/v1789406119/lago/products/z4rfoq5aafurzpc9chae.jpg,1152,2048,2.4,SI
RSONBI032,1,https://res.cloudinary.com/n8l3p85c/image/upload/v1789406120/lago/products/wivbxtcjdl4boiipcq00.jpg,1026,1824,1.9,SI
RSONBI032,2,https://res.cloudinary.com/n8l3p85c/image/upload/v1789406121/lago/products/fzv6tegei2lvlbqagwrz.jpg,1152,2048,2.4,SI
LG-AUR-000001,0,https://res.cloudinary.com/n8l3p85c/image/upload/v1788459241/lago/products/sgnrr0ws6w2aci6yvk3e.jpg,4672,7008,32.7,NO
LG-AUR-000001,1,https://res.cloudinary.com/n8l3p85c/image/upload/v1788459242/lago/products/ghs94mgfbzft1xu9gdtd.jpg,4672,7008,32.7,NO
LG-AUR-000001,2,https://res.cloudinary.com/n8l3p85c/image/upload/v1788459243/lago/products/vnmxbvnsdi8vc2gpcryq.jpg,4672,7008,32.7,NO
LG-AUR-000001,3,https://res.cloudinary.com/n8l3p85c/image/upload/v1788459244/lago/products/jrbryuep83m154gbucrw.jpg,4672,7008,32.7,NO
LG-AUR-000001,4,https://res.cloudinary.com/n8l3p85c/image/upload/v1788459245/lago/products/fw3wm8z6imdeye25qt6j.jpg,4672,7008,32.7,NO
LG-HOM-000001,0,https://res.cloudinary.com/n8l3p85c/image/upload/v1788462070/lago/products/vljbngbutr1v9bgeccja.jpg,4672,7008,32.7,NO
LG-HOM-000001,1,https://res.cloudinary.com/n8l3p85c/image/upload/v1788462073/lago/products/znbfs6d7xh8g0fep3fe4.jpg,4672,7008,32.7,NO
LG-HOM-000001,2,https://res.cloudinary.com/n8l3p85c/image/upload/v1788462072/lago/products/lcgty2iro46ebzi6v0z5.jpg,4672,7008,32.7,NO
LG-ESP-000007,0,https://res.cloudinary.com/n8l3p85c/image/upload/v1788559364/lago/products/ehzhhjn8o5w85syqf6g2.jpg,1800,2400,4.3,SI
LG-ESP-000007,1,https://res.cloudinary.com/n8l3p85c/image/upload/v1788559363/lago/products/farfwp4e5tmhhnamilxp.jpg,1800,2400,4.3,SI
LG-ESP-000007,2,https://res.cloudinary.com/n8l3p85c/image/upload/v1788559361/lago/products/owm5hgxu2ybdsid0pbii.jpg,3024,4032,12.2,SI
