sku,handle,producto,talla,precio_cop,disponible_sitio_actual_2026_09_28,cantidad_a_cargar,nota
RSONEN022-S,brisa-natural-beige,BRISA NATURAL BEIGE,S,199920,Disponible,2,Oasis Natural: cantidades de la dueña
RSONEN022-M,brisa-natural-beige,BRISA NATURAL BEIGE,M,199920,Disponible,3,Oasis Natural: cantidades de la dueña
RSONEN022-L,brisa-natural-beige,BRISA NATURAL BEIGE,L,199920,Disponible,1,Oasis Natural: cantidades de la dueña
RSONBI021-S,costa-esmeralda-azul,COSTA ESMERALDA AZUL,S,183920,Disponible,2,Oasis Natural: cantidades de la dueña
RSONBI021-M,costa-esmeralda-azul,COSTA ESMERALDA AZUL,M,183920,Disponible,3,Oasis Natural: cantidades de la dueña
RSONBI021-L,costa-esmeralda-azul,COSTA ESMERALDA AZUL,L,183920,Disponible,1,Oasis Natural: cantidades de la dueña
LG-ESP-000003-S,entero-golden-hour,ENTERO GOLDEN HOUR,S,183920,Disponible,1,Estándar provisional de la dueña: 1 unidad por talla
LG-ESP-000003-M,entero-golden-hour,ENTERO GOLDEN HOUR,M,183920,Disponible,1,Estándar provisional de la dueña: 1 unidad por talla
LG-ESP-000003-L,entero-golden-hour,ENTERO GOLDEN HOUR,L,183920,Disponible,1,Estándar provisional de la dueña: 1 unidad por talla
RSONBI023-S,costa-esmeralda-negro,COSTA ESMERALDA NEGRO,S,183920,Disponible,2,Oasis Natural: cantidades de la dueña
RSONBI023-M,costa-esmeralda-negro,COSTA ESMERALDA NEGRO,M,183920,Disponible,3,Oasis Natural: cantidades de la dueña
RSONBI023-L,costa-esmeralda-negro,COSTA ESMERALDA NEGRO,L,183920,Disponible,1,Oasis Natural: cantidades de la dueña
RSONEN011-S,oasis-serena-azul,OASIS SERENA AZUL,S,199920,Disponible,2,Oasis Natural: cantidades de la dueña
RSONEN011-M,oasis-serena-azul,OASIS SERENA AZUL,M,199920,Disponible,3,Oasis Natural: cantidades de la dueña
RSONEN011-L,oasis-serena-azul,OASIS SERENA AZUL,L,199920,Disponible,1,Oasis Natural: cantidades de la dueña
RSONEN024-S,brisa-natural-naranja,BRISA NATURAL NARANJA,S,199920,Disponible,2,Oasis Natural: cantidades de la dueña
RSONEN024-M,brisa-natural-naranja,BRISA NATURAL NARANJA,M,199920,Disponible,3,Oasis Natural: cantidades de la dueña
RSONEN024-L,brisa-natural-naranja,BRISA NATURAL NARANJA,L,199920,Disponible,1,Oasis Natural: cantidades de la dueña
RSONBI013-S,arena-dorada-negro,ARENA DORADA NEGRO,S,183920,Disponible,2,Oasis Natural: cantidades de la dueña
RSONBI013-M,arena-dorada-negro,ARENA DORADA NEGRO,M,183920,Disponible,3,Oasis Natural: cantidades de la dueña
RSONBI013-L,arena-dorada-negro,ARENA DORADA NEGRO,L,183920,Disponible,1,Oasis Natural: cantidades de la dueña
RSONEN013-S,oasis-serena-negro,OASIS SERENA NEGRO,S,199920,Disponible,2,Oasis Natural: cantidades de la dueña
RSONEN013-M,oasis-serena-negro,OASIS SERENA NEGRO,M,199920,Disponible,3,Oasis Natural: cantidades de la dueña
RSONEN013-L,oasis-serena-negro,OASIS SERENA NEGRO,L,199920,Disponible,1,Oasis Natural: cantidades de la dueña
RSONBI034-S,marea-natural-naranja,MAREA NATURAL NARANJA,S,183920,Disponible,2,Oasis Natural: cantidades de la dueña
RSONBI034-M,marea-natural-naranja,MAREA NATURAL NARANJA,M,183920,Disponible,3,Oasis Natural: cantidades de la dueña
RSONBI034-L,marea-natural-naranja,MAREA NATURAL NARANJA,L,183920,Disponible,1,Oasis Natural: cantidades de la dueña
LG-ESP-000006-S,bikini-shadow-azul-marino,BIKINI SHADOW NEGRO,S,159920,Disponible,1,Estándar provisional de la dueña: 1 unidad por talla
LG-ESP-000006-M,bikini-shadow-azul-marino,BIKINI SHADOW NEGRO,M,159920,Disponible,1,Estándar provisional de la dueña: 1 unidad por talla
LG-ESP-000006-L,bikini-shadow-azul-marino,BIKINI SHADOW NEGRO,L,159920,Disponible,1,Estándar provisional de la dueña: 1 unidad por talla
LG-AUR-000003-S,alba-dorada-lila,ALBA DORADA LILA,S,167920,Disponible,1,Estándar provisional de la dueña: 1 unidad por talla
LG-AUR-000003-M,alba-dorada-lila,ALBA DORADA LILA,M,167920,Disponible,1,Estándar provisional de la dueña: 1 unidad por talla
LG-AUR-000003-L,alba-dorada-lila,ALBA DORADA LILA,L,167920,Disponible,1,Estándar provisional de la dueña: 1 unidad por talla
LG-AUR-000003-XL,alba-dorada-lila,ALBA DORADA LILA,XL,167920,Disponible,1,Estándar provisional de la dueña: 1 unidad por talla
LG-AUR-000004-S,raices-del-sol-azul-oscuro,RAÍCES DEL SOL AZUL OSCURO,S,167920,Disponible,1,Estándar provisional de la dueña: 1 unidad por talla
LG-AUR-000004-M,raices-del-sol-azul-oscuro,RAÍCES DEL SOL AZUL OSCURO,M,167920,Disponible,1,Estándar provisional de la dueña: 1 unidad por talla
LG-AUR-000004-L,raices-del-sol-azul-oscuro,RAÍCES DEL SOL AZUL OSCURO,L,167920,Disponible,1,Estándar provisional de la dueña: 1 unidad por talla
LG-AUR-000004-XL,raices-del-sol-azul-oscuro,RAÍCES DEL SOL AZUL OSCURO,XL,167920,Disponible,1,Estándar provisional de la dueña: 1 unidad por talla
LG-AUR-000009-S,camiseta-solar-waves-negro,CAMISETA SOLAR WAVES NEGRO,S,159920,Disponible,1,Estándar provisional de la dueña: 1 unidad por talla
LG-AUR-000009-M,camiseta-solar-waves-negro,CAMISETA SOLAR WAVES NEGRO,M,159920,Disponible,1,Estándar provisional de la dueña: 1 unidad por talla
LG-AUR-000009-L y XL,camiseta-solar-waves-negro,CAMISETA SOLAR WAVES NEGRO,L y XL,159920,Disponible,1,Estándar provisional de la dueña: 1 unidad por talla
LG-AUR-000006-S,amanecer-dorado-terracota,AMANECER DORADO TERRACOTA,S,167920,Disponible,1,Estándar provisional de la dueña: 1 unidad por talla
LG-AUR-000006-M,amanecer-dorado-terracota,AMANECER DORADO TERRACOTA,M,167920,Disponible,1,Estándar provisional de la dueña: 1 unidad por talla
LG-AUR-000006-L,amanecer-dorado-terracota,AMANECER DORADO TERRACOTA,L,167920,Disponible,1,Estándar provisional de la dueña: 1 unidad por talla
LG-AUR-000006-XL,amanecer-dorado-terracota,AMANECER DORADO TERRACOTA,XL,167920,Disponible,1,Estándar provisional de la dueña: 1 unidad por talla
LG-AUR-000005-S,sol-interno-beige-suave,SOL INTERNO BEIGE SUAVE,S,167920,Disponible,1,Estándar provisional de la dueña: 1 unidad por talla
LG-AUR-000005-M,sol-interno-beige-suave,SOL INTERNO BEIGE SUAVE,M,167920,Disponible,1,Estándar provisional de la dueña: 1 unidad por talla
LG-AUR-000005-L,sol-interno-beige-suave,SOL INTERNO BEIGE SUAVE,L,167920,Disponible,1,Estándar provisional de la dueña: 1 unidad por talla
LG-AUR-000005-XL,sol-interno-beige-suave,SOL INTERNO BEIGE SUAVE,XL,167920,Disponible,1,Estándar provisional de la dueña: 1 unidad por talla
LG-HOM-000002-S,sol-interno-cafe-claro,SOL INTERNO CAFÉ CLARO,S,167920,Disponible,1,Estándar provisional de la dueña: 1 unidad por talla
LG-HOM-000002-M,sol-interno-cafe-claro,SOL INTERNO CAFÉ CLARO,M,167920,Disponible,1,Estándar provisional de la dueña: 1 unidad por talla
LG-HOM-000002-L,sol-interno-cafe-claro,SOL INTERNO CAFÉ CLARO,L,167920,Disponible,1,Estándar provisional de la dueña: 1 unidad por talla
LG-HOM-000002-XL,sol-interno-cafe-claro,SOL INTERNO CAFÉ CLARO,XL,167920,Disponible,1,Estándar provisional de la dueña: 1 unidad por talla
LG-ESP-000008-S,enterizo-shadow-palm-azul-marino,ENTERIZO SHADOW PALM NEGRO,S,183920,Disponible,1,Estándar provisional de la dueña: 1 unidad por talla
LG-ESP-000008-M,enterizo-shadow-palm-azul-marino,ENTERIZO SHADOW PALM NEGRO,M,183920,Disponible,1,Estándar provisional de la dueña: 1 unidad por talla
LG-ESP-000008-L,enterizo-shadow-palm-azul-marino,ENTERIZO SHADOW PALM NEGRO,L,183920,Disponible,1,Estándar provisional de la dueña: 1 unidad por talla
LG-HOM-000003-S,amanecer-dorado-lila,AMANECER DORADO LILA,S,167920,Disponible,1,Estándar provisional de la dueña: 1 unidad por talla
LG-HOM-000003-M,amanecer-dorado-lila,AMANECER DORADO LILA,M,167920,Disponible,1,Estándar provisional de la dueña: 1 unidad por talla
LG-HOM-000003-L,amanecer-dorado-lila,AMANECER DORADO LILA,L,167920,Disponible,1,Estándar provisional de la dueña: 1 unidad por talla
LG-HOM-000003-XL,amanecer-dorado-lila,AMANECER DORADO LILA,XL,167920,Disponible,1,Estándar provisional de la dueña: 1 unidad por talla
LG-AUR-000007-S,aurora-total-azul-oscuro,AURORA TOTAL AZUL OSCURO,S,183920,Disponible,1,Estándar provisional de la dueña: 1 unidad por talla
LG-AUR-000007-M,aurora-total-azul-oscuro,AURORA TOTAL AZUL OSCURO,M,183920,Disponible,1,Estándar provisional de la dueña: 1 unidad por talla
LG-AUR-000007-L,aurora-total-azul-oscuro,AURORA TOTAL AZUL OSCURO,L,183920,Disponible,1,Estándar provisional de la dueña: 1 unidad por talla
LG-AUR-000007-XL,aurora-total-azul-oscuro,AURORA TOTAL AZUL OSCURO,XL,183920,Disponible,1,Estándar provisional de la dueña: 1 unidad por talla
LG-ESP-000004-S,bikini-waves-terracota,BIKINI WAVES TERRACOTA,S,159920,Disponible,1,Estándar provisional de la dueña: 1 unidad por talla
LG-ESP-000004-M,bikini-waves-terracota,BIKINI WAVES TERRACOTA,M,159920,Disponible,1,Estándar provisional de la dueña: 1 unidad por talla
LG-ESP-000004-L,bikini-waves-terracota,BIKINI WAVES TERRACOTA,L,159920,Disponible,1,Estándar provisional de la dueña: 1 unidad por talla
LG-AUR-000008-S,aurora-total-terracota,AURORA TOTAL TERRACOTA,S,183920,Disponible,1,Estándar provisional de la dueña: 1 unidad por talla
LG-AUR-000008-M,aurora-total-terracota,AURORA TOTAL TERRACOTA,M,183920,Disponible,1,Estándar provisional de la dueña: 1 unidad por talla
LG-AUR-000008-L,aurora-total-terracota,AURORA TOTAL TERRACOTA,L,183920,Disponible,1,Estándar provisional de la dueña: 1 unidad por talla
LG-AUR-000008-XL,aurora-total-terracota,AURORA TOTAL TERRACOTA,XL,183920,Disponible,1,Estándar provisional de la dueña: 1 unidad por talla
LG-ESP-000009-S,bikini-foam,BIKINI FOAM,S,159920,Disponible,1,Estándar provisional de la dueña: 1 unidad por talla
LG-ESP-000009-M,bikini-foam,BIKINI FOAM,M,159920,Disponible,1,Estándar provisional de la dueña: 1 unidad por talla
LG-ESP-000009-L,bikini-foam,BIKINI FOAM,L,159920,Disponible,1,Estándar provisional de la dueña: 1 unidad por talla
LG-ESP-000005-S,bikini-waves-verde-oliva,BIKINI WAVES VERDE OLIVA,S,159920,Disponible,1,Estándar provisional de la dueña: 1 unidad por talla
LG-ESP-000005-M,bikini-waves-verde-oliva,BIKINI WAVES VERDE OLIVA,M,159920,Disponible,1,Estándar provisional de la dueña: 1 unidad por talla
LG-ESP-000005-L,bikini-waves-verde-oliva,BIKINI WAVES VERDE OLIVA,L,159920,Disponible,1,Estándar provisional de la dueña: 1 unidad por talla
LG-AUR-000002-S,alba-dorada-beige-suave,ALBA DORADA BEIGE SUAVE,S,167920,Disponible,1,Estándar provisional de la dueña: 1 unidad por talla
LG-AUR-000002-M,alba-dorada-beige-suave,ALBA DORADA BEIGE SUAVE,M,167920,Disponible,1,Estándar provisional de la dueña: 1 unidad por talla
LG-AUR-000002-L,alba-dorada-beige-suave,ALBA DORADA BEIGE SUAVE,L,167920,Disponible,1,Estándar provisional de la dueña: 1 unidad por talla
LG-AUR-000002-XL,alba-dorada-beige-suave,ALBA DORADA BEIGE SUAVE,XL,167920,Disponible,1,Estándar provisional de la dueña: 1 unidad por talla
RSONBI012-S,arena-dorada-beige,ARENA DORADA BEIGE,S,183920,Disponible,2,Oasis Natural: cantidades de la dueña
RSONBI012-M,arena-dorada-beige,ARENA DORADA BEIGE,M,183920,Disponible,3,Oasis Natural: cantidades de la dueña
RSONBI012-L,arena-dorada-beige,ARENA DORADA BEIGE,L,183920,Disponible,1,Oasis Natural: cantidades de la dueña
RSONBI032-S,marea-natural,MAREA NATURAL BEIGE,S,183920,Disponible,2,Oasis Natural: cantidades de la dueña
RSONBI032-M,marea-natural,MAREA NATURAL BEIGE,M,183920,Disponible,3,Oasis Natural: cantidades de la dueña
RSONBI032-L,marea-natural,MAREA NATURAL BEIGE,L,183920,Disponible,1,Oasis Natural: cantidades de la dueña
LG-AUR-000001-S,alba-dorada-cafe-claro,ALBA DORADA CAFÉ CLARO,S,167920,Disponible,1,Estándar provisional de la dueña: 1 unidad por talla
LG-AUR-000001-M,alba-dorada-cafe-claro,ALBA DORADA CAFÉ CLARO,M,167920,Disponible,1,Estándar provisional de la dueña: 1 unidad por talla
LG-AUR-000001-L,alba-dorada-cafe-claro,ALBA DORADA CAFÉ CLARO,L,167920,Disponible,1,Estándar provisional de la dueña: 1 unidad por talla
LG-AUR-000001-XL,alba-dorada-cafe-claro,ALBA DORADA CAFÉ CLARO,XL,167920,NO SE MUESTRA HOY EN EL SITIO ACTUAL,1,XL conservada por decisión de la dueña; estándar provisional 1
LG-HOM-000001-S,raices-del-sol-beige-suave,RAÍCES DEL SOL BEIGE SUAVE,S,167920,Disponible,1,Estándar provisional de la dueña: 1 unidad por talla
LG-HOM-000001-M,raices-del-sol-beige-suave,RAÍCES DEL SOL BEIGE SUAVE,M,167920,Disponible,1,Estándar provisional de la dueña: 1 unidad por talla
LG-HOM-000001-L,raices-del-sol-beige-suave,RAÍCES DEL SOL BEIGE SUAVE,L,167920,Disponible,1,Estándar provisional de la dueña: 1 unidad por talla
LG-HOM-000001-XL,raices-del-sol-beige-suave,RAÍCES DEL SOL BEIGE SUAVE,XL,167920,Disponible,1,Estándar provisional de la dueña: 1 unidad por talla
LG-ESP-000007-S,bikini-palm-verde-oliva,BIKINI PALM VERDE OLIVA,S,159920,Disponible,1,Estándar provisional de la dueña: 1 unidad por talla
LG-ESP-000007-M,bikini-palm-verde-oliva,BIKINI PALM VERDE OLIVA,M,159920,Disponible,1,Estándar provisional de la dueña: 1 unidad por talla
LG-ESP-000007-L,bikini-palm-verde-oliva,BIKINI PALM VERDE OLIVA,L,159920,Disponible,1,Estándar provisional de la dueña: 1 unidad por talla
