URL handle,Title,Description,Vendor,Type,Tags,Published on online store,Status,Option1 name,Option1 value,SKU,Price,Compare-at price,Inventory tracker,Continue selling when out of stock,Fulfillment service,Requires shipping,Product image URL,Image position,Image alt text,Collection,Color (product.metafields.custom.color)
brisa-natural-beige,BRISA NATURAL BEIGE,"<p>Inspirado en la serenidad de los días de playa, este vestido de baño enterizo combina un tono beige natural con una silueta de líneas limpias.</p><ul><li>Escote profundo en V.</li><li>Tirantes ajustables que se unen en la espalda con un detalle dorado.</li><li>Espalda abierta y corte alto en las piernas.</li><li>Tejido texturizado con forro interior.</li></ul>",Radaelli Swimwear,Oasis Natural,,true,active,Talla,S,RSONEN022-S,199920,249900,,deny,manual,true,https://res.cloudinary.com/n8l3p85c/image/upload/v1789406102/lago/products/kepyvufdwbuxd8epyeir.jpg,1,BRISA NATURAL BEIGE,Oasis Natural,BEIGE
brisa-natural-beige,,,,,,,,Talla,M,RSONEN022-M,199920,249900,,deny,manual,true,https://res.cloudinary.com/n8l3p85c/image/upload/v1789406103/lago/products/vrspc2bydn9fnm914tuy.jpg,2,BRISA NATURAL BEIGE,,
brisa-natural-beige,,,,,,,,Talla,L,RSONEN022-L,199920,249900,,deny,manual,true,https://res.cloudinary.com/n8l3p85c/image/upload/v1789406104/lago/products/o6aabn7gsuqmdzaoizb9.jpg,3,BRISA NATURAL BEIGE,,
costa-esmeralda-azul,COSTA ESMERALDA AZUL,"<p>Inspirado en la frescura del océano, este bikini azul combina una silueta sin tirantes con textura y detalles dorados.</p><ul><li>Brasier strapless fruncido con aro central dorado.</li><li>Amarre ajustable en la espalda.</li><li>Panty con fruncido posterior.</li><li>Tejido texturizado con forro interior.</li></ul>",Radaelli Swimwear,Oasis Natural,,true,active,Talla,S,RSONBI021-S,183920,229900,,deny,manual,true,https://res.cloudinary.com/n8l3p85c/image/upload/v1789406110/lago/products/tkd231tnkwhbo0mhrkfi.jpg,1,COSTA ESMERALDA AZUL,Oasis Natural,AZUL
costa-esmeralda-azul,,,,,,,,Talla,M,RSONBI021-M,183920,229900,,deny,manual,true,https://res.cloudinary.com/n8l3p85c/image/upload/v1789406111/lago/products/rcrnan574rd72vb8zg1k.jpg,2,COSTA ESMERALDA AZUL,,
costa-esmeralda-azul,,,,,,,,Talla,L,RSONBI021-L,183920,229900,,deny,manual,true,https://res.cloudinary.com/n8l3p85c/image/upload/v1789406113/lago/products/iairwygzkllwiwoiyr8a.jpg,3,COSTA ESMERALDA AZUL,,
entero-golden-hour,ENTERO GOLDEN HOUR,"<p>La calidez de la hora dorada en un vestido de baño enterizo de escote profundo, con drapeados que acompañan el diseño.</p><ul><li>Escote en V y espalda abierta.</li><li>Tiras largas para crear dos formas de amarre.</li><li>Banda drapeada sobre el abdomen y fruncido posterior.</li></ul>",Radaelli Swimwear,Espuma de Ola,,true,active,Talla,S,LG-ESP-000003-S,183920,229900,,deny,manual,true,https://res.cloudinary.com/n8l3p85c/image/upload/v1787590592/lago/products/ntmwaweeyp0ti0d5xae6.jpg,1,ENTERO GOLDEN HOUR,Espuma de Ola,MOSTAZA
entero-golden-hour,,,,,,,,Talla,M,LG-ESP-000003-M,183920,229900,,deny,manual,true,https://res.cloudinary.com/n8l3p85c/image/upload/v1787590588/lago/products/sj2m0w4lsde0ah5wmlow.jpg,2,ENTERO GOLDEN HOUR,,
entero-golden-hour,,,,,,,,Talla,L,LG-ESP-000003-L,183920,229900,,deny,manual,true,https://res.cloudinary.com/n8l3p85c/image/upload/v1787590590/lago/products/gxulsuql99djdm7ocvjy.jpg,3,ENTERO GOLDEN HOUR,,
costa-esmeralda-negro,COSTA ESMERALDA NEGRO,"<p>Un bikini negro de líneas definidas, inspirado en el contraste de los paisajes costeros y la elegancia de lo esencial.</p><ul><li>Brasier strapless fruncido con aro central dorado.</li><li>Amarre ajustable en la espalda.</li><li>Panty con fruncido posterior.</li><li>Tejido texturizado con forro interior.</li></ul>",Radaelli Swimwear,Oasis Natural,,true,active,Talla,S,RSONBI023-S,183920,229900,,deny,manual,true,https://res.cloudinary.com/n8l3p85c/image/upload/v1789406115/lago/products/gzvuttykyhk2nsmt1ih0.jpg,1,COSTA ESMERALDA NEGRO,Oasis Natural,NEGRO
costa-esmeralda-negro,,,,,,,,Talla,M,RSONBI023-M,183920,229900,,deny,manual,true,https://res.cloudinary.com/n8l3p85c/image/upload/v1789406116/lago/products/fn4l6qnp41fpcjdgru84.jpg,2,COSTA ESMERALDA NEGRO,,
costa-esmeralda-negro,,,,,,,,Talla,L,RSONBI023-L,183920,229900,,deny,manual,true,https://res.cloudinary.com/n8l3p85c/image/upload/v1789406117/lago/products/rol1eqb6qlmpnhy0lmka.jpg,3,COSTA ESMERALDA NEGRO,,
oasis-serena-azul,OASIS SERENA AZUL,"<p>Inspirado en la calma del océano, este vestido de baño enterizo azul combina un escote profundo con una banda envolvente en la cintura.</p><ul><li>Escote en V y amarre halter ajustable al cuello.</li><li>Espalda descubierta.</li><li>Banda anudada en la cintura y detalles dorados.</li><li>Tejido texturizado con forro interior.</li></ul>",Radaelli Swimwear,Oasis Natural,,true,active,Talla,S,RSONEN011-S,199920,249900,,deny,manual,true,https://res.cloudinary.com/n8l3p85c/image/upload/v1789406364/lago/products/tmllh71jv3hhezujpqdn.jpg,1,OASIS SERENA AZUL,Oasis Natural,AZUL
oasis-serena-azul,,,,,,,,Talla,M,RSONEN011-M,199920,249900,,deny,manual,true,https://res.cloudinary.com/n8l3p85c/image/upload/v1789406366/lago/products/cadhxnnu5rtyhy1et88g.jpg,2,OASIS SERENA AZUL,,
oasis-serena-azul,,,,,,,,Talla,L,RSONEN011-L,199920,249900,,deny,manual,true,https://res.cloudinary.com/n8l3p85c/image/upload/v1789406367/lago/products/sjidro8i0njbpqp6r1po.jpg,3,OASIS SERENA AZUL,,
brisa-natural-naranja,BRISA NATURAL NARANJA,"<p>Inspirado en la calidez de la brisa al atardecer, este vestido de baño enterizo naranja aporta color a una silueta de líneas limpias.</p><ul><li>Escote profundo en V.</li><li>Tirantes ajustables que se unen en la espalda con un detalle dorado.</li><li>Espalda abierta y corte alto en las piernas.</li><li>Tejido texturizado con forro interior.</li></ul>",Radaelli Swimwear,Oasis Natural,,true,active,Talla,S,RSONEN024-S,199920,249900,,deny,manual,true,https://res.cloudinary.com/n8l3p85c/image/upload/v1789406106/lago/products/fm8pywfhyasqwo06fctu.jpg,1,BRISA NATURAL NARANJA,Oasis Natural,NARANJA
brisa-natural-naranja,,,,,,,,Talla,M,RSONEN024-M,199920,249900,,deny,manual,true,https://res.cloudinary.com/n8l3p85c/image/upload/v1789406107/lago/products/kjn0rdzp5m1riencejln.jpg,2,BRISA NATURAL NARANJA,,
brisa-natural-naranja,,,,,,,,Talla,L,RSONEN024-L,199920,249900,,deny,manual,true,https://res.cloudinary.com/n8l3p85c/image/upload/v1789406108/lago/products/jjpqmourwnuwdyw3r9zm.jpg,3,BRISA NATURAL NARANJA,,
arena-dorada-negro,ARENA DORADA NEGRO,"<p>Un bikini negro inspirado en el contraste de la costa, con tirantes amplios y una panty de talle alto que definen una silueta atemporal.</p><ul><li>Brasier con tirantes amplios, base ancha y frunce central.</li><li>Cierre dorado en la espalda.</li><li>Panty de talle alto.</li><li>Tejido texturizado con forro interior.</li></ul>",Radaelli Swimwear,Oasis Natural,,true,active,Talla,S,RSONBI013-S,183920,229900,,deny,manual,true,https://res.cloudinary.com/n8l3p85c/image/upload/v1789406098/lago/products/mwep1nr9wm2pmqf1jqw2.jpg,1,ARENA DORADA NEGRO,Oasis Natural,NEGRO
arena-dorada-negro,,,,,,,,Talla,M,RSONBI013-M,183920,229900,,deny,manual,true,https://res.cloudinary.com/n8l3p85c/image/upload/v1789406099/lago/products/mqpasdatvfrqvyn87bmw.jpg,2,ARENA DORADA NEGRO,,
arena-dorada-negro,,,,,,,,Talla,L,RSONBI013-L,183920,229900,,deny,manual,true,https://res.cloudinary.com/n8l3p85c/image/upload/v1789406100/lago/products/tvwy5bscttetb1omzmmd.jpg,3,ARENA DORADA NEGRO,,
oasis-serena-negro,OASIS SERENA NEGRO,<p>La calma también tiene presencia. Este vestido de baño enterizo negro combina un escote profundo con una banda envolvente en la cintura.</p><ul><li>Escote en V y amarre halter ajustable al cuello.</li><li>Espalda descubierta.</li><li>Banda anudada en la cintura y detalles dorados.</li><li>Tejido texturizado con forro interior.</li></ul>,Radaelli Swimwear,Oasis Natural,,true,active,Talla,S,RSONEN013-S,199920,249900,,deny,manual,true,https://res.cloudinary.com/n8l3p85c/image/upload/v1789406368/lago/products/jftalshad8g5d7huswry.jpg,1,OASIS SERENA NEGRO,Oasis Natural,NEGRO
oasis-serena-negro,,,,,,,,Talla,M,RSONEN013-M,199920,249900,,deny,manual,true,https://res.cloudinary.com/n8l3p85c/image/upload/v1789406371/lago/products/ipeqzw4jeym0cfud3xd5.jpg,2,OASIS SERENA NEGRO,,
oasis-serena-negro,,,,,,,,Talla,L,RSONEN013-L,199920,249900,,deny,manual,true,https://res.cloudinary.com/n8l3p85c/image/upload/v1789406372/lago/products/rsodj8qsgkiqzv0ykbjy.jpg,3,OASIS SERENA NEGRO,,
marea-natural-naranja,MAREA NATURAL NARANJA,"<p>Un bikini naranja inspirado en la energía del sol y el movimiento de las olas, con cruce frontal y amarres delicados.</p><ul><li>Brasier triangular con cruce frontal y tiras finas ajustables.</li><li>Panty con amarres laterales y terminaciones doradas.</li><li>Tejido texturizado. Panty con forro interior.</li><li>Brasier con doble capa de tejido exterior y forro intermedio que acompaña el cruce y giro frontal.</li></ul>",Radaelli Swimwear,Oasis Natural,,true,active,Talla,S,RSONBI034-S,183920,229900,,deny,manual,true,https://res.cloudinary.com/n8l3p85c/image/upload/v1789406123/lago/products/p6oxyf5esihrmjqpoq9k.jpg,1,MAREA NATURAL NARANJA,Oasis Natural,NARANJA
marea-natural-naranja,,,,,,,,Talla,M,RSONBI034-M,183920,229900,,deny,manual,true,https://res.cloudinary.com/n8l3p85c/image/upload/v1789406124/lago/products/t3fhubyfqkio4nc8zwhl.jpg,2,MAREA NATURAL NARANJA,,
marea-natural-naranja,,,,,,,,Talla,L,RSONBI034-L,183920,229900,,deny,manual,true,https://res.cloudinary.com/n8l3p85c/image/upload/v1789406126/lago/products/m42lhzsqmejfmtva2ysb.jpg,3,MAREA NATURAL NARANJA,,
bikini-shadow-azul-marino,BIKINI SHADOW NEGRO,"<p>Un bikini negro inspirado en los contrastes del mar, con un diseño sin tirantes que puedes transformar con su tira trenzada.</p><ul><li>Brasier sin tirantes con tira trenzada ajustable y removible.</li><li>Dos bandas fruncidas en la espalda.</li><li>Panty con laterales fruncidos y recogido posterior.</li></ul>",Radaelli Swimwear,Espuma de Ola,,true,active,Talla,S,LG-ESP-000006-S,159920,199900,,deny,manual,true,https://res.cloudinary.com/n8l3p85c/image/upload/v1788476924/lago/products/j4qplrq4g2lp8il7agg7.jpg,1,BIKINI SHADOW NEGRO,Espuma de Ola,NEGRO
bikini-shadow-azul-marino,,,,,,,,Talla,M,LG-ESP-000006-M,159920,199900,,deny,manual,true,https://res.cloudinary.com/n8l3p85c/image/upload/v1788476923/lago/products/yo6487iw4vpicixinie6.jpg,2,BIKINI SHADOW NEGRO,,
bikini-shadow-azul-marino,,,,,,,,Talla,L,LG-ESP-000006-L,159920,199900,,deny,manual,true,https://res.cloudinary.com/n8l3p85c/image/upload/v1788476922/lago/products/vfowskutz7dppefh7cc0.jpg,3,BIKINI SHADOW NEGRO,,
alba-dorada-lila,ALBA DORADA LILA,"<p>Un bikini lila inspirado en la frescura de un nuevo día, con nudo central y una silueta de fruncidos delicados.</p><ul><li>Brasier con nudo central y copas fruncidas.</li><li>Amarres al cuello y en la espalda.</li><li>Panty fruncido con doble tira lateral.</li></ul>",Radaelli Swimwear,Aurora Viva,,true,active,Talla,S,LG-AUR-000003-S,167920,209900,,deny,manual,true,https://res.cloudinary.com/n8l3p85c/image/upload/v1788460189/lago/products/p8ztobejobwqvwvixanw.jpg,1,ALBA DORADA LILA,Aurora Viva,LILA
alba-dorada-lila,,,,,,,,Talla,M,LG-AUR-000003-M,167920,209900,,deny,manual,true,https://res.cloudinary.com/n8l3p85c/image/upload/v1788460191/lago/products/rmdmcn2dh8ms03py0ibj.jpg,2,ALBA DORADA LILA,,
alba-dorada-lila,,,,,,,,Talla,L,LG-AUR-000003-L,167920,209900,,deny,manual,true,https://res.cloudinary.com/n8l3p85c/image/upload/v1788460190/lago/products/yxwmooi1esmridf8kumu.jpg,3,ALBA DORADA LILA,,
alba-dorada-lila,,,,,,,,Talla,XL,LG-AUR-000003-XL,167920,209900,,deny,manual,true,https://res.cloudinary.com/n8l3p85c/image/upload/v1788460192/lago/products/da7qxm9lzwk9zzhdopej.jpg,4,ALBA DORADA LILA,,
raices-del-sol-azul-oscuro,RAÍCES DEL SOL AZUL OSCURO,"<p>Inspirado en la conexión con la naturaleza, este bikini azul oscuro combina un diseño triangular con detalles discretos.</p><ul><li>Brasier triangular con tirantes regulables.</li><li>Amarre en la espalda.</li><li>Panty con fruncido posterior y detalle dorado.</li></ul>",Radaelli Swimwear,Aurora Viva,,true,active,Talla,S,LG-AUR-000004-S,167920,209900,,deny,manual,true,https://res.cloudinary.com/n8l3p85c/image/upload/v1788460378/lago/products/mubn5iuwdw0y3yt22jrk.jpg,1,RAÍCES DEL SOL AZUL OSCURO,Aurora Viva,AZUL OSCURO
raices-del-sol-azul-oscuro,,,,,,,,Talla,M,LG-AUR-000004-M,167920,209900,,deny,manual,true,https://res.cloudinary.com/n8l3p85c/image/upload/v1788460376/lago/products/v4pz7sagpopiw2d5v7gg.jpg,2,RAÍCES DEL SOL AZUL OSCURO,,
raices-del-sol-azul-oscuro,,,,,,,,Talla,L,LG-AUR-000004-L,167920,209900,,deny,manual,true,https://res.cloudinary.com/n8l3p85c/image/upload/v1788460377/lago/products/ez3ivfttyrkrwdl6r0gv.jpg,3,RAÍCES DEL SOL AZUL OSCURO,,
raices-del-sol-azul-oscuro,,,,,,,,Talla,XL,LG-AUR-000004-XL,167920,209900,,deny,manual,true,https://res.cloudinary.com/n8l3p85c/image/upload/v1788460375/lago/products/qncct8ehm4vvp8a91ee1.jpg,4,RAÍCES DEL SOL AZUL OSCURO,,
camiseta-solar-waves-negro,CAMISETA SOLAR WAVES NEGRO,"<p>Inspirada en el movimiento del mar, esta camiseta negra de silueta ajustada acompaña tus días de playa.</p><ul><li>Manga larga.</li><li>Cuello alto y largo corto.</li><li>Diseño liso.</li></ul><p>Incluye únicamente la camiseta. La parte inferior del vestido de baño y el pareo no están incluidos.</p>",Radaelli Swimwear,Aurora Viva,,true,active,Talla,S,LG-AUR-000009-S,159920,199900,,deny,manual,true,https://res.cloudinary.com/n8l3p85c/image/upload/v1788464638/lago/products/odzqchswe5htnmaakfhc.jpg,1,CAMISETA SOLAR WAVES NEGRO,Aurora Viva,NEGRO
camiseta-solar-waves-negro,,,,,,,,Talla,M,LG-AUR-000009-M,159920,199900,,deny,manual,true,https://res.cloudinary.com/n8l3p85c/image/upload/v1788464640/lago/products/frkxty0foqp1nakhalx4.jpg,2,CAMISETA SOLAR WAVES NEGRO,,
camiseta-solar-waves-negro,,,,,,,,Talla,L y XL,LG-AUR-000009-L y XL,159920,199900,,deny,manual,true,https://res.cloudinary.com/n8l3p85c/image/upload/v1788464641/lago/products/v22ivzp7doxm0h1hxkqx.jpg,3,CAMISETA SOLAR WAVES NEGRO,,
amanecer-dorado-terracota,AMANECER DORADO TERRACOTA,"<p>La calidez del amanecer en un bikini terracota que combina fruncidos, un aro dorado y una silueta de talle alto.</p><ul><li>Brasier fruncido con aro central dorado.</li><li>Tirantes finos y amarre en la espalda.</li><li>Panty de talle alto con fruncido posterior.</li></ul>",Radaelli Swimwear,Aurora Viva,,true,active,Talla,S,LG-AUR-000006-S,167920,209900,,deny,manual,true,https://res.cloudinary.com/n8l3p85c/image/upload/v1788463027/lago/products/zosnjqsftcx7qlkogkns.jpg,1,AMANECER DORADO TERRACOTA,Aurora Viva,TERRACOTA
amanecer-dorado-terracota,,,,,,,,Talla,M,LG-AUR-000006-M,167920,209900,,deny,manual,true,https://res.cloudinary.com/n8l3p85c/image/upload/v1788463030/lago/products/msxpzg8jgdfreuuhgs1r.jpg,2,AMANECER DORADO TERRACOTA,,
amanecer-dorado-terracota,,,,,,,,Talla,L,LG-AUR-000006-L,167920,209900,,deny,manual,true,https://res.cloudinary.com/n8l3p85c/image/upload/v1788463029/lago/products/ttsiuvi177prahfagitd.jpg,3,AMANECER DORADO TERRACOTA,,
amanecer-dorado-terracota,,,,,,,,Talla,XL,LG-AUR-000006-XL,167920,209900,,deny,manual,true,,,,,
sol-interno-beige-suave,SOL INTERNO BEIGE SUAVE,"<p>Un bikini beige de inspiración cálida y natural, con bordes fruncidos que aportan movimiento al diseño.</p><ul><li>Brasier triangular con bordes fruncidos.</li><li>Amarres al cuello y en la espalda.</li><li>Panty con bordes fruncidos y amarres laterales.</li></ul>",Radaelli Swimwear,Aurora Viva,,true,active,Talla,S,LG-AUR-000005-S,167920,209900,,deny,manual,true,https://res.cloudinary.com/n8l3p85c/image/upload/v1788462718/lago/products/ug4upvu2jhcc468nbpo2.jpg,1,SOL INTERNO BEIGE SUAVE,Aurora Viva,BEIGE SUAVE
sol-interno-beige-suave,,,,,,,,Talla,M,LG-AUR-000005-M,167920,209900,,deny,manual,true,https://res.cloudinary.com/n8l3p85c/image/upload/v1788462722/lago/products/ni9cidvqmktf0k3ffbns.jpg,2,SOL INTERNO BEIGE SUAVE,,
sol-interno-beige-suave,,,,,,,,Talla,L,LG-AUR-000005-L,167920,209900,,deny,manual,true,https://res.cloudinary.com/n8l3p85c/image/upload/v1788462719/lago/products/zgd1cazybvtplinchtoa.jpg,3,SOL INTERNO BEIGE SUAVE,,
sol-interno-beige-suave,,,,,,,,Talla,XL,LG-AUR-000005-XL,167920,209900,,deny,manual,true,https://res.cloudinary.com/n8l3p85c/image/upload/v1788462721/lago/products/l97vhn4qjpa7wrqzwkf7.jpg,4,SOL INTERNO BEIGE SUAVE,,
sol-interno-cafe-claro,SOL INTERNO CAFÉ CLARO,"<p>La calidez que nace de ti, en un bikini café claro con bordes fruncidos y amarres delicados.</p><ul><li>Brasier triangular con bordes fruncidos.</li><li>Amarres al cuello y en la espalda.</li><li>Panty con bordes fruncidos y amarres laterales.</li></ul>",Radaelli Swimwear,Aurora Viva,,true,active,Talla,S,LG-HOM-000002-S,167920,209900,,deny,manual,true,https://res.cloudinary.com/n8l3p85c/image/upload/v1788462500/lago/products/ivnppqwp162vg0rufigc.jpg,1,SOL INTERNO CAFÉ CLARO,Aurora Viva,CAFÉ CLARO
sol-interno-cafe-claro,,,,,,,,Talla,M,LG-HOM-000002-M,167920,209900,,deny,manual,true,https://res.cloudinary.com/n8l3p85c/image/upload/v1788462503/lago/products/yspq3jl46zzx3qashj6d.jpg,2,SOL INTERNO CAFÉ CLARO,,
sol-interno-cafe-claro,,,,,,,,Talla,L,LG-HOM-000002-L,167920,209900,,deny,manual,true,https://res.cloudinary.com/n8l3p85c/image/upload/v1788462501/lago/products/yckxesaxnhk3znupz9z2.jpg,3,SOL INTERNO CAFÉ CLARO,,
sol-interno-cafe-claro,,,,,,,,Talla,XL,LG-HOM-000002-XL,167920,209900,,deny,manual,true,https://res.cloudinary.com/n8l3p85c/image/upload/v1788462504/lago/products/slbtziwwgh0ofknxrjdk.jpg,4,SOL INTERNO CAFÉ CLARO,,
enterizo-shadow-palm-azul-marino,ENTERIZO SHADOW PALM NEGRO,"<p>Un vestido de baño enterizo negro de inspiración costera, con diseño asimétrico y aberturas que definen la cintura.</p><ul><li>Escote asimétrico con tira amplia sobre un hombro y tira fina removible.</li><li>Aberturas laterales y amarre ajustable en la espalda.</li><li>Fruncido posterior.</li></ul>",Radaelli Swimwear,Espuma de Ola,,true,active,Talla,S,LG-ESP-000008-S,183920,229900,,deny,manual,true,https://res.cloudinary.com/n8l3p85c/image/upload/v1788559410/lago/products/erzcnclji1uecqvknag3.jpg,1,ENTERIZO SHADOW PALM NEGRO,Espuma de Ola,NEGRO
enterizo-shadow-palm-azul-marino,,,,,,,,Talla,M,LG-ESP-000008-M,183920,229900,,deny,manual,true,https://res.cloudinary.com/n8l3p85c/image/upload/v1788559411/lago/products/ufkv3z51zgtt1n6nfrcl.jpg,2,ENTERIZO SHADOW PALM NEGRO,,
enterizo-shadow-palm-azul-marino,,,,,,,,Talla,L,LG-ESP-000008-L,183920,229900,,deny,manual,true,https://res.cloudinary.com/n8l3p85c/image/upload/v1788559409/lago/products/jet4mhrj2lrrppsk10jx.jpg,3,ENTERIZO SHADOW PALM NEGRO,,
amanecer-dorado-lila,AMANECER DORADO LILA,"<p>Un bikini lila de líneas suaves, con un aro dorado que ilumina el diseño y una panty de talle alto.</p><ul><li>Brasier fruncido con aro central dorado.</li><li>Tirantes finos y amarre en la espalda.</li><li>Panty de talle alto con fruncido posterior.</li></ul>",Radaelli Swimwear,Aurora Viva,,true,active,Talla,S,LG-HOM-000003-S,167920,209900,,deny,manual,true,https://res.cloudinary.com/n8l3p85c/image/upload/v1788463214/lago/products/llj4bqlxx259ihlgoe2r.jpg,1,AMANECER DORADO LILA,Aurora Viva,LILA
amanecer-dorado-lila,,,,,,,,Talla,M,LG-HOM-000003-M,167920,209900,,deny,manual,true,https://res.cloudinary.com/n8l3p85c/image/upload/v1788463212/lago/products/kzdurkrob0ygvugwcmze.jpg,2,AMANECER DORADO LILA,,
amanecer-dorado-lila,,,,,,,,Talla,L,LG-HOM-000003-L,167920,209900,,deny,manual,true,https://res.cloudinary.com/n8l3p85c/image/upload/v1788463215/lago/products/ywzmhjzooljzduosdgpb.jpg,3,AMANECER DORADO LILA,,
amanecer-dorado-lila,,,,,,,,Talla,XL,LG-HOM-000003-XL,167920,209900,,deny,manual,true,https://res.cloudinary.com/n8l3p85c/image/upload/v1788463213/lago/products/bg4aeq80ngv3fkymhwlz.jpg,4,AMANECER DORADO LILA,,
aurora-total-azul-oscuro,AURORA TOTAL AZUL OSCURO,"<p>Inspirado en la plenitud de un nuevo día, este vestido de baño enterizo azul oscuro combina un frente limpio con una espalda de tiras cruzadas.</p><ul><li>Escote recto y tirantes finos.</li><li>Aberturas laterales y espalda abierta con tiras cruzadas.</li><li>Amarre posterior y fruncido en la parte inferior de la espalda.</li></ul>",Radaelli Swimwear,Aurora Viva,,true,active,Talla,S,LG-AUR-000007-S,183920,229900,,deny,manual,true,https://res.cloudinary.com/n8l3p85c/image/upload/v1788463590/lago/products/me6gi8wxdunyqn4z2uhz.jpg,1,AURORA TOTAL AZUL OSCURO,Aurora Viva,AZUL OSCURO
aurora-total-azul-oscuro,,,,,,,,Talla,M,LG-AUR-000007-M,183920,229900,,deny,manual,true,https://res.cloudinary.com/n8l3p85c/image/upload/v1788463592/lago/products/jzuk8qbs3lwibhhibyl8.jpg,2,AURORA TOTAL AZUL OSCURO,,
aurora-total-azul-oscuro,,,,,,,,Talla,L,LG-AUR-000007-L,183920,229900,,deny,manual,true,https://res.cloudinary.com/n8l3p85c/image/upload/v1788463591/lago/products/rau0twjdw512m5wzahdn.jpg,3,AURORA TOTAL AZUL OSCURO,,
aurora-total-azul-oscuro,,,,,,,,Talla,XL,LG-AUR-000007-XL,183920,229900,,deny,manual,true,,,,,
bikini-waves-terracota,BIKINI WAVES TERRACOTA,"<p>Inspirado en el movimiento de las olas, este bikini terracota combina una silueta triangular clásica con amarres delicados y detalles dorados.</p><ul><li>Brasier triangular con amarres al cuello y en la espalda.</li><li>Panty con amarres laterales y fruncido posterior.</li><li>Terminaciones y detalle posterior dorados.</li></ul>",Radaelli Swimwear,Espuma de Ola,,true,active,Talla,S,LG-ESP-000004-S,159920,199900,,deny,manual,true,https://res.cloudinary.com/n8l3p85c/image/upload/v1788466327/lago/products/lwmwjddaixkjdt2i3qxw.jpg,1,BIKINI WAVES TERRACOTA,Espuma de Ola,TERRACOTA
bikini-waves-terracota,,,,,,,,Talla,M,LG-ESP-000004-M,159920,199900,,deny,manual,true,https://res.cloudinary.com/n8l3p85c/image/upload/v1788466326/lago/products/itdwehriebwkxpyskrlh.jpg,2,BIKINI WAVES TERRACOTA,,
bikini-waves-terracota,,,,,,,,Talla,L,LG-ESP-000004-L,159920,199900,,deny,manual,true,https://res.cloudinary.com/n8l3p85c/image/upload/v1788466325/lago/products/iulbshdkyvibrgh3gq9z.jpg,3,BIKINI WAVES TERRACOTA,,
aurora-total-terracota,AURORA TOTAL TERRACOTA,"<p>La energía del amanecer en un vestido de baño enterizo terracota, con líneas limpias y una espalda de tiras cruzadas.</p><ul><li>Escote recto y tirantes finos.</li><li>Aberturas laterales y espalda abierta con tiras cruzadas.</li><li>Amarre posterior y fruncido en la parte inferior de la espalda.</li></ul>",Radaelli Swimwear,Aurora Viva,,true,active,Talla,S,LG-AUR-000008-S,183920,229900,,deny,manual,true,https://res.cloudinary.com/n8l3p85c/image/upload/v1788463946/lago/products/hji9tneb2knylosvr3ga.jpg,1,AURORA TOTAL TERRACOTA,Aurora Viva,TERRACOTA
aurora-total-terracota,,,,,,,,Talla,M,LG-AUR-000008-M,183920,229900,,deny,manual,true,https://res.cloudinary.com/n8l3p85c/image/upload/v1788463948/lago/products/g0ykeue7dm6tyfbb4woi.jpg,2,AURORA TOTAL TERRACOTA,,
aurora-total-terracota,,,,,,,,Talla,L,LG-AUR-000008-L,183920,229900,,deny,manual,true,https://res.cloudinary.com/n8l3p85c/image/upload/v1788463947/lago/products/anjp43hk9jj4aehcshag.jpg,3,AURORA TOTAL TERRACOTA,,
aurora-total-terracota,,,,,,,,Talla,XL,LG-AUR-000008-XL,183920,229900,,deny,manual,true,https://res.cloudinary.com/n8l3p85c/image/upload/v1788463949/lago/products/aqa95gtdku1sr3p0jmi8.jpg,4,AURORA TOTAL TERRACOTA,,
bikini-foam,BIKINI FOAM,"<p>Inspirado en la suavidad de la espuma del mar, este bikini blanco combina nudos delicados con un drapeado frontal.</p><ul><li>Brasier triangular con nudos en las tiras.</li><li>Tiras cruzadas y amarre ajustable en la espalda.</li><li>Panty de talle alto con drapeado sobre el abdomen y fruncido posterior.</li></ul>",Radaelli Swimwear,Espuma de Ola,,true,active,Talla,S,LG-ESP-000009-S,159920,199900,,deny,manual,true,https://res.cloudinary.com/n8l3p85c/image/upload/v1788560767/lago/products/jwbjg9lzzseushtygsih.jpg,1,BIKINI FOAM,Espuma de Ola,BLANCO
bikini-foam,,,,,,,,Talla,M,LG-ESP-000009-M,159920,199900,,deny,manual,true,https://res.cloudinary.com/n8l3p85c/image/upload/v1788560765/lago/products/vmnmtvxcrajthb6zqdiy.jpg,2,BIKINI FOAM,,
bikini-foam,,,,,,,,Talla,L,LG-ESP-000009-L,159920,199900,,deny,manual,true,https://res.cloudinary.com/n8l3p85c/image/upload/v1788560766/lago/products/otwdu5dfivemrbdxwt05.jpg,3,BIKINI FOAM,,
bikini-waves-verde-oliva,BIKINI WAVES VERDE OLIVA,"<p>La calma de la costa en un bikini verde oliva de silueta triangular, con amarres delicados y detalles dorados.</p><ul><li>Brasier triangular con amarres al cuello y en la espalda.</li><li>Panty con amarres laterales y fruncido posterior.</li><li>Terminaciones y detalle posterior dorados.</li></ul>",Radaelli Swimwear,Espuma de Ola,,true,active,Talla,S,LG-ESP-000005-S,159920,199900,,deny,manual,true,https://res.cloudinary.com/n8l3p85c/image/upload/v1788476639/lago/products/rciohzp4nltza1hz1rm1.jpg,1,BIKINI WAVES VERDE OLIVA,Espuma de Ola,VERDE OLIVA
bikini-waves-verde-oliva,,,,,,,,Talla,M,LG-ESP-000005-M,159920,199900,,deny,manual,true,https://res.cloudinary.com/n8l3p85c/image/upload/v1788476638/lago/products/vycbggsnh1ilmzkmrrni.jpg,2,BIKINI WAVES VERDE OLIVA,,
bikini-waves-verde-oliva,,,,,,,,Talla,L,LG-ESP-000005-L,159920,199900,,deny,manual,true,https://res.cloudinary.com/n8l3p85c/image/upload/v1788476637/lago/products/jqxvlnfgwjwuiporhaam.jpg,3,BIKINI WAVES VERDE OLIVA,,
alba-dorada-beige-suave,ALBA DORADA BEIGE SUAVE,"<p>La suavidad del amanecer en un bikini beige de líneas delicadas, con nudo central y detalles fruncidos.</p><ul><li>Brasier con nudo central y copas fruncidas.</li><li>Amarres al cuello y en la espalda.</li><li>Panty fruncido con doble tira lateral.</li></ul>",Radaelli Swimwear,Aurora Viva,,true,active,Talla,S,LG-AUR-000002-S,167920,209900,,deny,manual,true,https://res.cloudinary.com/n8l3p85c/image/upload/v1788459551/lago/products/i6t6fky2py7opce445tn.jpg,1,ALBA DORADA BEIGE SUAVE,Aurora Viva,BEIGE SUAVE
alba-dorada-beige-suave,,,,,,,,Talla,M,LG-AUR-000002-M,167920,209900,,deny,manual,true,https://res.cloudinary.com/n8l3p85c/image/upload/v1788459547/lago/products/kw254g4rby9v30otymwk.jpg,2,ALBA DORADA BEIGE SUAVE,,
alba-dorada-beige-suave,,,,,,,,Talla,L,LG-AUR-000002-L,167920,209900,,deny,manual,true,https://res.cloudinary.com/n8l3p85c/image/upload/v1788459554/lago/products/m7z6qd7lvg9sok87tvrm.jpg,3,ALBA DORADA BEIGE SUAVE,,
alba-dorada-beige-suave,,,,,,,,Talla,XL,LG-AUR-000002-XL,167920,209900,,deny,manual,true,,,,,
arena-dorada-beige,ARENA DORADA BEIGE,"<p>Inspirado en la luz sobre la arena, este bikini beige combina tirantes amplios y una panty de talle alto en una silueta atemporal.</p><ul><li>Brasier con tirantes amplios, base ancha y frunce central.</li><li>Cierre dorado en la espalda.</li><li>Panty de talle alto.</li><li>Tejido texturizado con forro interior.</li></ul>",Radaelli Swimwear,Oasis Natural,,true,active,Talla,S,RSONBI012-S,183920,229900,,deny,manual,true,https://res.cloudinary.com/n8l3p85c/image/upload/v1789406092/lago/products/i0emhvabx5ur8nolasvd.jpg,1,ARENA DORADA BEIGE,Oasis Natural,BEIGE
arena-dorada-beige,,,,,,,,Talla,M,RSONBI012-M,183920,229900,,deny,manual,true,https://res.cloudinary.com/n8l3p85c/image/upload/v1789406095/lago/products/cna9db3j4rcoobedjdub.jpg,2,ARENA DORADA BEIGE,,
arena-dorada-beige,,,,,,,,Talla,L,RSONBI012-L,183920,229900,,deny,manual,true,https://res.cloudinary.com/n8l3p85c/image/upload/v1789406096/lago/products/qrhl1otdaqjipztumgap.jpg,3,ARENA DORADA BEIGE,,
marea-natural,MAREA NATURAL BEIGE,"<p>Inspirado en el movimiento del mar y la suavidad de la arena, este bikini beige combina un cruce frontal con amarres delicados.</p><ul><li>Brasier triangular con cruce frontal y tiras finas ajustables.</li><li>Panty con amarres laterales y terminaciones doradas.</li><li>Tejido texturizado. Panty con forro interior.</li><li>Brasier con doble capa de tejido exterior y forro intermedio que acompaña el cruce y giro frontal.</li></ul>",Radaelli Swimwear,Oasis Natural,,true,active,Talla,S,RSONBI032-S,183920,229900,,deny,manual,true,https://res.cloudinary.com/n8l3p85c/image/upload/v1789406119/lago/products/z4rfoq5aafurzpc9chae.jpg,1,MAREA NATURAL BEIGE,Oasis Natural,BEIGE
marea-natural,,,,,,,,Talla,M,RSONBI032-M,183920,229900,,deny,manual,true,https://res.cloudinary.com/n8l3p85c/image/upload/v1789406120/lago/products/wivbxtcjdl4boiipcq00.jpg,2,MAREA NATURAL BEIGE,,
marea-natural,,,,,,,,Talla,L,RSONBI032-L,183920,229900,,deny,manual,true,https://res.cloudinary.com/n8l3p85c/image/upload/v1789406121/lago/products/fzv6tegei2lvlbqagwrz.jpg,3,MAREA NATURAL BEIGE,,
alba-dorada-cafe-claro,ALBA DORADA CAFÉ CLARO,"<p>Inspirado en los primeros rayos del sol, este bikini café claro combina un nudo central con delicados fruncidos.</p><ul><li>Brasier con nudo central y copas fruncidas.</li><li>Amarres al cuello y en la espalda.</li><li>Panty fruncido con doble tira lateral.</li></ul>",Radaelli Swimwear,Aurora Viva,,true,active,Talla,S,LG-AUR-000001-S,167920,209900,,deny,manual,true,https://res.cloudinary.com/n8l3p85c/image/upload/v1788459241/lago/products/sgnrr0ws6w2aci6yvk3e.jpg,1,ALBA DORADA CAFÉ CLARO,Aurora Viva,CAFÉ CLARO
alba-dorada-cafe-claro,,,,,,,,Talla,M,LG-AUR-000001-M,167920,209900,,deny,manual,true,https://res.cloudinary.com/n8l3p85c/image/upload/v1788459242/lago/products/ghs94mgfbzft1xu9gdtd.jpg,2,ALBA DORADA CAFÉ CLARO,,
alba-dorada-cafe-claro,,,,,,,,Talla,L,LG-AUR-000001-L,167920,209900,,deny,manual,true,https://res.cloudinary.com/n8l3p85c/image/upload/v1788459243/lago/products/vnmxbvnsdi8vc2gpcryq.jpg,3,ALBA DORADA CAFÉ CLARO,,
alba-dorada-cafe-claro,,,,,,,,Talla,XL,LG-AUR-000001-XL,167920,209900,,deny,manual,true,https://res.cloudinary.com/n8l3p85c/image/upload/v1788459244/lago/products/jrbryuep83m154gbucrw.jpg,4,ALBA DORADA CAFÉ CLARO,,
alba-dorada-cafe-claro,,,,,,,,,,,,,,,,,https://res.cloudinary.com/n8l3p85c/image/upload/v1788459245/lago/products/fw3wm8z6imdeye25qt6j.jpg,5,ALBA DORADA CAFÉ CLARO,,
raices-del-sol-beige-suave,RAÍCES DEL SOL BEIGE SUAVE,"<p>Un bikini beige inspirado en la calma de la tierra al amanecer, con diseño triangular y detalles delicados.</p><ul><li>Brasier triangular con tirantes regulables.</li><li>Amarre en la espalda.</li><li>Panty con fruncido posterior y detalle dorado.</li></ul><p>El pareo se vende por separado.</p>",Radaelli Swimwear,Aurora Viva,,true,active,Talla,S,LG-HOM-000001-S,167920,209900,,deny,manual,true,https://res.cloudinary.com/n8l3p85c/image/upload/v1788462070/lago/products/vljbngbutr1v9bgeccja.jpg,1,RAÍCES DEL SOL BEIGE SUAVE,Aurora Viva,BEIGE SUAVE
raices-del-sol-beige-suave,,,,,,,,Talla,M,LG-HOM-000001-M,167920,209900,,deny,manual,true,https://res.cloudinary.com/n8l3p85c/image/upload/v1788462073/lago/products/znbfs6d7xh8g0fep3fe4.jpg,2,RAÍCES DEL SOL BEIGE SUAVE,,
raices-del-sol-beige-suave,,,,,,,,Talla,L,LG-HOM-000001-L,167920,209900,,deny,manual,true,https://res.cloudinary.com/n8l3p85c/image/upload/v1788462072/lago/products/lcgty2iro46ebzi6v0z5.jpg,3,RAÍCES DEL SOL BEIGE SUAVE,,
raices-del-sol-beige-suave,,,,,,,,Talla,XL,LG-HOM-000001-XL,167920,209900,,deny,manual,true,,,,,
bikini-palm-verde-oliva,BIKINI PALM VERDE OLIVA,"<p>Un bikini verde oliva inspirado en la serenidad de la costa, con un cruce frontal que define su silueta asimétrica.</p><ul><li>Brasier con cruce frontal y tira amplia sobre un hombro.</li><li>Amarre mediante nudo en la espalda.</li><li>Panty de talle alto con fruncido posterior.</li></ul>",Radaelli Swimwear,Espuma de Ola,,true,active,Talla,S,LG-ESP-000007-S,159920,199900,,deny,manual,true,https://res.cloudinary.com/n8l3p85c/image/upload/v1788559364/lago/products/ehzhhjn8o5w85syqf6g2.jpg,1,BIKINI PALM VERDE OLIVA,Espuma de Ola,VERDE OLIVA
bikini-palm-verde-oliva,,,,,,,,Talla,M,LG-ESP-000007-M,159920,199900,,deny,manual,true,https://res.cloudinary.com/n8l3p85c/image/upload/v1788559363/lago/products/farfwp4e5tmhhnamilxp.jpg,2,BIKINI PALM VERDE OLIVA,,
bikini-palm-verde-oliva,,,,,,,,Talla,L,LG-ESP-000007-L,159920,199900,,deny,manual,true,https://res.cloudinary.com/n8l3p85c/image/upload/v1788559361/lago/products/owm5hgxu2ybdsid0pbii.jpg,3,BIKINI PALM VERDE OLIVA,,
